0,-44,-0.74,-0.04,-0.53,1.39,-10.02,-13.05
1,-36,0.01,-0.14,-1.08,-56.98,-35.23,-71.35
2,-34,-0.08,-0.21,-0.85,-8.53,26.32,-69.66
3,-35,-0.24,-0.24,-0.76,45.39,92.55,-60.50
4,-37,-0.25,-0.18,-0.98,71.37,137.68,-46.80
5,-41,-0.42,0.01,-1.07,86.86,171.10,-30.85
6,-52,-1.10,0.33,-1.30,250.13,224.26,-43.34
7,-58,-1.45,0.28,-1.50,208.46,250.13,-57.13
8,-54,-1.42,0.33,-1.40,159.01,238.84,-54.76
9,-50,-1.39,0.29,-1.26,131.43,204.60,-55.51
10,-48,-1.31,0.23,-1.07,77.62,180.29,-83.71
11,-48,-1.18,0.00,-0.74,30.92,126.75,-82.53
12,-52,-0.96,-0.06,0.15,27.76,-19.75,-31.90
13,-52,-1.19,0.01,0.70,27.69,-91.60,15.11
14,-48,-1.01,0.04,0.24,-13.05,-121.96,20.42
15,-36,-1.47,-0.08,-0.77,-135.18,-227.87,-22.11
16,-34,-1.84,-0.26,-1.09,-132.05,-250.14,-60.43
17,-33,-2.00,-0.27,-1.39,-61.06,-250.14,-52.55
18,-33,-1.89,-0.30,-1.71,-3.92,-250.14,-17.38
19,-34,-1.54,-0.26,-1.55,-34.11,-250.14,17.13
20,-35,-0.68,-0.11,-0.91,-46.15,-250.14,59.15
21,-35,-0.36,-0.03,-0.82,-56.31,-172.78,87.56
22,-34,-0.09,0.01,-0.80,-52.04,-72.54,83.31
23,-33,0.07,0.04,-0.92,-20.28,10.91,72.69
24,-33,-0.02,0.07,-0.99,20.18,86.39,44.05
25,-37,-0.55,0.31,-0.91,78.91,190.47,-54.81
26,-45,-0.94,0.24,-0.94,101.60,226.43,-118.80
27,-52,-1.47,-0.17,-1.04,92.44,250.13,-86.18
28,-56,-1.83,-0.24,-0.84,95.08,250.13,30.37
29,-55,-1.75,-0.19,-0.79,84.35,250.13,54.36
30,-56,-1.85,-0.18,-0.59,91.63,250.13,48.58
31,-57,-1.77,-0.09,-0.37,113.95,211.38,65.85
32,-58,-1.47,0.07,-0.20,130.85,148.47,71.22
33,-56,-1.33,0.10,0.05,116.14,82.26,48.05
34,-51,-1.31,0.14,0.36,66.65,16.05,30.59
35,-42,-1.57,0.23,0.20,-48.76,-113.65,-12.34
36,-37,-1.92,0.11,-0.18,-87.89,-191.18,-20.50
37,-34,-1.97,-0.00,-0.71,-140.69,-244.05,-71.37
38,-34,-1.87,0.06,-1.52,-64.43,-250.14,-118.01
39,-35,-1.02,-0.19,-1.30,-18.24,-250.14,-32.15
40,-36,0.08,-0.06,-1.15,-37.76,-16.45,51.34
41,-35,0.15,-0.08,-1.18,-29.11,55.51,85.43
42,-34,0.24,0.03,-1.14,0.36,99.08,111.98
43,-35,-0.00,0.19,-0.95,24.32,131.45,77.07
44,-38,-0.43,0.18,-0.88,56.45,177.73,67.48
45,-42,-0.78,0.22,-1.00,98.27,222.86,90.32
46,-50,-1.01,0.22,-1.21,110.41,245.59,117.16
47,-59,-1.33,0.46,-1.24,114.64,250.13,61.85
48,-59,-1.76,0.33,-1.27,109.92,248.86,25.05
49,-61,-1.70,0.40,-0.92,86.38,184.72,86.49
50,-61,-1.48,0.12,-0.17,84.21,87.56,60.64
51,-58,-1.26,0.09,0.31,80.70,29.49,57.70
52,-57,-1.36,0.25,0.64,56.04,-42.92,90.27
53,-52,-1.31,0.37,0.20,8.67,-92.02,95.71
54,-41,-1.50,0.50,-0.17,-51.50,-143.66,107.05
55,-34,-1.54,1.04,-1.27,-239.50,-232.73,8.37
56,-34,-1.43,0.98,-1.43,-250.14,-240.37,-81.81
57,-34,-2.00,0.44,-1.65,-241.90,-250.14,-54.64
58,-36,-1.13,0.35,-1.35,-168.76,-238.71,-32.37
59,-36,-0.84,0.13,-0.92,-136.11,-183.55,26.93
60,-36,-0.45,0.08,-0.76,-120.99,-110.36,49.08
61,-36,-0.14,0.15,-0.69,-81.85,-52.50,24.39
62,-36,-0.02,0.04,-0.84,-28.88,-5.31,-1.60
63,-34,-0.03,-0.01,-0.96,8.76,49.70,-15.58
64,-34,-0.09,-0.05,-0.84,44.31,99.56,-7.05
65,-34,-0.20,0.08,-0.77,85.09,144.97,24.64
66,-37,-0.39,0.28,-0.86,132.52,188.59,32.30
67,-42,-0.56,0.44,-1.06,177.36,204.91,36.66
68,-58,-0.86,0.55,-1.20,206.13,208.44,57.53
69,-59,-1.23,0.80,-1.31,250.13,194.52,76.79
70,-54,-1.51,0.89,-1.08,241.56,137.77,54.38
71,-53,-1.42,0.69,-0.87,187.89,89.66,48.92
72,-53,-1.26,0.62,-0.56,128.60,49.42,55.97
73,-56,-0.90,0.58,-0.04,56.01,-15.42,27.44
74,-62,-0.87,0.50,0.01,5.35,-40.40,24.74
75,-54,-0.89,0.62,-0.05,-49.87,-64.40,43.92
76,-48,-0.91,0.76,-0.26,-103.32,-76.74,43.63
77,-41,-1.08,0.92,-0.48,-160.98,-89.31,53.77
78,-37,-1.15,1.14,-0.73,-212.88,-94.93,52.73
79,-34,-0.95,1.39,-1.32,-250.14,-98.82,-11.17
80,-34,-0.92,1.28,-1.53,-250.14,-106.32,-108.44
81,-35,-0.87,0.97,-1.56,-250.14,-123.98,-195.11
82,-36,-0.84,0.54,-1.59,-250.14,-101.61,-243.23
83,-37,-0.71,0.07,-1.40,-198.65,-141.37,-168.92
84,-37,-0.09,-0.12,-1.19,-64.78,-44.54,-47.99
85,-36,0.12,-0.15,-1.10,-19.59,5.39,-22.19
86,-37,-0.07,-0.03,-0.84,73.32,126.12,24.27
87,-37,-0.27,0.14,-0.93,123.81,174.63,40.50
88,-49,-0.82,0.49,-1.18,167.06,190.58,25.47
89,-65,-1.46,0.42,-0.48,170.74,53.68,90.65
90,-60,-1.34,0.43,-0.16,138.21,10.97,103.55
91,-61,-1.11,0.47,0.05,81.61,-2.96,72.17
92,-61,-1.07,0.53,0.07,21.17,-23.05,40.05
93,-42,-1.14,0.56,-0.23,-79.92,-67.94,-48.48
94,-37,-1.52,0.62,-0.65,-153.47,-132.62,-76.10
95,-34,-1.59,0.59,-1.00,-184.46,-162.81,-113.60
96,-34,-1.58,0.47,-1.24,-200.94,-191.95,-137.44
97,-35,-1.03,0.05,-1.08,-110.00,-250.14,-110.79
98,-37,-0.66,-0.12,-0.97,-80.77,-169.52,47.82
99,-37,-0.22,0.02,-0.90,-71.44,-112.40,74.60
100,-36,0.05,0.09,-0.94,-46.97,-61.48,45.32
101,-35,0.08,-0.04,-0.89,-23.36,1.77,23.37
102,-35,-0.08,-0.01,-0.94,94.76,202.23,188.15
103,-40,-0.16,0.25,-1.24,159.91,242.76,238.92
104,-50,-0.37,0.61,-1.77,215.59,220.21,221.51
105,-64,-1.09,1.15,-1.87,246.20,159.37,203.32
106,-56,-0.98,1.36,-1.67,250.13,128.93,163.41
107,-54,-1.19,1.29,-1.38,250.13,90.72,110.27
108,-55,-1.22,0.98,-1.19,250.13,68.44,129.21
109,-55,-0.95,0.90,-0.90,155.35,58.56,125.69
110,-56,-0.76,0.93,-0.09,36.64,-28.07,2.97
111,-63,-0.89,0.71,-0.27,-8.46,-48.02,-15.37
112,-49,-0.69,1.10,-0.76,-154.40,-46.87,-24.76
113,-41,-0.67,1.27,-1.04,-184.97,-49.61,-74.07
114,-37,-0.63,1.31,-1.45,-202.95,-57.72,-137.42
115,-34,-0.68,1.21,-1.71,-222.84,-78.50,-199.26
116,-34,-0.53,1.05,-2.00,-245.69,-111.76,-250.14
117,-35,-0.33,0.75,-2.00,-250.14,-148.15,-250.14
118,-36,-0.02,-0.03,-1.66,-116.86,-167.72,-102.30
119,-36,0.54,-0.32,-1.13,-44.29,-41.58,-85.29
120,-37,0.49,-0.49,-1.01,9.05,14.53,-73.69
121,-50,-0.11,0.11,-1.06,118.23,170.50,0.45
122,-53,-0.67,0.27,-1.20,157.66,172.95,-61.49
123,-53,-1.08,0.04,-1.40,159.60,175.60,-91.44
124,-51,-1.28,-0.08,-1.48,131.84,163.15,-97.10
125,-50,-1.44,-0.22,-1.26,87.46,129.33,-43.03
126,-49,-1.23,-0.18,-0.98,66.50,89.82,-6.49
127,-46,-1.10,-0.18,-0.52,-10.72,-2.98,-40.06
128,-47,-0.95,-0.18,-0.15,-12.24,-53.96,-16.15
129,-49,-1.00,-0.13,0.16,20.48,-85.94,-25.00
130,-48,-1.01,-0.19,-0.03,16.09,-92.11,-28.60
131,-43,-1.09,-0.30,-0.34,-40.65,-111.56,-32.40
132,-39,-1.22,-0.26,-0.48,-78.71,-140.50,-67.84
133,-36,-1.43,-0.29,-0.67,-71.50,-172.30,-96.01
134,-34,-1.47,-0.41,-1.11,-50.33,-208.70,-83.56
135,-33,-1.24,-0.37,-1.57,-16.46,-248.11,-49.06
136,-33,-1.05,-0.40,-1.43,0.75,-250.14,-19.36
137,-33,-0.72,-0.35,-1.47,11.67,-250.14,43.03
138,-34,-0.27,-0.26,-1.44,-7.73,-208.12,88.88
139,-34,0.07,-0.13,-1.28,-36.60,-125.25,54.47
140,-35,0.18,-0.10,-1.01,-20.76,31.55,23.59
141,-37,-0.03,-0.13,-0.98,-3.30,92.33,18.60
142,-39,-0.23,-0.11,-0.97,13.26,142.56,45.10
143,-41,-0.40,0.02,-0.98,39.28,185.81,49.62
144,-48,-1.04,-0.13,-1.29,59.18,228.65,44.26
145,-50,-1.30,-0.14,-1.23,77.28,241.55,84.73
146,-53,-1.37,-0.01,-1.24,69.76,243.78,115.71
147,-55,-1.36,0.09,-1.16,50.29,214.22,101.82
148,-58,-1.39,-0.01,-0.87,27.14,165.94,81.08
149,-58,-1.33,-0.10,-0.60,24.12,112.65,65.96
150,-56,-1.39,-0.16,-0.36,23.49,66.95,55.99
151,-50,-1.33,-0.09,0.01,-13.38,-42.95,11.93
152,-49,-1.38,0.04,-0.24,-28.63,-95.92,-32.19
153,-43,-1.57,0.05,-0.62,-29.72,-160.23,-81.57
154,-33,-1.53,-0.01,-1.69,-20.50,-250.14,-84.75
155,-34,-1.36,-0.13,-1.71,-16.61,-250.14,-54.93
156,-34,-0.98,-0.09,-1.67,-1.25,-250.14,-3.07
157,-35,-0.60,-0.10,-1.50,-26.48,-250.14,64.94
158,-34,0.34,0.08,-1.39,-62.58,-93.60,-23.05
159,-34,0.31,-0.13,-1.17,-31.44,-32.31,-15.69
160,-34,0.16,-0.11,-0.99,-13.63,50.73,34.93
161,-35,0.09,0.09,-0.91,5.01,119.97,63.85
162,-38,-0.30,0.29,-0.89,23.82,178.62,44.57
163,-42,-0.72,0.53,-0.98,58.10,231.15,11.95
164,-46,-1.63,-0.22,-0.98,61.86,250.13,87.12
165,-48,-1.60,-0.11,-0.74,84.84,250.13,179.14
166,-51,-1.48,0.20,-1.04,117.08,250.13,144.82
167,-53,-1.57,0.02,-0.92,106.15,190.95,79.21
168,-52,-1.49,-0.02,-0.21,101.00,92.45,63.16
169,-49,-1.43,0.11,-0.10,64.36,28.11,22.60
170,-48,-1.42,0.14,-0.16,5.08,-27.31,-23.96
171,-52,-1.44,0.07,-0.25,-45.76,-85.20,-67.25
172,-41,-1.59,0.05,-0.38,-77.71,-139.92,-94.32
173,-36,-1.66,0.10,-0.75,-86.85,-201.92,-120.05
174,-34,-1.75,0.19,-1.19,-99.69,-250.14,-122.31
175,-32,-1.55,0.26,-1.70,-82.30,-250.14,-132.81
176,-33,-1.36,0.08,-1.68,-24.60,-250.14,-117.58
177,-34,-1.07,-0.01,-1.79,-10.72,-250.14,-23.20
178,-34,-0.05,0.12,-1.30,-77.18,-165.26,-5.83
179,-34,0.23,0.04,-1.22,-55.40,-85.05,-55.59
180,-33,0.26,-0.19,-1.26,-34.68,-22.51,-44.63
181,-34,0.19,-0.17,-1.08,-20.79,49.36,15.17
182,-35,0.13,-0.00,-0.92,0.55,114.67,53.95
183,-52,-0.83,0.11,-1.15,65.60,231.11,70.56
184,-49,-1.28,0.03,-1.25,76.99,244.02,104.79
185,-49,-1.53,0.11,-1.24,102.31,244.80,140.86
186,-52,-1.59,0.18,-1.30,106.66,216.14,118.76
187,-56,-1.65,0.14,-1.01,103.16,165.95,114.76
188,-58,-1.56,0.03,-0.76,83.07,124.55,86.37
189,-58,-1.37,0.00,-0.42,64.77,83.01,67.67
190,-54,-1.36,0.12,0.03,55.80,47.40,29.91
191,-50,-1.38,0.11,0.09,25.32,9.05,12.72
192,-49,-1.31,0.16,-0.25,-21.84,-49.83,3.35
193,-53,-1.25,0.24,-0.24,-69.15,-102.85,-14.30
194,-36,-1.41,0.45,-0.72,-132.13,-186.12,-22.10
195,-32,-1.66,0.53,-0.96,-165.77,-227.72,-40.38
196,-32,-1.60,0.62,-1.30,-189.54,-250.14,-28.54
197,-33,-1.37,0.54,-1.49,-192.53,-250.14,-23.95
198,-34,-1.10,0.43,-1.27,-149.34,-250.14,-40.18
199,-35,-0.33,0.07,-1.30,-94.43,-149.42,38.73
200,-34,-0.13,-0.03,-1.12,-80.94,-56.59,31.27
201,-34,0.11,0.06,-1.11,21.92,61.92,14.54
202,-34,-0.06,0.07,-1.05,64.44,110.96,18.48
203,-46,-0.45,0.39,-0.98,131.65,190.48,41.87
204,-49,-0.71,0.54,-1.05,164.26,214.71,46.80
205,-46,-1.09,0.59,-1.29,172.79,228.80,-6.69
206,-46,-1.31,0.62,-1.18,148.61,235.85,-48.36
207,-46,-1.64,0.41,-1.17,116.12,225.58,-93.82
208,-47,-1.73,0.11,-0.89,98.78,179.30,-38.92
209,-46,-1.71,0.10,-0.65,81.49,126.56,33.24
210,-46,-1.44,0.22,-0.37,52.39,59.95,45.21
211,-46,-1.28,0.17,0.14,33.46,-10.61,33.82
212,-46,-1.24,0.12,0.21,15.66,-63.22,34.66
213,-46,-1.20,0.15,-0.05,-21.69,-116.69,41.65
214,-40,-1.32,0.29,-0.22,-69.46,-162.87,33.53
215,-34,-1.56,0.44,-0.40,-98.09,-197.03,16.13
216,-32,-1.73,0.59,-0.80,-121.63,-242.66,0.05
217,-31,-1.80,0.59,-1.17,-153.21,-250.14,-13.27
218,-32,-1.64,0.42,-1.29,-173.92,-250.14,-20.79
219,-34,-1.02,0.17,-1.02,-106.58,-249.95,-20.65
220,-34,-0.69,0.01,-0.98,-82.99,-186.60,24.47
221,-34,0.05,-0.06,-1.20,-42.98,-30.05,32.37
222,-33,0.14,0.02,-1.19,11.60,37.37,27.96
223,-33,0.00,0.05,-1.06,51.05,101.08,24.86
224,-35,-0.27,0.24,-0.97,100.69,158.30,17.53
225,-38,-0.54,0.38,-0.91,154.42,195.73,-0.22
226,-45,-1.05,0.44,-0.98,177.23,215.33,-28.13
227,-47,-1.47,0.44,-1.00,181.12,242.18,3.95
228,-47,-1.59,0.52,-1.02,202.28,241.11,34.01
229,-48,-1.67,0.58,-1.04,196.21,209.53,49.45
230,-52,-1.70,0.53,-0.81,171.18,163.47,49.34
231,-54,-1.53,0.44,-0.51,152.12,117.95,79.83
232,-53,-1.19,0.50,-0.21,121.44,73.98,95.87
233,-51,-1.06,0.54,0.17,100.02,34.29,64.60
234,-49,-0.83,0.44,0.15,68.80,13.45,27.24
235,-49,-0.93,0.38,0.11,-2.34,-13.22,9.99
236,-47,-1.08,0.44,0.07,-68.92,-45.63,3.66
237,-35,-1.68,0.72,-0.43,-111.90,-122.90,-14.18
238,-34,-1.81,0.91,-1.09,-124.50,-172.24,-23.56
239,-32,-1.66,0.82,-1.39,-168.93,-210.15,-59.08
240,-34,-1.40,0.49,-1.28,-202.79,-249.79,-93.09
241,-34,-1.16,0.33,-1.28,-148.87,-238.29,-70.44
242,-35,-0.82,0.22,-1.16,-128.37,-200.50,-44.54
243,-34,-0.08,-0.06,-1.08,-72.96,-92.23,-39.71
244,-34,0.06,-0.19,-1.10,-60.95,-37.69,-32.99
245,-34,0.10,-0.23,-0.97,-33.88,32.81,-4.59
246,-34,0.10,-0.13,-0.88,-0.18,101.02,7.08
247,-37,-0.42,0.03,-0.92,2.02,220.54,-19.60
248,-40,-0.78,0.25,-1.00,26.76,250.13,-60.08
249,-46,-1.04,0.25,-1.09,109.50,250.13,-75.15
250,-47,-1.78,-0.32,-1.25,112.05,250.13,-47.05
251,-45,-1.65,0.07,-0.89,53.81,215.01,103.60
252,-46,-1.46,0.07,-0.76,85.82,157.95,88.75
253,-47,-1.26,-0.11,-0.19,35.51,70.96,75.82
254,-50,-1.19,-0.03,0.09,27.29,-20.09,32.89
255,-51,-1.25,0.04,-0.03,-4.40,-74.10,12.62
256,-41,-1.37,0.11,-0.19,-45.05,-116.70,-12.70
257,-36,-1.58,0.19,-0.45,-73.11,-150.73,-24.47
258,-32,-1.76,0.27,-1.28,-98.39,-232.81,-67.08
259,-33,-1.67,0.05,-1.41,-138.61,-250.14,-74.05
260,-34,-1.47,0.07,-1.23,-114.74,-250.14,-87.68
261,-37,-1.23,0.02,-1.24,-59.23,-250.14,-61.63
262,-38,-0.90,0.04,-1.14,-32.43,-250.14,-21.59
263,-40,-0.28,-0.09,-0.99,-22.29,-162.42,24.29
264,-39,-0.09,-0.20,-0.92,-18.22,-92.41,54.15
265,-37,0.08,-0.26,-0.87,-20.40,-18.65,62.71
266,-33,-0.13,0.28,-0.79,62.98,201.97,4.47
267,-36,-0.40,0.35,-0.94,86.97,226.40,-58.69
268,-39,-0.59,0.38,-1.09,82.45,233.66,-163.16
269,-42,-1.38,-0.05,-1.19,31.00,250.13,-212.14
270,-44,-2.00,-0.85,-1.16,-30.16,250.13,-37.80
271,-46,-1.61,0.06,-0.94,59.84,209.42,138.10
272,-46,-1.59,-0.06,-0.82,71.56,159.53,109.94
273,-46,-1.43,-0.18,-0.56,30.62,110.15,99.11
274,-45,-1.24,-0.17,-0.26,6.11,68.60,85.43
275,-45,-1.19,-0.16,0.02,9.91,17.50,55.70
276,-48,-1.23,-0.14,0.16,18.73,-28.96,19.22
277,-44,-1.40,-0.11,0.05,2.41,-83.43,2.26
278,-40,-1.57,0.05,-0.18,-24.56,-136.75,-18.95
279,-33,-2.00,0.41,-1.12,-40.21,-250.14,-55.28
280,-34,-1.79,0.37,-1.50,-78.11,-250.14,-108.85
281,-36,-1.57,0.16,-1.45,-118.39,-250.14,-129.15
282,-39,-1.42,0.14,-1.15,-65.50,-250.14,-108.90
283,-41,-1.05,0.09,-1.25,-38.27,-250.14,-48.49
284,-45,-0.61,0.09,-1.18,-45.89,-250.14,-12.61
285,-46,-0.25,-0.01,-1.06,-47.17,-185.65,-4.82
286,-42,0.06,-0.17,-0.79,-34.90,-25.17,10.23
287,-38,0.04,-0.15,-0.73,-26.82,48.37,28.08
288,-34,-0.00,-0.05,-0.73,-15.60,116.92,33.85
289,-34,-0.18,0.03,-0.76,0.31,181.71,34.66
290,-35,-0.48,0.10,-0.80,22.45,235.16,39.49
291,-43,-1.29,0.15,-1.28,84.54,250.13,90.93
292,-46,-1.61,0.19,-1.25,95.92,250.13,149.31
293,-49,-1.73,0.26,-1.18,122.62,250.13,188.83
294,-50,-1.73,0.43,-1.02,152.15,223.55,205.11
295,-52,-1.59,0.53,-0.99,174.73,182.13,176.39
296,-54,-1.43,0.36,-0.83,133.22,132.26,113.23
297,-55,-1.35,0.23,-0.32,104.21,90.10,86.59
298,-53,-1.22,0.07,0.01,100.63,55.44,61.02
299,-50,-1.19,0.03,0.06,78.29,27.50,56.95
300,-50,-1.23,0.23,0.03,36.71,-7.04,33.01
301,-52,-1.40,0.41,-0.05,3.52,-59.19,7.57
302,-44,-1.37,0.47,-0.39,-56.57,-99.70,-25.75
303,-38,-1.48,0.56,-0.61,-124.92,-149.89,-56.87
304,-34,-1.46,0.62,-0.78,-161.09,-202.94,-105.20
305,-33,-1.63,0.66,-0.97,-161.69,-241.09,-152.34
306,-33,-1.73,0.54,-1.33,-152.53,-248.40,-153.65
307,-34,-1.64,0.32,-1.78,-127.82,-250.14,-84.14
308,-35,-0.68,0.00,-1.40,-106.31,-239.71,43.87
309,-35,-0.54,0.04,-1.20,-70.84,-181.65,108.97
310,-34,-0.03,0.07,-1.29,-64.87,-84.82,112.41
311,-34,0.19,0.09,-1.18,-53.67,-16.97,34.14
312,-34,0.06,0.02,-0.81,30.96,97.89,22.50
313,-34,-0.20,0.07,-0.70,63.76,149.92,16.80
314,-38,-0.44,0.24,-0.71,109.56,201.69,32.98
315,-42,-0.63,0.37,-1.03,161.89,226.26,42.50
316,-51,-1.10,0.32,-1.29,184.85,219.27,98.89
317,-58,-1.37,0.38,-1.34,202.47,227.17,160.42
318,-59,-1.35,0.70,-1.38,206.88,191.40,164.23
319,-56,-1.27,0.84,-1.14,202.63,128.61,153.32
320,-58,-1.22,0.75,-0.87,175.37,88.93,143.62
321,-63,-1.04,0.72,-0.59,133.47,60.30,109.02
322,-71,-1.00,0.73,-0.22,133.46,6.86,64.90
323,-54,-1.10,0.70,-0.03,118.50,-12.61,44.50
324,-42,-1.08,0.87,-0.23,-47.79,-40.05,-2.82
325,-40,-1.27,0.94,-0.43,-126.67,-53.96,-35.25
326,-37,-1.27,1.08,-0.74,-162.86,-80.66,-68.61
327,-34,-1.14,1.04,-1.57,-232.79,-151.14,-200.83
328,-34,-1.11,0.80,-1.72,-250.14,-171.65,-238.98
329,-34,-0.56,0.34,-1.54,-123.74,-237.14,-115.43
330,-34,-0.29,0.09,-1.58,-143.73,-180.53,-47.92
331,-33,0.48,-0.29,-1.05,-35.37,7.98,-53.49
332,-35,0.31,-0.34,-0.95,7.29,78.85,1.35
333,-38,0.18,-0.23,-0.86,32.13,159.32,68.13
334,-41,0.02,-0.01,-0.92,76.47,233.70,95.21
335,-46,-0.27,0.22,-1.21,124.82,250.13,70.94
336,-48,-0.68,0.42,-1.76,151.13,250.13,44.22
337,-48,-1.21,0.30,-2.00,123.35,250.13,26.36
338,-49,-1.37,0.42,-1.57,59.92,229.21,43.56
339,-50,-1.28,0.20,-1.23,16.76,169.46,-12.79
340,-51,-1.24,0.07,-0.73,6.55,100.87,-16.12
341,-52,-1.37,-0.29,-0.21,41.73,-30.22,15.37
342,-48,-1.38,-0.16,-0.22,11.04,-79.69,29.02
343,-34,-1.50,0.34,-1.36,-64.98,-244.83,-8.86
344,-32,-1.37,0.51,-1.92,-80.78,-250.14,-1.00
345,-33,-1.11,0.55,-1.95,-95.15,-250.14,-17.15
346,-34,-0.97,0.30,-1.83,-115.06,-250.14,14.66
347,-36,-0.53,0.18,-1.76,-117.78,-250.14,78.00
348,-36,-0.07,0.19,-1.47,-112.66,-222.90,77.89
349,-35,0.23,0.04,-1.10,-117.07,-103.06,-14.49
350,-34,0.39,-0.13,-1.01,-75.40,-13.05,-78.05
351,-34,0.37,-0.31,-1.02,-7.23,58.49,-65.50
352,-35,0.14,-0.31,-0.91,33.65,144.18,15.51
353,-39,0.11,-0.08,-0.88,64.43,217.63,96.60
354,-45,-0.08,0.24,-1.07,120.45,250.13,115.55
355,-55,-0.35,0.50,-1.55,160.21,250.13,89.17
356,-60,-0.77,0.50,-1.92,151.66,250.13,95.75
357,-55,-1.12,0.56,-1.92,144.84,220.05,156.69
358,-55,-1.09,0.72,-1.80,176.05,168.85,194.24
359,-55,-1.22,0.79,-1.49,164.87,116.91,157.18
360,-56,-1.24,0.78,-1.02,146.17,75.63,120.23
361,-57,-1.19,0.71,-0.78,121.53,36.07,64.81
362,-52,-1.12,0.48,-0.16,24.45,-35.89,-24.63
363,-55,-1.04,0.43,-0.18,-11.18,-68.66,-30.79
364,-45,-1.08,0.57,-0.68,-124.39,-126.38,-66.25
365,-34,-1.27,0.78,-1.38,-158.31,-173.20,-69.82
366,-33,-1.19,0.82,-1.74,-190.60,-206.34,-80.85
367,-34,-1.07,0.69,-1.90,-191.16,-239.88,-100.19
368,-36,-0.91,0.45,-1.85,-159.73,-250.14,-82.38
369,-37,-0.67,0.16,-1.64,-141.15,-250.14,-8.53
370,-37,-0.23,0.09,-1.35,-138.63,-194.45,45.56
371,-34,0.26,-0.11,-0.92,-62.31,-57.37,-51.44
372,-33,0.27,-0.31,-0.81,-20.45,2.90,-76.02
373,-33,0.11,-0.33,-0.64,15.11,70.94,-52.24
374,-36,-0.09,-0.23,-0.58,51.02,142.41,19.51
375,-40,-0.14,-0.07,-0.65,91.27,195.79,56.72
376,-45,-0.41,0.15,-0.86,142.57,225.85,51.70
377,-50,-0.69,0.34,-1.32,167.77,241.56,32.96
378,-53,-1.08,0.33,-1.44,139.09,238.05,22.64
379,-50,-1.36,0.40,-1.34,123.48,222.66,38.42
380,-49,-1.40,0.46,-1.35,113.22,174.11,35.43
381,-49,-1.42,0.42,-1.19,83.28,108.41,22.12
382,-52,-1.41,0.37,-0.87,57.55,50.27,15.20
383,-53,-1.34,0.31,-0.53,51.63,-1.41,15.12
384,-52,-1.24,0.27,-0.38,31.16,-51.49,22.01
385,-45,-1.13,0.25,-0.56,-20.63,-83.25,11.97
386,-40,-1.04,0.25,-0.70,-58.17,-112.51,8.65
387,-34,-0.97,0.32,-0.98,-81.95,-149.01,-35.53
388,-35,-0.86,0.09,-1.00,-95.35,-178.27,-56.08
389,-35,-0.47,0.01,-0.66,-46.34,-112.33,-19.62
390,-36,-0.30,-0.01,-0.67,-15.98,-43.24,-51.73
391,-35,-0.32,-0.10,-0.63,-6.18,35.72,-51.56
392,-37,-0.55,-0.18,-0.67,30.53,118.07,-37.05
393,-38,-0.69,-0.23,-0.65,43.83,139.50,-22.73
394,-38,-0.82,-0.23,-0.73,53.69,154.89,-8.35
395,-38,-0.95,-0.16,-0.83,56.69,159.15,-1.59
396,-40,-1.01,-0.15,-0.90,62.99,144.72,-7.47
397,-41,-1.15,-0.12,-0.85,55.35,118.91,-19.65
398,-42,-1.15,-0.15,-0.74,53.91,79.47,-21.55
399,-42,-1.23,-0.20,-0.53,41.63,43.90,-7.08
400,-42,-1.32,-0.14,-0.17,42.37,16.21,26.11
401,-42,-1.33,-0.02,-0.06,37.57,-28.47,47.47
402,-43,-1.35,-0.03,-0.43,1.50,-65.26,32.92
403,-45,-1.44,-0.10,-0.63,-28.93,-111.70,-18.85
404,-40,-1.49,-0.26,-0.74,-46.88,-146.79,-49.91
405,-36,-1.46,-0.38,-0.89,-52.89,-173.06,-57.21
406,-35,-1.33,-0.44,-1.09,-44.23,-194.12,-42.64
407,-33,-1.04,-0.37,-1.04,-35.79,-206.18,-19.60
408,-33,-0.77,-0.30,-0.87,-28.58,-201.38,0.89
409,-34,-0.52,-0.21,-0.80,-20.53,-172.75,21.41
410,-34,-0.26,-0.17,-0.75,-18.69,-128.85,40.13
411,-35,-0.06,-0.12,-0.74,-20.66,-78.93,26.91
412,-34,0.01,-0.17,-0.70,-18.12,-28.87,2.06
413,-35,0.03,-0.21,-0.67,-16.91,13.97,-8.02
414,-37,-0.09,-0.23,-0.61,-12.98,59.25,-5.50
415,-38,-0.21,-0.25,-0.61,1.69,108.98,15.45
416,-47,-0.41,-0.19,-0.77,29.78,188.71,35.79
417,-49,-0.57,-0.21,-0.93,51.84,212.14,49.31
418,-48,-0.98,-0.18,-1.30,60.37,215.73,37.34
419,-48,-1.29,-0.24,-1.31,50.22,197.06,34.53
420,-47,-1.42,-0.16,-1.07,30.69,105.09,19.05
421,-46,-1.41,-0.13,-0.62,31.65,46.66,14.10
422,-42,-1.48,-0.08,-0.15,40.46,-8.21,23.68
423,-38,-1.51,-0.09,-0.55,-18.79,-115.68,52.31
424,-39,-1.59,-0.00,-0.83,-28.98,-158.56,23.08
425,-38,-1.67,-0.11,-1.14,-46.81,-197.32,-22.18
426,-38,-1.59,-0.14,-1.28,-60.67,-235.02,-43.83
427,-35,-1.40,-0.11,-1.29,-48.37,-250.14,-46.37
428,-34,-1.06,-0.11,-1.17,-47.62,-250.14,-2.15
429,-34,-0.68,-0.01,-1.01,-55.78,-236.62,60.20
430,-34,-0.20,0.09,-0.83,-59.20,-195.39,73.44
431,-34,0.10,0.08,-0.68,-53.02,-139.63,13.19
432,-33,0.21,-0.10,-0.61,-44.76,-78.39,-54.86
433,-33,0.26,-0.29,-0.70,-19.22,-22.53,-77.29
434,-34,0.12,-0.40,-0.74,-10.16,38.08,-56.42
435,-38,-0.13,-0.02,-0.93,26.12,207.63,54.28
436,-39,-0.40,0.03,-1.03,60.31,233.19,44.44
437,-39,-0.75,-0.00,-1.27,74.53,250.13,37.98
438,-38,-0.99,-0.02,-1.38,61.03,250.13,50.25
439,-38,-1.38,0.02,-1.51,42.35,250.13,34.35
440,-37,-1.45,-0.02,-1.37,12.34,200.53,45.72
441,-36,-1.52,0.05,-1.05,0.70,136.00,11.88
442,-35,-1.64,-0.11,-0.85,7.73,59.50,-30.12
443,-34,-1.75,-0.35,-0.72,5.08,-22.83,-34.31
444,-34,-1.80,-0.38,-0.65,5.07,-96.68,-29.40
445,-38,-1.77,-0.28,-0.88,9.15,-155.53,-24.66
446,-39,-1.59,-0.10,-1.24,11.21,-213.13,-15.77
447,-37,-0.85,0.23,-1.58,9.63,-250.14,-36.63
448,-36,-0.55,0.10,-1.51,-0.08,-250.14,-27.86
449,-37,-0.24,-0.00,-1.33,-11.85,-250.14,10.43
450,-37,-0.01,0.02,-1.15,-19.95,-210.20,-24.97
451,-37,0.11,-0.08,-1.01,-8.63,-135.34,-64.66
452,-37,0.20,-0.27,-1.04,3.24,-62.64,-63.83
453,-40,0.18,-0.35,-0.98,-20.50,9.59,-37.59
454,-41,0.16,-0.24,-0.91,-26.18,83.39,3.33
455,-35,-0.00,-0.09,-1.08,-41.87,228.76,10.50
456,-33,-0.13,0.01,-1.26,-49.18,250.13,12.56
457,-33,-0.28,0.05,-1.43,-55.06,250.13,-1.24
458,-35,-0.59,-0.07,-1.61,-55.63,250.13,10.70
459,-36,-0.86,-0.18,-1.85,-58.54,250.13,19.87
460,-37,-1.17,-0.18,-1.81,-48.91,250.13,32.85
461,-38,-1.08,-0.32,-1.77,-19.47,204.17,50.87
462,-39,-1.18,-0.32,-1.53,-23.94,127.27,37.81
463,-39,-1.19,-0.34,-1.30,-6.18,43.79,21.96
464,-39,-1.16,-0.51,-1.17,-10.54,-34.50,10.66
465,-32,-1.13,-0.38,-0.68,4.15,-135.52,-10.01
466,-32,-1.17,-0.22,-0.83,41.22,-157.58,0.71
467,-34,-1.04,-0.01,-1.19,33.65,-198.86,-12.08
468,-42,-0.92,0.05,-1.46,0.21,-250.14,-65.23
469,-40,-0.90,-0.05,-1.48,34.47,-250.14,-51.54
470,-39,-0.79,-0.17,-1.42,21.18,-250.14,97.73
471,-36,-0.42,-0.12,-1.18,-2.14,-215.89,195.01
472,-36,-0.16,0.12,-1.24,4.96,-135.13,170.63
473,-35,-0.06,0.08,-1.24,1.08,-64.92,101.73
474,-34,-0.17,0.07,-1.00,-3.85,3.92,69.98
475,-31,-0.26,0.27,-0.81,29.86,66.95,53.89
476,-31,-0.35,0.38,-0.74,59.92,103.10,1.16
477,-32,-0.64,0.39,-0.56,82.08,127.61,-8.67
478,-34,-0.81,0.42,-0.35,120.34,154.80,8.05
479,-36,-1.07,0.53,-0.42,152.73,178.27,-31.89
480,-41,-1.30,0.42,-0.31,169.46,196.71,10.08
481,-45,-1.38,0.35,-0.43,168.36,197.35,28.34
482,-46,-1.39,0.46,-0.46,144.78,167.23,50.40
483,-44,-1.42,0.41,-0.42,121.60,127.50,50.29
484,-40,-1.50,0.40,-0.11,81.97,89.13,55.80
485,-36,-1.54,0.56,0.24,89.51,5.13,59.19
486,-34,-1.46,0.58,0.04,60.51,-35.63,61.15
487,-32,-1.37,0.63,-0.27,-30.18,-74.38,60.34
488,-32,-1.03,0.99,-0.46,-173.30,-114.91,47.47
489,-35,-0.89,1.08,-0.79,-198.63,-122.48,34.57
490,-37,-0.77,1.09,-1.10,-229.72,-123.98,-3.13
491,-38,-0.74,0.90,-1.18,-250.14,-116.76,-50.63
492,-39,-0.98,0.63,-1.21,-238.27,-140.34,-30.52
493,-40,-0.57,0.46,-1.11,-165.73,-94.14,-73.99
494,-39,-0.45,0.21,-1.04,-111.36,-47.11,-93.89
495,-37,-0.26,0.01,-1.04,-76.20,5.40,-116.56
496,-34,-0.15,-0.15,-1.07,16.55,76.39,-103.37
497,-32,-0.28,-0.13,-0.86,59.73,95.05,-85.17
498,-32,-0.45,-0.10,-0.84,108.84,123.50,-43.28
499,-32,-0.56,0.05,-0.95,140.98,144.43,-22.79
500,-33,-0.71,0.11,-1.00,176.76,141.08,-14.92
501,-35,-0.96,0.26,-1.08,194.62,148.02,-23.81
502,-44,-1.63,0.12,-0.88,151.23,180.24,-98.02
503,-48,-1.34,0.03,-0.64,44.89,156.05,39.78
504,-48,-1.23,0.02,-0.38,-0.36,119.44,2.51
505,-44,-1.21,-0.10,-0.28,-52.29,78.19,-4.79
506,-39,-1.27,-0.16,0.01,-61.60,20.73,-19.21
507,-35,-1.29,-0.23,0.10,-30.72,-38.70,-22.44
508,-33,-1.34,-0.20,-0.06,-32.08,-94.60,-11.00
509,-31,-1.46,-0.05,-0.32,-52.18,-148.05,-15.10
510,-33,-1.54,0.11,-0.67,-62.32,-204.85,-25.71
511,-34,-1.51,0.12,-0.92,-78.13,-250.14,-35.24
512,-35,-1.50,0.11,-1.09,-82.40,-250.14,-11.97
513,-40,-1.12,0.02,-1.22,-66.49,-250.14,57.01
514,-41,-0.87,-0.04,-1.19,-67.13,-233.29,83.26
515,-42,-0.59,0.00,-1.02,-74.89,-162.24,73.14
516,-40,-0.40,-0.01,-0.96,-72.28,-93.99,38.85
517,-37,-0.28,-0.05,-0.94,-56.70,-32.05,11.88
518,-31,-0.35,-0.06,-0.96,-0.40,80.71,19.92
519,-31,-0.45,0.07,-0.84,43.37,130.08,44.69
520,-31,-0.65,0.15,-0.78,87.84,167.69,52.47
521,-33,-0.84,0.18,-0.80,142.41,186.19,73.63
522,-37,-1.11,0.26,-0.88,187.65,191.77,104.47
523,-39,-1.23,0.41,-0.83,223.56,190.38,113.57
524,-40,-1.35,0.48,-0.78,250.13,183.74,108.27
525,-41,-1.41,0.62,-0.75,250.13,176.15,72.91
526,-41,-1.45,0.43,-0.68,224.29,136.52,20.76
527,-45,-1.38,0.36,-0.30,91.69,59.44,-54.06
528,-40,-1.20,0.23,-0.03,-8.54,-28.41,-78.13
529,-31,-1.28,0.35,-0.13,-62.11,-114.84,-69.59
530,-31,-1.38,0.40,-0.45,-107.20,-162.47,-70.10
531,-32,-1.32,0.39,-0.74,-146.83,-212.47,-96.46
532,-34,-1.32,0.29,-0.83,-149.74,-250.14,-96.73
533,-35,-1.38,0.13,-1.08,-121.34,-250.14,-64.46
534,-36,-1.19,-0.02,-1.43,-70.74,-250.14,4.31
535,-36,-0.95,-0.12,-1.52,-57.26,-240.71,73.82
536,-35,-0.75,-0.07,-1.45,-64.02,-179.92,134.37
537,-34,-0.49,-0.04,-1.44,-45.47,-120.73,142.35
538,-33,-0.28,-0.08,-1.22,-31.31,-59.05,118.89
539,-30,-0.36,0.04,-0.77,11.55,79.14,29.37
540,-32,-0.45,0.18,-0.68,51.03,137.08,-3.32
541,-34,-0.55,0.23,-0.70,86.49,174.71,-19.70
542,-35,-0.72,0.32,-0.70,124.89,198.72,-49.36
543,-38,-0.92,0.16,-0.73,157.13,215.76,-69.66
544,-40,-1.15,-0.00,-0.77,160.79,216.56,-11.41
545,-41,-1.57,0.16,-0.75,168.42,233.92,31.97
546,-42,-1.50,0.07,-0.76,154.13,191.44,40.42
547,-39,-1.57,0.15,-0.28,98.76,74.74,41.95
548,-37,-1.46,0.19,0.01,69.27,0.78,43.99
549,-35,-1.34,0.30,0.08,22.46,-53.45,38.22
550,-32,-1.28,0.36,-0.01,-39.43,-101.67,21.23
551,-31,-1.28,0.48,-0.18,-98.56,-146.99,5.19
552,-31,-1.35,0.56,-0.45,-141.80,-180.77,-29.42
553,-34,-1.38,0.52,-0.76,-178.81,-210.04,-69.67
554,-36,-1.28,0.45,-0.91,-198.92,-228.43,-115.78
555,-37,-1.42,0.27,-1.02,-194.31,-217.95,-170.35
556,-38,-1.28,-0.01,-1.32,-126.56,-240.24,-112.54
557,-38,-0.95,-0.18,-1.28,-69.56,-206.45,-24.33
558,-35,-0.27,0.05,-1.32,-67.58,-73.60,36.63
559,-33,-0.17,-0.07,-1.15,-44.50,-34.96,39.11
560,-31,-0.12,-0.08,-1.01,-6.43,16.53,61.50
561,-30,-0.12,0.01,-0.87,19.65,73.76,69.23
562,-31,-0.21,0.16,-0.74,54.56,125.67,62.91
563,-34,-0.42,0.24,-0.64,109.30,163.05,53.73
564,-35,-0.60,0.27,-0.70,163.94,189.73,55.22
565,-40,-1.03,0.27,-0.89,192.27,195.02,79.24
566,-42,-1.40,0.48,-1.07,208.61,197.73,124.02
567,-44,-1.48,0.51,-1.04,223.76,172.82,136.73
568,-46,-1.51,0.62,-0.79,226.21,153.38,111.05
569,-44,-1.49,0.21,-0.44,169.53,71.59,19.27
570,-42,-1.35,0.19,-0.17,105.57,32.14,13.53
571,-36,-1.24,0.25,-0.16,-50.69,-98.02,-63.24
572,-32,-1.26,0.29,-0.24,-93.95,-130.30,-70.07
573,-30,-1.29,0.40,-0.41,-123.62,-156.50,-77.14
574,-31,-1.33,0.46,-0.61,-156.15,-179.63,-88.51
575,-36,-1.34,0.51,-1.00,-179.33,-236.60,-129.59
576,-37,-1.27,0.24,-1.28,-158.79,-250.14,-107.07
577,-39,-1.11,-0.01,-1.28,-124.27,-234.57,-62.19
578,-39,-0.45,-0.25,-1.26,-71.35,-140.66,11.02
579,-38,-0.35,-0.34,-1.25,-33.77,-73.97,29.54
580,-34,-0.24,-0.43,-1.29,-2.95,-10.24,46.85
581,-31,-0.33,-0.05,-1.05,46.57,75.60,64.52
582,-31,-0.44,0.14,-0.92,87.63,110.90,50.59
583,-34,-0.65,0.16,-0.79,110.20,134.21,18.13
584,-37,-0.96,0.20,-0.65,134.11,168.70,33.15
585,-39,-1.25,0.18,-0.56,161.93,199.44,33.22
586,-42,-1.60,0.18,-0.30,152.64,195.51,60.96
587,-44,-1.63,0.12,-0.45,153.86,150.62,35.18
588,-45,-1.60,0.01,-0.38,98.46,90.35,33.34
589,-42,-1.29,0.11,0.11,42.92,-11.32,7.31
590,-37,-1.22,0.16,0.13,9.01,-51.44,-10.50
591,-33,-1.17,0.21,0.15,-28.58,-84.24,-9.29
592,-31,-1.25,0.29,0.06,-61.53,-106.11,-3.51
593,-30,-1.31,0.37,-0.18,-101.02,-136.40,-17.08
594,-32,-1.28,0.35,-0.34,-143.30,-155.39,-52.03
595,-35,-1.28,0.30,-0.46,-174.56,-164.88,-81.73
596,-37,-1.15,0.29,-0.67,-179.10,-173.40,-117.39
597,-37,-1.05,-0.02,-0.71,-154.89,-186.66,-123.32
598,-38,-1.07,-0.19,-0.89,-100.19,-161.28,-91.09
599,-39,-0.94,-0.23,-1.25,-51.41,-117.67,-43.00
600,-39,-0.65,-0.28,-1.40,-21.77,-86.89,4.44
601,-38,-0.56,-0.19,-1.41,-12.97,-60.01,49.18
602,-36,-0.38,-0.13,-1.44,-0.21,-35.67,69.05
603,-34,-0.28,-0.17,-1.25,1.46,-6.44,91.51
604,-33,-0.32,-0.08,-1.01,5.05,39.80,94.38
605,-32,-0.43,0.08,-0.86,30.69,92.76,69.06
606,-34,-0.53,0.17,-0.81,63.86,132.06,48.82
607,-38,-0.74,0.16,-0.78,88.34,150.11,8.62
608,-39,-1.04,0.13,-0.72,110.88,183.34,22.90
609,-42,-1.45,0.01,-0.66,137.93,220.42,194.11
610,-44,-1.48,0.52,-0.50,208.21,144.18,36.24
611,-44,-1.58,0.24,-0.24,138.87,94.60,16.99
612,-43,-1.46,0.27,-0.14,81.13,52.51,25.27
613,-41,-1.25,0.33,-0.13,35.14,-1.21,-2.54
614,-38,-1.20,0.35,-0.05,-31.19,-43.31,-20.80
615,-35,-1.16,0.40,-0.03,-77.57,-79.76,-32.91
616,-32,-1.36,0.58,-0.51,-170.04,-163.43,-37.84
617,-32,-1.45,0.61,-0.81,-207.64,-210.89,-65.95
618,-34,-1.62,0.56,-1.00,-227.28,-250.14,-44.69
619,-36,-1.54,0.56,-1.08,-224.69,-250.14,-2.82
620,-39,-1.29,0.54,-1.12,-199.80,-250.14,-2.14
621,-42,-1.02,0.26,-1.19,-161.16,-250.06,-0.78
622,-42,-0.73,0.06,-1.27,-128.24,-196.66,27.59
623,-39,-0.50,-0.04,-1.15,-100.91,-112.47,53.34
624,-35,-0.28,0.00,-1.01,-58.74,-29.79,58.96
625,-32,-0.15,0.02,-1.03,-16.47,37.93,32.93
626,-30,-0.22,0.05,-0.92,29.02,88.27,15.34
627,-32,-0.55,0.31,-0.93,148.17,149.63,23.52
628,-37,-0.93,0.48,-0.83,193.17,168.13,43.62
629,-43,-1.18,0.56,-0.77,247.63,192.73,69.92
630,-50,-1.49,0.87,-0.88,250.13,180.53,133.50
631,-51,-1.37,1.01,-0.71,250.13,140.81,107.85
632,-49,-1.23,0.76,-0.21,149.69,54.82,25.02
633,-47,-1.08,0.61,0.07,117.12,13.04,13.42
634,-44,-1.01,0.57,0.16,62.70,-21.23,12.74
635,-40,-1.07,0.72,0.29,34.01,-61.78,19.77
636,-36,-1.05,0.81,0.09,-26.24,-84.45,30.07
637,-34,-1.15,0.86,-0.41,-141.79,-107.32,46.38
638,-32,-1.21,0.95,-0.61,-243.21,-130.44,32.95
639,-32,-1.34,0.97,-0.83,-250.14,-162.46,-48.40
640,-34,-1.33,0.87,-1.04,-250.14,-176.27,-76.11
641,-36,-1.33,0.64,-1.12,-250.14,-169.19,-104.51
642,-37,-0.65,0.10,-1.06,-108.66,-94.98,27.89
643,-35,-0.27,0.05,-1.15,-90.37,-27.38,7.68
644,-33,-0.12,-0.03,-1.12,-31.70,35.10,-17.23
645,-31,-0.00,-0.11,-1.15,38.76,68.85,-35.75
646,-31,-0.13,-0.11,-1.01,77.23,105.48,-17.21
647,-33,-0.31,0.10,-0.91,122.38,152.92,3.16
648,-35,-0.68,0.36,-1.19,211.47,192.21,-21.13
649,-38,-1.17,0.45,-1.27,220.33,192.72,-33.34
650,-40,-1.52,0.47,-1.18,209.89,218.61,-39.79
651,-46,-1.77,0.33,-0.94,129.39,175.26,31.68
652,-46,-1.41,0.30,-0.42,88.44,34.56,65.84
653,-43,-1.20,0.30,0.07,40.02,-14.74,57.41
654,-39,-1.17,0.40,0.31,11.29,-44.58,29.20
655,-35,-1.18,0.52,0.29,-14.98,-85.66,19.15
656,-33,-1.18,0.61,0.04,-65.59,-117.95,-5.58
657,-33,-1.70,0.71,-1.07,-224.53,-237.17,-87.22
658,-34,-1.67,0.53,-1.22,-227.44,-250.14,-124.97
659,-35,-1.49,0.23,-1.26,-223.88,-250.14,-123.30
660,-37,-1.30,0.07,-1.22,-150.40,-250.14,-32.59
661,-38,-0.71,-0.05,-1.17,-96.02,-210.85,56.51
662,-36,-0.26,-0.06,-1.40,-114.58,-118.68,90.30
663,-32,0.20,-0.08,-1.23,4.79,35.10,73.53
664,-31,-0.19,0.29,-1.03,100.59,182.46,48.63
665,-38,-0.78,0.47,-1.26,210.44,225.44,4.45
666,-40,-1.57,0.41,-1.15,230.86,234.79,45.42
667,-44,-1.67,0.36,-1.17,250.13,231.77,158.15
668,-49,-1.61,0.66,-1.23,250.13,178.56,179.50
669,-48,-1.70,0.70,-0.94,250.13,121.65,128.89
670,-46,-1.70,0.54,-0.52,250.13,68.05,111.08
671,-45,-1.38,0.64,-0.11,191.59,29.30,106.05
672,-44,-1.14,0.76,0.05,112.53,-3.32,45.36
673,-41,-0.95,0.69,0.14,11.98,-38.80,-19.14
674,-39,-0.92,0.62,0.06,-73.66,-66.60,-76.12
675,-36,-0.96,0.54,-0.12,-119.21,-90.54,-93.11
676,-33,-1.10,0.52,-0.32,-159.73,-109.01,-81.60
677,-31,-1.23,0.67,-0.81,-239.59,-148.22,-81.31
678,-33,-1.35,0.72,-0.98,-250.14,-172.31,-105.76
679,-35,-1.42,0.71,-1.15,-250.14,-193.61,-133.85
680,-38,-1.27,0.54,-1.33,-250.14,-203.14,-159.02
681,-40,-1.02,0.28,-1.51,-235.02,-171.73,-138.62
682,-36,-0.35,-0.01,-1.33,-120.92,-87.92,35.40
683,-35,0.22,0.07,-1.41,-83.87,-38.01,44.29
684,-33,0.12,-0.05,-1.10,-8.31,7.72,42.43
685,-34,0.03,-0.12,-1.03,40.76,79.14,82.73
686,-35,-0.37,0.17,-0.93,167.29,191.47,116.33
687,-37,-0.64,0.43,-1.05,237.53,209.39,104.08
688,-40,-1.05,0.56,-1.33,250.13,203.80,76.68
689,-40,-1.45,0.41,-1.28,250.13,194.26,76.14
690,-40,-1.58,0.33,-1.14,238.97,176.57,98.03
691,-40,-1.62,0.38,-1.03,228.31,134.58,132.76
692,-40,-1.39,0.46,-0.39,167.34,-2.15,132.45
693,-41,-1.04,0.53,0.06,100.66,-20.68,85.43
694,-40,-0.91,0.55,0.10,23.56,-40.23,30.08
695,-37,-0.83,0.61,-0.09,-50.50,-58.68,-8.78
696,-34,-0.88,0.59,-0.26,-105.13,-78.31,-59.17
697,-32,-1.05,0.55,-0.40,-153.24,-88.82,-76.99
698,-33,-1.21,0.63,-0.66,-200.54,-101.73,-70.68
699,-35,-1.21,0.70,-0.98,-246.52,-122.55,-96.95
700,-38,-1.22,0.72,-1.18,-250.14,-150.56,-144.53
701,-41,-1.26,0.64,-1.23,-250.14,-182.61,-186.51
702,-44,-1.26,0.46,-1.44,-250.14,-179.15,-196.03
703,-45,-1.04,0.13,-1.75,-207.73,-169.50,-137.70
704,-43,-0.56,0.06,-1.52,-100.20,-231.73,-31.16
705,-39,-0.32,-0.12,-1.48,-89.50,-154.76,46.82
706,-35,0.18,-0.02,-1.32,-56.81,-82.60,61.67
707,-33,0.11,-0.06,-1.09,13.65,-31.48,31.18
708,-32,-0.20,-0.17,-0.90,62.97,57.18,30.95
709,-34,-0.38,-0.07,-0.82,102.83,130.69,50.57
710,-34,-0.57,0.16,-0.79,169.85,181.31,48.54
711,-37,-1.09,0.36,-1.08,250.13,211.15,56.95
712,-40,-1.39,0.36,-1.25,250.13,211.33,91.73
713,-44,-1.43,0.54,-0.91,224.90,139.32,97.15
714,-46,-1.44,0.39,-0.67,208.83,96.50,70.34
715,-46,-1.39,0.30,-0.40,170.82,27.70,78.02
716,-46,-1.24,0.31,-0.01,116.82,-12.86,74.79
717,-45,-1.11,0.48,0.20,76.95,-48.00,81.02
718,-41,-0.89,0.58,0.17,28.81,-66.24,51.67
719,-35,-0.91,0.57,-0.08,-54.41,-78.92,13.61
720,-33,-1.06,0.61,-0.30,-143.75,-95.95,-3.92
721,-31,-1.18,0.67,-0.44,-203.57,-113.96,-23.60
722,-31,-1.37,0.73,-0.62,-241.92,-133.15,-40.85
723,-34,-1.45,0.74,-0.98,-250.14,-154.76,-67.60
724,-35,-0.38,-0.31,-1.23,-67.61,-112.44,85.60
725,-34,-0.10,-0.08,-0.92,-25.75,-63.88,84.58
726,-32,-0.09,-0.06,-0.92,35.11,-5.01,62.40
727,-31,-0.20,-0.07,-0.84,61.03,53.38,41.66
728,-32,-0.30,0.01,-0.66,74.55,124.36,32.56
729,-34,-0.52,0.10,-0.61,113.37,187.18,15.73
730,-37,-0.66,0.17,-0.74,170.47,229.69,17.46
731,-38,-1.09,0.18,-0.96,202.53,240.23,22.08
732,-40,-1.50,0.30,-0.98,213.21,250.13,55.79
733,-43,-1.36,0.29,-0.16,75.31,-14.27,74.31
734,-41,-1.13,0.37,0.11,16.91,-54.47,49.30
735,-38,-1.03,0.46,0.18,-12.45,-84.38,32.10
736,-35,-1.03,0.52,-0.05,-51.39,-98.80,-6.74
737,-34,-1.25,0.53,-0.37,-118.72,-107.11,-39.99
738,-32,-1.34,0.48,-0.98,-229.69,-135.85,-127.34
739,-34,-1.27,0.23,-1.06,-249.69,-162.89,-203.63
740,-35,-1.24,-0.03,-1.07,-240.91,-192.16,-199.45
741,-35,-1.13,0.02,-1.07,-119.27,-222.86,-135.91
742,-35,-0.86,-0.09,-1.14,-62.30,-193.83,-59.70
743,-34,-0.53,-0.03,-1.36,-71.28,-150.80,4.96
744,-33,-0.18,-0.03,-1.35,-48.27,-113.21,42.66
745,-38,-0.12,0.01,-0.94,114.47,149.33,138.98
746,-38,-0.27,0.21,-0.98,191.20,195.76,126.56
747,-42,-1.32,0.59,-1.22,250.13,223.63,43.24
748,-47,-1.64,0.39,-1.21,250.13,210.84,29.18
749,-48,-1.93,0.23,-1.20,250.13,184.11,86.31
750,-47,-1.69,0.45,-0.96,219.68,128.50,122.36
751,-46,-1.43,0.46,-0.24,155.70,-16.16,134.34
752,-42,-0.74,0.81,-0.03,-48.17,-60.03,12.16
753,-40,-0.85,0.78,-0.25,-113.76,-69.17,-15.54
754,-37,-1.06,0.80,-0.52,-170.90,-80.88,-5.46
755,-35,-1.08,0.82,-0.79,-224.02,-93.59,-7.94
756,-34,-1.24,0.81,-0.95,-250.14,-111.03,-29.47
757,-33,-1.27,0.78,-1.21,-250.14,-125.98,-70.85
758,-34,-1.22,0.34,-1.42,-250.14,-139.02,-186.12
759,-34,-0.69,-0.04,-1.66,-242.71,-189.92,-124.85
760,-34,-0.44,-0.19,-1.17,-148.92,-74.69,19.76
761,-32,-0.10,-0.02,-0.94,25.25,60.14,61.36
762,-35,-0.35,0.18,-0.87,136.93,151.55,80.34
763,-40,-0.65,0.32,-0.95,193.12,178.35,82.30
764,-44,-0.91,0.40,-1.08,245.31,189.18,97.09
765,-49,-1.36,0.51,-1.27,250.13,164.95,112.08
766,-49,-1.47,0.66,-1.10,250.13,150.99,118.26
767,-48,-1.42,0.68,-1.03,250.13,115.87,97.17
768,-46,-1.40,0.60,-0.76,234.32,61.90,80.50
769,-46,-0.97,0.61,-0.01,72.86,-4.02,80.67
770,-43,-0.79,0.67,0.05,-26.92,-22.87,8.70
771,-40,-0.91,0.55,-0.30,-131.50,-72.38,-84.69
772,-37,-1.31,0.64,-1.11,-232.27,-138.66,-151.73
773,-37,-1.37,0.12,-1.58,-163.73,-248.27,-170.57
774,-36,-0.16,0.16,-1.34,-77.91,-133.50,26.32
775,-34,0.10,-0.09,-0.92,21.54,33.34,55.51
776,-40,-0.83,0.21,-1.27,183.42,205.37,7.38
777,-46,-1.40,0.23,-1.07,228.44,183.78,171.13
778,-46,-1.44,0.51,-0.59,186.62,39.34,89.26
779,-44,-0.87,0.55,-0.05,-43.50,-48.49,18.25
780,-37,-1.24,0.65,-0.55,-168.50,-95.01,-60.16
781,-38,-1.30,0.79,-0.95,-208.86,-112.35,-92.29
782,-38,-1.27,0.44,-1.58,-243.08,-199.61,-243.96
783,-36,-0.23,-0.08,-1.49,-130.76,-144.85,-32.75
784,-35,0.06,-0.07,-1.32,-105.34,-86.08,-14.77
785,-35,0.10,-0.19,-1.23,-65.18,-27.94,0.53
786,-34,0.11,-0.18,-1.04,4.83,30.43,56.80
787,-35,-0.03,-0.14,-0.93,37.06,98.31,83.16
788,-37,-0.23,-0.05,-0.88,78.12,152.56,106.79
789,-38,-0.42,0.15,-0.88,148.96,196.37,117.11
790,-39,-0.81,0.26,-1.13,201.78,213.29,89.17
791,-44,-1.18,0.40,-1.43,221.96,207.37,73.93
792,-47,-1.48,0.32,-1.39,208.67,183.41,91.14
793,-50,-1.26,0.22,-0.41,160.72,33.15,95.02
794,-46,-0.95,0.37,0.14,78.45,-21.17,74.29
795,-43,-0.89,0.44,0.11,47.11,-39.29,37.66
796,-41,-0.95,0.50,-0.09,-9.02,-56.68,15.10
797,-35,-1.04,0.65,-0.49,-142.65,-92.40,-10.47
798,-34,-1.13,0.69,-0.65,-188.16,-111.45,-26.98
799,-35,-1.22,0.68,-0.84,-225.13,-130.46,-49.73
800,-35,-1.33,0.67,-1.10,-250.14,-143.10,-68.07
801,-38,-1.39,0.67,-1.38,-250.14,-146.15,-99.30
802,-38,-1.18,0.42,-1.52,-250.14,-150.04,-170.35
803,-37,-0.93,0.23,-1.61,-250.14,-138.39,-183.52
804,-35,-0.43,-0.27,-1.33,-106.99,-138.39,-52.29
805,-34,-0.16,-0.18,-1.13,-88.56,-77.65,43.67
806,-33,0.12,0.02,-0.85,1.38,-22.65,85.62
807,-33,0.05,-0.01,-0.85,47.72,38.15,70.07
808,-34,-0.12,0.01,-0.74,67.37,106.76,75.02
809,-37,-0.45,0.31,-1.06,199.98,213.94,112.47
810,-43,-0.85,0.38,-1.47,248.15,223.67,77.43
811,-46,-1.24,0.33,-1.43,241.85,218.85,104.98
812,-50,-1.41,0.53,-1.34,248.34,219.44,143.05
813,-53,-1.39,0.66,-1.31,250.13,193.21,124.10
814,-54,-1.45,0.66,-1.15,238.99,137.34,75.07
815,-53,-1.25,0.44,-0.42,99.60,2.99,83.76
816,-50,-1.06,0.51,0.01,18.36,-15.64,53.61
817,-45,-0.88,0.56,0.07,-24.82,-43.98,21.49
818,-40,-0.83,0.48,-0.01,-54.11,-73.25,-34.75
819,-36,-0.91,0.38,-0.14,-99.63,-95.47,-52.45
820,-35,-1.02,0.43,-0.30,-154.88,-113.86,-42.35
821,-36,-1.29,0.75,-1.04,-230.12,-151.11,-89.08
822,-39,-1.36,0.72,-1.40,-244.32,-170.44,-156.57
823,-39,-1.23,0.49,-1.66,-250.14,-168.44,-192.81
824,-40,-0.92,0.03,-1.94,-242.32,-148.77,-184.18
825,-37,-0.79,0.07,-1.21,-112.18,-196.81,-64.61
826,-35,-0.33,-0.05,-1.46,-85.40,-123.95,29.67
827,-34,-0.00,0.00,-0.97,59.55,46.53,86.08
828,-35,-0.12,0.06,-0.82,126.40,122.11,76.80
829,-35,-0.41,0.21,-1.01,191.21,179.38,55.21
830,-40,-0.68,0.39,-1.36,241.92,186.99,51.07
831,-44,-1.09,0.36,-1.46,242.27,171.83,66.03
832,-50,-1.29,0.44,-1.31,222.74,169.31,106.93
833,-54,-1.25,0.53,-1.20,219.87,149.01,107.34
834,-54,-1.24,0.54,-1.03,201.46,111.31,85.70
835,-50,-1.23,0.40,-0.54,168.76,32.75,69.14
836,-49,-1.07,0.32,-0.24,119.39,-5.24,81.09
837,-47,-0.91,0.40,-0.04,53.67,-18.02,63.24
838,-43,-0.81,0.51,0.00,-1.56,-37.44,32.27
839,-35,-1.12,0.72,-0.63,-159.97,-96.50,-31.90
840,-36,-1.19,0.81,-0.87,-210.40,-127.98,-44.60
841,-40,-1.30,0.84,-1.06,-250.14,-152.55,-63.87
842,-40,-1.36,0.83,-1.37,-250.14,-180.42,-103.47
843,-42,-1.38,0.70,-1.52,-250.14,-193.55,-161.69
844,-43,-1.12,0.34,-1.73,-249.82,-237.60,-128.60
845,-35,0.06,-0.24,-1.02,-8.25,6.95,38.93
846,-34,0.00,-0.18,-0.85,40.03,65.30,73.50
847,-35,-0.06,-0.08,-0.77,98.76,121.34,108.18
848,-35,-0.19,-0.05,-0.78,171.62,169.69,125.82
849,-37,-0.44,0.16,-1.11,233.99,194.76,125.06
850,-40,-0.83,0.43,-1.62,250.13,171.01,121.21
851,-44,-1.12,0.64,-1.63,250.13,143.80,152.61
852,-49,-1.19,0.87,-1.45,250.13,131.50,149.04
853,-49,-1.16,0.96,-1.44,250.13,110.53,97.78
854,-49,-1.22,0.92,-1.23,248.95,92.90,39.84
855,-50,-1.21,0.81,-0.86,198.73,71.95,-15.62
856,-47,-0.89,0.40,-0.18,-18.81,-18.51,-39.91
857,-41,-0.90,0.44,-0.34,-101.31,-57.13,-62.09
858,-35,-1.06,0.57,-0.86,-189.26,-101.36,-94.99
859,-42,-1.10,0.60,-1.21,-221.24,-129.84,-148.47
860,-49,-1.32,0.39,-1.50,-244.83,-190.51,-148.44
861,-52,-1.11,0.40,-1.61,-224.98,-205.26,-143.11
862,-52,-0.95,0.26,-1.66,-175.20,-210.74,-109.86
863,-52,-0.67,0.16,-1.71,-150.24,-192.17,-74.20
864,-53,-0.33,0.07,-1.72,-128.94,-168.60,-51.32
865,-47,-0.08,-0.08,-1.55,-88.33,-133.92,-23.97
866,-42,0.08,-0.20,-1.28,-35.05,-76.27,22.79
867,-43,0.18,-0.23,-1.11,8.71,-11.87,51.78
868,-39,-0.06,-0.19,-0.85,97.64,117.74,79.43
869,-38,-0.26,-0.06,-1.12,152.61,157.47,97.67
870,-41,-0.56,0.29,-1.47,192.51,165.24,98.11
871,-40,-0.85,0.46,-1.55,213.87,156.95,85.55
872,-44,-1.07,0.53,-1.49,214.22,148.79,99.41
873,-49,-1.14,0.60,-1.32,216.97,141.06,101.31
874,-52,-1.16,0.50,-0.97,175.37,102.15,52.79
875,-52,-1.11,0.33,-0.40,106.31,46.48,37.57
876,-47,-0.98,0.34,-0.08,24.70,-3.27,-3.82
877,-43,-0.94,0.37,-0.40,-82.55,-59.92,-49.92
878,-41,-1.04,0.38,-0.56,-124.37,-81.62,-80.29
879,-36,-1.09,0.40,-0.84,-157.44,-106.46,-114.60
880,-40,-1.17,0.38,-1.10,-184.51,-139.75,-153.11
881,-46,-1.26,0.30,-1.35,-192.79,-192.48,-155.79
882,-44,-1.22,0.19,-1.60,-165.56,-226.01,-138.32
883,-40,-0.85,0.05,-1.56,-106.39,-231.04,-53.13
884,-38,-0.55,0.06,-1.57,-88.94,-200.83,-25.05
885,-37,-0.22,-0.07,-1.57,-66.08,-168.63,-2.76
886,-35,-0.04,-0.19,-1.34,-34.42,-114.53,21.73
887,-35,0.11,-0.29,-1.09,0.65,-44.15,39.24
888,-35,0.11,-0.29,-0.90,33.68,24.56,36.53
889,-38,-0.04,-0.25,-0.81,74.08,91.35,34.66
890,-38,-0.27,-0.16,-0.91,124.73,149.40,34.35
891,-41,-0.47,0.04,-1.07,169.12,181.87,27.14
892,-43,-0.77,0.13,-1.35,193.21,180.59,20.27
893,-44,-1.13,0.22,-1.35,198.95,180.37,58.58
894,-53,-1.13,0.43,-0.96,160.34,142.55,67.28
895,-55,-1.13,0.35,-0.74,108.19,104.09,39.14
896,-57,-1.17,0.32,-0.46,75.92,77.74,37.39
897,-58,-1.14,0.21,-0.20,40.64,46.79,19.92
898,-55,-1.15,0.20,-0.11,-14.71,20.09,4.85
899,-48,-1.01,0.20,-0.25,-70.01,-5.87,-29.38
900,-41,-0.95,0.15,-0.37,-118.66,-39.11,-78.07
901,-40,-0.99,0.18,-0.50,-149.60,-65.11,-115.72
902,-38,-1.06,0.30,-0.74,-157.15,-90.85,-139.97
903,-43,-1.17,0.37,-1.47,-190.39,-158.50,-190.69
904,-41,-1.20,0.24,-1.67,-186.24,-221.51,-158.10
905,-40,-1.11,0.21,-1.58,-107.90,-250.14,-92.99
906,-39,-1.01,0.13,-1.71,-104.05,-250.14,10.16
907,-38,-0.68,0.21,-1.65,-122.63,-225.24,98.68
908,-37,-0.27,0.25,-1.58,-127.88,-179.21,116.05
909,-36,0.07,0.27,-1.40,-116.39,-131.86,53.64
910,-34,0.11,0.08,-1.12,-84.59,-83.31,8.80
911,-33,0.15,-0.09,-1.02,-50.86,-29.63,-1.78
912,-33,0.01,-0.13,-0.85,-12.39,22.96,11.63
913,-36,-0.07,-0.07,-0.72,33.96,81.43,60.60
914,-45,-0.95,0.77,-1.52,215.95,173.65,13.37
915,-52,-1.35,0.66,-1.47,195.87,182.37,-1.81
916,-51,-1.53,0.48,-1.33,174.05,185.24,59.53
917,-53,-1.47,0.41,-1.14,150.39,163.74,135.44
918,-56,-1.22,0.49,-0.84,123.16,115.79,123.52
919,-55,-1.15,0.42,-0.53,120.57,58.71,105.75
920,-53,-1.15,0.28,-0.19,109.37,3.78,82.82
921,-49,-1.11,0.28,0.09,73.52,-43.21,77.45
922,-42,-0.99,0.36,0.02,32.23,-70.85,44.02
923,-40,-0.98,0.41,-0.16,-21.20,-104.56,15.96
924,-37,-1.11,0.56,-0.35,-78.11,-134.62,-0.66
925,-36,-1.29,0.70,-1.43,-250.14,-220.91,-130.38
926,-37,-1.72,0.32,-1.62,-250.14,-218.53,-152.53
927,-36,-1.10,0.13,-1.61,-132.70,-223.95,-89.89
928,-35,-0.79,-0.08,-1.30,-96.47,-192.47,-1.94
929,-34,-0.49,-0.10,-1.17,-138.62,-114.68,33.30
930,-34,-0.15,0.01,-1.01,-101.09,-56.76,33.20
931,-33,0.08,-0.04,-1.03,-35.74,-17.12,41.18
932,-33,0.06,-0.11,-0.85,3.11,35.42,38.35
933,-33,-0.03,-0.06,-0.70,50.36,94.40,32.81
934,-36,-0.15,-0.01,-0.78,106.87,142.84,32.20
935,-39,-0.34,0.14,-0.96,156.73,176.95,35.02
936,-52,-1.62,0.37,-1.27,245.59,203.20,76.94
937,-51,-1.57,0.43,-0.88,207.58,107.65,88.61
938,-51,-1.34,0.50,-0.63,170.56,40.15,89.08
939,-52,-1.07,0.48,-0.23,129.85,-9.64,98.02
940,-53,-0.80,0.52,0.04,65.60,-21.60,55.49
941,-49,-0.67,0.53,0.03,-0.89,-31.45,11.36
942,-43,-0.69,0.51,-0.05,-55.27,-40.89,-27.08
943,-41,-0.84,0.45,-0.17,-105.98,-44.00,-45.01
944,-38,-1.18,0.43,-0.35,-165.89,-48.92,-58.89
945,-35,-1.39,0.56,-0.76,-217.31,-67.26,-45.32
946,-40,-1.27,0.75,-1.23,-234.37,-111.31,-113.29
947,-42,-1.40,0.53,-1.27,-241.56,-148.91,-185.26
948,-37,-0.52,-0.02,-1.69,-114.44,-203.60,-26.72
949,-36,-0.13,0.01,-1.46,-78.08,-150.90,0.15
950,-35,0.05,-0.14,-1.31,-47.08,-82.57,12.53
951,-35,0.10,-0.18,-1.04,-20.08,-10.72,11.28
952,-35,-0.01,-0.18,-0.82,24.66,54.89,26.78
953,-37,-0.19,-0.13,-0.80,73.30,112.41,47.98
954,-41,-0.69,0.26,-1.12,172.32,168.45,39.28
955,-42,-1.12,0.24,-1.14,203.01,169.73,41.64
956,-46,-1.39,0.32,-1.15,216.37,176.62,52.78
957,-56,-1.52,0.32,-0.80,210.08,136.09,71.28
958,-58,-1.33,0.32,-0.25,164.54,41.15,73.99
959,-61,-1.18,0.41,0.12,132.13,-0.56,88.43
960,-56,-0.93,0.55,0.11,85.78,-9.98,64.11
961,-48,-0.86,0.58,-0.05,8.34,-24.02,35.48
962,-44,-0.86,0.63,-0.15,-76.47,-42.96,9.79
963,-40,-0.94,0.70,-0.26,-136.27,-63.84,-12.92
964,-36,-1.12,0.75,-0.53,-179.83,-85.13,-23.13
965,-38,-1.20,0.73,-0.81,-226.69,-109.55,-42.50
966,-38,-1.26,0.67,-1.03,-250.14,-136.69,-70.53
967,-38,-1.27,0.57,-1.17,-250.14,-159.92,-122.40
968,-40,-1.22,0.42,-1.27,-250.14,-158.16,-177.79
969,-40,-0.25,-0.06,-1.28,-78.72,-78.06,-28.80
970,-37,-0.11,-0.19,-1.29,-22.14,-45.32,-3.41
971,-36,-0.10,-0.27,-1.15,4.82,-5.49,38.25
972,-36,-0.17,-0.16,-0.89,38.79,49.60,72.03
973,-37,-0.29,-0.05,-0.86,84.08,101.12,72.34
974,-37,-0.46,0.07,-0.95,123.89,133.37,73.57
975,-41,-1.01,0.47,-1.00,214.24,192.83,41.16
976,-43,-1.19,0.35,-1.11,223.69,199.02,-13.97
977,-52,-1.56,0.11,-1.10,196.14,203.73,26.09
978,-54,-1.61,0.20,-1.01,188.63,189.79,78.56
979,-52,-1.18,0.19,-0.29,116.52,60.64,54.13
980,-54,-1.05,0.25,-0.10,72.68,20.74,50.02
981,-52,-0.93,0.31,-0.03,42.00,-8.08,19.31
982,-45,-0.94,0.31,-0.05,6.70,-37.95,4.77
983,-43,-1.01,0.39,-0.14,-39.05,-59.32,-4.40
984,-40,-1.11,0.48,-0.35,-86.26,-78.11,-14.56
985,-38,-1.17,0.51,-0.71,-138.85,-117.21,-27.45
986,-39,-1.26,0.46,-0.89,-199.90,-166.34,-63.94
987,-37,-1.37,0.39,-1.02,-242.23,-200.80,-99.92
988,-37,-1.44,-0.00,-1.51,-219.86,-226.86,-139.89
989,-39,-1.24,-0.08,-1.22,-112.27,-250.14,-89.15
990,-40,-1.01,-0.17,-1.00,-97.30,-237.17,-50.85
991,-40,-0.64,-0.02,-0.79,-51.29,-150.37,-58.95
992,-40,-0.40,-0.16,-0.93,-41.05,-101.57,-52.05
993,-37,-0.32,-0.12,-1.09,3.02,3.18,54.39
994,-34,-0.09,-0.08,-1.11,18.09,41.91,54.97
995,-37,-0.45,0.11,-0.81,56.89,142.05,80.78
996,-39,-0.65,0.15,-0.87,106.06,185.86,71.20
997,-47,-1.36,0.30,-0.98,186.92,218.56,135.58
998,-54,-1.48,0.39,-0.97,220.27,209.38,130.53
999,-67,-1.72,0.32,-0.68,242.38,198.11,106.14
1000,-57,-1.61,0.43,-0.51,250.13,104.35,32.37
1001,-56,-1.52,0.24,-0.35,196.08,40.76,42.98
1002,-57,-1.25,0.34,-0.11,110.56,-3.53,42.88
1003,-53,-0.90,0.42,0.01,15.81,-73.54,-32.97
1004,-52,-0.98,0.37,-0.10,-26.95,-95.02,-29.56
1005,-47,-1.04,0.40,-0.24,-75.90,-118.68,-6.25
1006,-43,-1.13,0.51,-0.32,-117.88,-133.71,5.83
1007,-40,-1.17,0.55,-0.58,-159.69,-141.02,-8.97
1008,-38,-1.18,0.46,-0.80,-215.44,-159.70,-37.08
1009,-38,-1.29,0.33,-0.90,-250.14,-177.05,-79.99
1010,-39,-1.24,0.19,-1.08,-250.14,-170.35,-126.46
1011,-38,-1.32,-0.28,-1.31,-148.09,-203.87,-84.32
1012,-34,-0.35,-0.19,-1.32,-36.09,-74.41,34.81
1013,-34,-0.27,-0.16,-1.34,-5.62,-16.30,54.15
1014,-36,-0.17,-0.12,-1.30,5.58,33.60,46.59
1015,-40,-0.37,-0.04,-1.03,29.47,92.98,48.95
1016,-40,-0.54,0.12,-0.83,79.78,161.06,52.41
1017,-44,-0.79,0.04,-0.86,120.18,200.94,25.39
1018,-47,-1.21,0.07,-0.79,150.69,232.75,84.63
1019,-57,-1.25,0.25,-0.86,179.50,246.76,72.91
1020,-58,-1.61,0.21,-0.75,150.90,196.85,22.08
1021,-57,-1.57,0.15,-0.55,122.93,140.27,37.20
1022,-56,-1.32,0.23,-0.33,100.69,83.26,50.61
1023,-57,-1.19,0.28,-0.18,77.34,24.66,27.00
1024,-50,-1.05,0.25,-0.01,49.05,-29.28,25.85
1025,-40,-1.11,0.47,-0.38,-102.15,-132.11,5.76
1026,-39,-1.22,0.52,-0.60,-140.20,-160.95,7.30
1027,-37,-1.24,0.56,-0.73,-172.02,-185.76,10.53
1028,-35,-1.26,0.56,-0.94,-185.29,-201.20,-25.02
1029,-36,-1.43,0.40,-1.16,-191.31,-199.19,-57.31
1030,-36,-1.35,0.08,-1.39,-164.52,-212.80,-10.02
1031,-35,-1.05,-0.02,-1.10,-121.99,-181.87,27.56
1032,-35,-0.83,-0.06,-1.06,-122.99,-131.51,53.05
1033,-34,-0.32,-0.01,-1.12,-66.14,-46.49,-18.47
1034,-35,-0.36,0.01,-0.88,40.08,111.80,57.26
1035,-44,-1.02,0.24,-1.10,170.08,183.21,30.01
1036,-47,-1.19,0.32,-0.90,219.15,205.08,56.26
1037,-53,-1.27,0.30,-0.93,250.13,198.18,76.81
1038,-50,-1.42,0.49,-0.90,242.13,125.66,55.71
1039,-48,-1.20,0.47,-0.36,143.93,27.67,77.40
1040,-48,-1.03,0.52,-0.11,99.54,-23.34,60.74
1041,-46,-0.86,0.49,-0.05,45.00,-52.15,47.98
1042,-43,-0.78,0.45,-0.14,-52.00,-65.13,20.27
1043,-40,-0.84,0.49,-0.26,-140.35,-78.75,-1.54
1044,-38,-1.00,0.56,-0.40,-184.11,-94.56,-22.47
1045,-35,-1.08,0.62,-0.63,-206.15,-118.40,-39.73
1046,-37,-1.42,0.47,-1.28,-224.98,-191.23,-106.01
1047,-35,-0.81,-0.04,-1.18,-110.36,-176.79,27.84
1048,-34,-0.17,-0.12,-0.75,-12.19,63.96,15.98
1049,-38,-0.68,0.15,-0.80,136.36,200.00,118.14
1050,-47,-1.46,0.46,-0.97,247.50,162.77,52.48
1051,-46,-0.96,0.45,-0.35,150.94,45.99,98.27
1052,-44,-0.93,0.53,-0.15,1.93,-31.53,-1.79
1053,-36,-1.22,0.61,-0.80,-198.94,-109.60,-68.02
1054,-37,-1.29,0.43,-1.25,-228.02,-169.63,-65.22
1055,-34,-0.24,0.06,-1.10,-91.08,-67.18,-20.15
1056,-34,-0.11,-0.15,-0.73,26.85,75.58,31.98
1057,-41,-0.97,0.42,-1.12,212.30,156.34,107.44
1058,-46,-1.25,0.59,-0.95,213.51,99.18,35.98
1059,-45,-1.10,0.47,-0.35,99.11,23.21,-4.17
1060,-43,-1.01,0.44,-0.28,-24.11,-75.92,42.48
1061,-37,-1.20,0.64,-0.85,-226.33,-126.25,-29.02
1062,-35,-1.07,0.43,-1.37,-194.51,-169.44,-107.34
1063,-34,-0.21,-0.27,-1.11,-34.62,-31.27,36.15
1064,-40,-0.49,0.15,-0.69,169.32,141.69,37.47
1065,-50,-1.52,0.34,-0.99,235.74,150.90,-32.11
1066,-47,-1.30,0.40,-0.28,81.76,17.28,24.44
1067,-40,-1.05,0.56,-0.40,-170.24,-79.28,-22.48
1068,-38,-1.19,0.49,-1.11,-250.14,-150.18,-127.50
1069,-37,-0.80,-0.11,-1.48,-104.76,-169.55,-78.72
1070,-35,-0.16,-0.24,-1.28,-22.73,-51.20,42.51
1071,-38,-0.28,-0.05,-0.96,-11.66,116.26,23.53
1072,-50,-1.14,0.05,-1.10,195.17,186.78,75.67
1073,-55,-1.44,0.17,-0.87,210.82,127.73,61.47
1074,-52,-1.04,0.41,-0.06,67.78,23.90,54.60
1075,-40,-1.25,0.48,-0.79,-176.95,-142.55,-78.96
1076,-36,-0.85,0.01,-1.32,-65.05,-208.00,-75.12
1077,-35,-0.13,0.00,-1.23,-37.06,-85.02,6.92
1078,-46,-1.06,0.14,-1.24,153.13,192.86,70.15
1079,-59,-1.27,0.43,-0.67,188.34,127.51,88.02
1080,-64,-1.01,0.36,-0.06,5.65,-23.54,-1.93
1081,-38,-1.24,0.45,-0.81,-175.77,-140.31,-101.77
1082,-44,-1.33,0.40,-1.02,-202.85,-181.73,-140.90
1083,-41,-1.42,0.31,-1.24,-212.89,-209.46,-165.08
1084,-39,-1.29,0.14,-1.67,-189.86,-206.90,-167.05
1085,-36,-0.94,0.07,-1.62,-98.07,-246.82,-102.92
1086,-35,-0.09,-0.07,-1.76,-87.36,-180.98,30.08
1087,-37,0.21,0.02,-1.09,9.00,-23.60,14.92
1088,-38,0.27,-0.10,-0.96,34.89,53.55,20.15
1089,-55,-1.30,0.20,-1.58,218.89,228.09,71.60
1090,-58,-1.23,0.26,-0.32,136.46,46.20,84.62
1091,-46,-0.90,0.40,-0.15,-92.41,-44.53,-31.08
1092,-41,-1.40,0.55,-1.01,-191.91,-159.61,-110.11
1093,-36,-0.92,0.12,-1.37,-118.08,-249.53,-85.72
1094,-34,-0.06,0.01,-1.19,-75.98,-106.69,-7.49
1095,-40,-0.01,-0.02,-0.73,39.54,113.95,71.82
1096,-47,-0.78,0.19,-1.47,203.99,247.97,60.66
1097,-60,-1.37,0.42,-1.31,175.05,194.32,96.37
1098,-57,-0.95,0.32,-0.03,99.30,-30.94,74.90
1099,-41,-1.22,0.54,-0.83,-182.97,-119.47,-96.76
1100,-37,-1.20,0.12,-1.49,-158.35,-240.56,-85.98
1101,-35,-0.23,-0.04,-1.19,-64.75,-128.66,-6.94
1102,-35,-0.00,-0.09,-0.72,21.45,67.67,32.86
1103,-57,-1.33,0.20,-1.30,207.67,198.16,126.64
1104,-58,-1.30,0.31,-0.65,134.91,77.82,47.58
1105,-46,-0.86,0.34,-0.18,-31.83,-38.44,-6.07
1106,-41,-1.16,0.43,-0.87,-158.05,-104.91,-92.34
1107,-36,-1.27,-0.02,-1.32,-169.53,-217.92,-101.42
1108,-35,-0.40,-0.09,-1.07,-66.63,-124.41,-44.33
1109,-37,-0.17,-0.07,-0.76,38.09,59.38,33.16
1110,-52,-1.12,0.22,-1.14,149.08,198.42,98.47
1111,-61,-1.12,0.32,-0.26,70.29,-1.66,90.31
1112,-40,-1.11,0.52,-0.57,-157.73,-94.51,-89.12
1113,-40,-1.25,0.56,-0.88,-173.84,-133.66,-136.19
1114,-43,-1.47,0.51,-1.23,-185.45,-169.55,-168.94
1115,-39,-1.46,0.22,-1.52,-174.80,-236.97,-124.15
1116,-37,-1.42,0.14,-1.49,-119.34,-250.14,-67.51
1117,-36,-1.14,0.10,-1.50,-122.53,-245.72,-10.50
1118,-36,-0.75,0.16,-1.31,-110.92,-208.84,2.98
1119,-36,-0.44,0.08,-1.23,-105.94,-159.50,-9.59
1120,-35,-0.17,-0.04,-1.19,-105.45,-108.40,-23.75
1121,-35,-0.02,-0.13,-0.97,-76.67,-53.11,-22.94
1122,-40,0.15,-0.25,-0.63,2.15,95.07,48.50
1123,-40,0.01,-0.26,-0.64,55.56,181.68,112.07
1124,-39,-0.02,-0.18,-0.98,104.60,250.13,132.47
1125,-42,-0.34,0.29,-1.52,153.26,250.13,39.95
1126,-46,-0.97,0.38,-1.75,182.23,233.98,-51.18
1127,-59,-1.85,0.14,-1.63,153.05,221.61,-39.27
1128,-57,-1.85,0.07,-1.36,162.72,211.59,76.89
1129,-60,-1.31,0.33,-0.91,101.21,101.34,66.81
1130,-59,-1.23,0.18,-0.41,75.17,60.56,27.65
1131,-62,-1.15,0.15,-0.12,65.78,28.60,49.33
1132,-52,-1.02,0.24,0.01,20.76,-6.37,45.27
1133,-44,-0.94,0.34,-0.05,-8.95,-40.01,17.55
1134,-41,-1.24,0.38,-0.56,-89.60,-121.18,-45.48
1135,-41,-1.38,0.40,-0.80,-130.50,-173.16,-76.76
1136,-41,-1.64,0.32,-1.12,-152.65,-224.26,-93.62
1137,-37,-1.66,0.15,-1.52,-152.76,-250.14,-68.26
1138,-36,-1.09,-0.06,-1.46,-110.01,-250.14,-25.50
1139,-35,-0.33,0.06,-1.36,-82.34,-160.11,-9.79
1140,-34,-0.06,-0.07,-1.32,-78.66,-110.68,-19.85
1141,-34,0.00,-0.16,-1.09,-38.86,-50.58,21.17
1142,-34,0.04,-0.20,-0.88,13.67,23.18,64.20
1143,-37,0.02,-0.10,-0.78,51.79,93.56,79.57
1144,-50,-0.77,0.33,-1.23,180.29,183.74,-7.39
1145,-50,-1.17,0.34,-1.19,192.72,182.56,-43.15
1146,-55,-1.62,0.08,-1.05,196.38,202.79,21.50
1147,-59,-1.55,0.26,-0.88,188.10,158.33,93.05
1148,-62,-1.28,0.23,-0.30,114.29,54.80,64.82
1149,-69,-1.08,0.29,0.02,66.82,23.51,38.39
1150,-52,-0.97,0.40,0.11,0.34,-45.45,7.89
1151,-44,-1.00,0.44,-0.13,-59.36,-71.83,3.30
1152,-42,-1.16,0.59,-0.35,-121.37,-99.74,7.01
1153,-40,-1.31,0.72,-0.70,-170.31,-132.77,2.75
1154,-39,-1.32,0.73,-0.98,-209.74,-173.84,-22.04
1155,-36,-1.43,0.60,-0.96,-241.69,-212.81,-49.76
1156,-34,-1.46,0.47,-1.04,-250.14,-236.82,-68.09
1157,-34,-1.54,0.24,-1.27,-229.79,-250.14,-24.56
1158,-34,-0.81,-0.06,-1.30,-144.04,-194.91,20.13
1159,-33,-0.43,-0.08,-1.28,-129.14,-133.51,11.24
1160,-33,-0.19,-0.14,-1.20,-92.36,-68.19,-6.93
1161,-33,-0.15,-0.16,-1.07,-40.63,7.88,17.85
1162,-34,-0.05,-0.04,-0.87,12.55,77.89,28.27
1163,-37,-0.26,0.06,-0.75,55.47,143.05,19.34
1164,-46,-0.90,0.12,-0.88,161.82,207.28,25.56
1165,-50,-1.31,0.19,-0.87,189.31,216.99,80.98
1166,-58,-1.34,0.45,-0.86,242.62,213.69,109.05
1167,-60,-1.46,0.59,-0.98,250.13,185.71,87.37
1168,-61,-1.47,0.51,-0.93,244.02,141.69,83.66
1169,-61,-1.10,0.63,-0.37,174.70,69.69,68.47
1170,-56,-0.98,0.54,-0.17,124.31,37.98,25.66
1171,-53,-1.05,0.52,-0.01,87.82,17.11,24.01
1172,-50,-0.97,0.57,0.04,39.94,-9.18,22.18
1173,-43,-0.97,0.63,-0.16,-38.23,-37.37,10.94
1174,-40,-1.00,0.64,-0.38,-124.82,-70.65,-17.95
1175,-38,-1.19,0.66,-0.42,-177.77,-118.23,-38.13
1176,-36,-1.61,0.65,-1.40,-186.50,-238.52,-21.45
1177,-36,-0.87,0.08,-1.14,-148.94,-189.40,7.21
1178,-36,-0.54,-0.06,-1.03,-139.29,-137.06,4.16
1179,-35,-0.34,-0.12,-0.84,-123.66,-75.46,-15.57
1180,-35,-0.23,-0.18,-0.79,-101.09,-12.19,-24.75
1181,-35,-0.22,-0.21,-0.69,-12.60,97.50,15.35
1182,-37,-0.37,-0.13,-0.65,32.63,150.68,31.03
1183,-40,-0.57,-0.01,-0.83,87.25,189.97,55.14
1184,-41,-0.92,0.25,-1.06,141.21,202.75,61.70
1185,-46,-1.21,0.38,-1.10,185.27,203.76,76.42
1186,-48,-1.36,0.49,-1.07,218.37,194.70,95.43
1187,-56,-1.40,0.58,-0.99,232.38,178.31,107.93
1188,-55,-1.34,0.70,-0.85,231.44,150.61,105.00
1189,-54,-1.31,0.68,-0.67,211.51,100.76,81.50
1190,-53,-1.26,0.66,-0.36,191.60,43.57,70.33
1191,-38,-1.12,0.74,-0.44,-157.92,-93.32,-27.61
1192,-38,-1.28,0.76,-0.70,-197.70,-125.50,-55.31
1193,-39,-1.35,0.71,-0.91,-221.59,-159.21,-75.73
1194,-36,-1.35,0.62,-1.14,-233.79,-186.14,-100.41
1195,-35,-1.35,0.41,-1.23,-240.22,-193.65,-132.18
1196,-35,-1.22,0.16,-1.30,-227.18,-177.29,-135.90
1197,-35,-1.12,0.03,-1.11,-119.43,-202.18,-58.85
1198,-35,-0.69,-0.10,-0.91,-78.89,-160.04,-3.21
1199,-35,-0.40,-0.08,-1.05,-106.12,-103.67,28.80
1200,-34,-0.16,0.01,-0.98,-73.81,-55.01,17.59
1201,-41,-0.85,0.31,-1.01,192.70,217.53,11.11
1202,-44,-1.20,0.29,-1.19,206.51,204.61,7.01
1203,-46,-1.47,0.11,-1.16,183.90,196.47,51.45
1204,-52,-1.62,0.19,-0.91,176.04,178.33,110.32
1205,-55,-1.49,0.37,-0.82,191.76,122.85,117.69
1206,-52,-1.40,0.33,-0.64,180.44,59.32,93.16
1207,-49,-1.39,0.32,-0.29,135.85,19.03,104.51
1208,-46,-1.15,0.47,-0.01,74.65,-23.11,106.85
1209,-44,-0.92,0.57,-0.09,10.57,-48.84,51.43
1210,-40,-1.08,0.63,-0.29,-125.50,-91.09,-49.40
1211,-39,-1.15,0.61,-0.69,-178.50,-114.02,-82.02
1212,-38,-1.20,0.47,-1.03,-236.81,-129.24,-139.31
1213,-35,-1.23,0.32,-1.00,-250.14,-146.68,-168.04
1214,-35,-1.14,0.12,-1.09,-250.14,-148.46,-180.14
1215,-35,-0.81,0.07,-0.97,-76.92,-212.34,-62.42
1216,-35,-0.65,-0.08,-1.24,-55.45,-157.02,9.37
1217,-35,-0.24,-0.00,-1.34,-70.84,-126.26,48.51
1218,-35,-0.06,-0.02,-1.12,-32.97,-87.99,63.01
1219,-35,-0.04,-0.13,-0.92,14.69,-23.95,89.56
1220,-39,-0.09,-0.03,-0.72,56.18,54.04,102.24
1221,-43,-0.13,0.16,-0.71,96.08,121.21,61.45
1222,-43,-0.40,0.19,-0.84,132.84,168.71,12.65
1223,-47,-1.16,0.15,-1.06,188.68,186.27,-29.81
1224,-63,-1.51,0.18,-0.94,183.21,174.18,124.97
1225,-57,-1.36,0.35,-0.80,197.44,140.18,101.50
1226,-56,-1.38,0.24,-0.67,185.50,96.46,60.85
1227,-56,-1.32,0.21,-0.44,134.13,51.21,63.10
1228,-55,-1.18,0.29,-0.17,75.76,4.65,73.40
1229,-48,-0.94,0.43,-0.07,34.14,-20.89,45.70
1230,-45,-0.85,0.46,-0.05,-2.26,-43.55,3.73
1231,-45,-0.87,0.48,-0.10,-48.76,-55.40,-25.70
1232,-41,-1.04,0.52,-0.32,-106.89,-67.09,-42.54
1233,-40,-1.20,0.58,-0.62,-160.79,-89.97,-53.57
1234,-37,-1.37,0.49,-1.10,-223.21,-151.53,-100.35
1235,-35,-1.28,0.34,-1.21,-244.11,-174.24,-109.56
1236,-35,-1.12,0.16,-1.34,-212.10,-225.40,-77.92
1237,-35,-0.93,0.08,-1.29,-108.59,-212.39,-48.26
1238,-36,-0.46,-0.13,-1.31,-109.18,-116.67,84.56
1239,-36,-0.24,-0.20,-1.17,-62.35,-53.27,146.92
1240,-35,-0.06,-0.32,-1.06,-14.71,13.20,209.24
1241,-36,0.08,-0.23,-0.89,31.71,70.53,224.27
1242,-37,0.06,0.16,-0.80,89.85,98.37,141.94
1243,-40,-0.16,0.42,-0.87,157.63,105.67,48.17
1244,-43,-0.32,0.53,-1.05,209.82,107.40,-42.88
1245,-45,-0.86,0.59,-1.26,233.46,122.24,-87.06
1246,-48,-1.04,0.61,-1.37,228.37,141.50,-68.62
1247,-58,-1.25,0.59,-1.26,203.73,134.79,-49.66
1248,-57,-1.40,0.32,-0.60,177.85,58.23,44.99
1249,-59,-1.34,0.36,-0.24,154.91,7.54,94.02
1250,-58,-1.10,0.52,0.09,121.89,-43.77,140.31
1251,-46,-0.83,0.71,-0.20,-33.36,-76.08,73.47
1252,-44,-0.91,0.73,-0.29,-123.71,-102.97,33.49
1253,-39,-1.10,0.73,-0.44,-181.43,-119.05,6.89
1254,-37,-1.35,0.72,-1.19,-250.14,-149.47,-27.68
1255,-35,-1.26,0.66,-1.36,-250.14,-155.00,-76.81
1256,-34,-1.39,0.33,-1.58,-250.14,-139.14,-125.47
1257,-34,-0.93,0.07,-1.22,-158.24,-185.42,-81.22
1258,-34,-0.75,-0.21,-0.94,-135.20,-139.81,-24.42
1259,-34,-0.27,0.04,-0.70,-94.67,-15.45,-0.72
1260,-34,-0.18,0.02,-0.88,-41.65,14.69,-17.27
1261,-34,-0.22,-0.01,-0.92,-2.24,49.99,-12.01
1262,-38,-0.24,0.01,-0.85,41.18,84.11,-4.37
1263,-41,-0.42,0.12,-0.84,81.19,124.76,-8.24
1264,-43,-0.58,0.16,-0.93,121.71,155.82,-12.78
1265,-52,-1.22,0.28,-0.91,192.89,194.13,66.73
1266,-65,-1.45,0.34,-0.84,195.76,187.93,56.00
1267,-64,-1.41,0.16,-0.55,144.03,114.66,56.68
1268,-68,-1.24,0.23,-0.39,108.69,66.44,45.79
1269,-58,-1.21,0.20,-0.20,72.60,15.09,31.82
1270,-48,-1.10,0.23,-0.05,33.93,-26.67,23.56
1271,-44,-1.09,0.29,-0.16,-9.64,-55.56,1.76
1272,-43,-1.12,0.33,-0.32,-59.69,-87.02,-24.46
1273,-40,-1.20,0.33,-0.43,-108.57,-110.03,-56.83
1274,-40,-1.24,0.36,-0.63,-144.92,-136.24,-83.08
1275,-41,-1.23,0.32,-0.80,-164.89,-171.42,-115.44
1276,-38,-1.17,0.03,-1.39,-122.94,-210.93,-82.08
1277,-36,-0.88,-0.12,-1.50,-82.58,-190.24,-34.41
1278,-36,-0.24,-0.15,-1.42,-58.81,-100.31,-16.08
1279,-36,-0.12,-0.23,-1.29,-30.84,-54.76,-1.29
1280,-38,-0.07,-0.21,-1.07,-0.59,2.16,20.65
1281,-41,-0.12,-0.17,-0.86,26.74,64.79,34.92
1282,-43,-0.24,-0.10,-0.81,54.72,119.69,30.69
1283,-48,-0.41,-0.07,-0.87,94.93,163.47,24.77
1284,-49,-0.68,-0.09,-1.03,123.80,189.39,23.20
1285,-52,-1.04,-0.04,-1.15,135.23,195.89,29.95
1286,-60,-1.26,0.02,-1.10,150.63,190.63,53.81
1287,-69,-1.39,0.06,-0.99,160.87,175.50,61.21
1288,-56,-1.26,0.05,-0.22,92.45,66.39,25.36
1289,-61,-1.15,0.10,-0.08,70.26,21.47,13.47
1290,-70,-1.10,0.13,-0.10,21.94,-20.72,14.47
1291,-47,-0.98,0.25,0.00,-15.01,-57.77,17.68
1292,-43,-0.98,0.35,-0.01,-43.92,-78.91,2.80
1293,-40,-1.14,0.39,-0.32,-91.34,-97.34,-26.60
1294,-38,-1.21,0.39,-0.88,-156.76,-124.97,-71.11
1295,-41,-1.31,0.26,-1.07,-209.90,-163.11,-134.41
1296,-42,-1.33,0.01,-1.04,-204.61,-233.11,-127.43
1297,-40,-1.36,-0.14,-1.24,-130.50,-246.19,-88.94
1298,-36,-0.19,-0.14,-1.25,-45.74,-93.92,61.19
1299,-38,-0.25,-0.15,-0.63,34.98,103.17,33.57
1300,-39,-0.45,-0.09,-0.67,76.03,166.40,37.08
1301,-42,-0.61,-0.04,-0.87,120.33,203.06,34.56
1302,-46,-1.04,0.07,-1.05,157.85,215.88,43.85
1303,-49,-1.28,0.17,-1.14,189.84,206.65,65.92
1304,-58,-1.47,0.15,-1.10,196.69,179.97,93.12
1305,-61,-1.44,0.31,-0.90,202.64,156.77,111.64
1306,-58,-1.30,0.36,-0.79,202.41,119.88,89.98
1307,-57,-1.25,0.32,-0.61,171.01,78.98,73.08
1308,-58,-1.14,0.32,-0.28,126.13,44.86,61.87
1309,-62,-1.05,0.36,0.01,85.50,6.18,61.76
1310,-40,-1.30,0.54,-0.48,-158.54,-78.18,-74.26
1311,-40,-1.26,0.43,-0.80,-204.56,-115.99,-121.97
1312,-42,-1.31,0.30,-0.93,-232.19,-158.60,-161.37
1313,-39,-1.28,0.12,-1.07,-231.32,-229.64,-119.44
1314,-38,-1.22,0.17,-1.28,-152.50,-225.35,-119.75
1315,-38,-1.07,-0.01,-1.33,-98.40,-209.76,-72.45
1316,-38,-0.64,-0.12,-1.56,-89.93,-185.72,-28.97
1317,-37,-0.47,-0.13,-1.45,-67.02,-141.03,6.80
1318,-38,-0.01,-0.27,-1.00,9.05,19.15,58.29
1319,-40,-0.10,-0.27,-0.75,37.42,78.90,85.31
1320,-40,-0.25,-0.06,-0.74,102.31,134.85,106.23
1321,-43,-0.44,0.25,-1.17,171.76,156.08,74.56
1322,-44,-0.94,0.28,-1.31,205.14,156.42,30.69
1323,-50,-1.25,0.23,-1.11,216.69,173.02,49.30
1324,-54,-1.36,0.23,-1.12,222.48,167.26,82.44
1325,-52,-1.40,0.38,-1.07,209.12,143.63,75.42
1326,-52,-1.42,0.42,-0.80,184.74,112.40,43.80
1327,-53,-1.39,0.38,-0.53,151.93,73.41,27.31
1328,-54,-1.28,0.37,-0.26,111.91,32.73,13.40
1329,-44,-1.07,0.40,-0.17,-68.39,-74.69,-30.62
1330,-43,-1.16,0.43,-0.45,-114.65,-96.05,-48.73
1331,-40,-1.24,0.38,-0.73,-161.66,-126.56,-68.28
1332,-40,-1.25,0.29,-0.92,-194.28,-167.04,-79.84
1333,-38,-1.17,0.05,-1.20,-184.24,-211.98,-80.86
1334,-37,-0.98,-0.07,-1.37,-129.30,-208.44,-70.13
1335,-37,-0.74,-0.22,-1.30,-97.47,-182.38,-45.48
1336,-37,-0.30,-0.27,-1.19,-57.35,-105.56,25.78
1337,-38,-0.12,-0.26,-1.12,-38.34,-61.05,46.40
1338,-43,-0.16,-0.23,-0.85,16.67,54.87,54.89
1339,-48,-0.31,-0.15,-1.01,51.85,109.62,61.97
1340,-54,-0.88,0.08,-1.07,153.44,177.50,100.98
1341,-52,-1.03,0.16,-0.88,209.54,194.71,90.38
1342,-68,-1.30,0.33,-0.95,250.13,197.11,71.99
1343,-56,-1.33,0.32,-1.17,250.13,163.96,22.13
1344,-56,-1.54,0.26,-0.96,208.32,135.74,35.35
1345,-56,-1.35,0.40,-0.66,179.48,102.66,41.98
1346,-57,-1.18,0.45,-0.49,138.46,61.95,19.32
1347,-56,-1.03,0.42,-0.29,68.14,25.15,-5.42
1348,-56,-0.98,0.37,-0.08,14.34,-1.01,-28.11
1349,-53,-1.02,0.32,-0.03,-13.53,-22.31,-27.23
1350,-50,-0.97,0.29,-0.12,-55.60,-47.73,-20.72
1351,-48,-1.14,0.39,-0.39,-159.78,-104.40,-37.02
1352,-46,-1.26,0.44,-0.75,-188.73,-139.31,-72.06
1353,-47,-1.36,0.34,-1.05,-219.52,-188.53,-85.74
1354,-41,-1.40,0.27,-1.24,-240.02,-214.84,-70.16
1355,-37,-1.23,0.26,-1.49,-209.02,-215.88,-71.12
1356,-37,-0.90,0.07,-1.63,-168.61,-201.56,-64.68
1357,-37,-0.36,-0.13,-1.38,-103.93,-120.11,-10.64
1358,-36,-0.15,-0.18,-1.17,-62.50,-63.15,12.63
1359,-36,-0.04,-0.19,-1.01,-30.73,-5.34,15.20
1360,-38,-0.10,-0.22,-0.85,7.96,57.96,30.08
1361,-40,-0.41,-0.11,-0.82,102.08,167.73,36.22
1362,-43,-1.01,0.03,-1.26,165.95,174.44,59.47
1363,-45,-1.21,0.18,-1.18,179.36,169.15,91.88
1364,-50,-1.20,0.28,-1.11,195.58,158.18,101.85
1365,-51,-1.22,0.29,-0.76,159.19,105.34,52.01
1366,-51,-1.16,0.30,-0.19,95.00,37.05,58.85
1367,-48,-1.06,0.38,-0.09,49.42,-0.21,40.03
1368,-44,-1.01,0.33,-0.16,-1.53,-35.11,8.94
1369,-42,-1.03,0.30,-0.21,-61.92,-62.21,-17.38
1370,-39,-1.10,0.34,-0.42,-121.74,-87.27,-39.44
1371,-36,-1.15,0.38,-0.64,-164.04,-118.01,-74.15
1372,-36,-1.26,0.37,-0.91,-183.11,-157.61,-103.39
1373,-36,-1.35,0.24,-1.23,-183.98,-200.61,-85.73
1374,-36,-1.24,0.10,-1.49,-153.14,-224.56,-64.44
1375,-36,-1.05,-0.03,-1.49,-117.05,-223.90,-19.31
1376,-35,-0.14,-0.18,-0.88,-48.04,-30.76,14.69
1377,-36,-0.09,-0.18,-0.78,4.69,18.20,8.37
1378,-39,-0.28,-0.16,-0.71,119.51,127.39,0.31
1379,-42,-0.49,-0.12,-0.89,165.44,168.95,-7.36
1380,-44,-0.76,-0.01,-1.16,195.34,182.59,10.44
1381,-45,-1.11,0.05,-1.15,211.03,181.15,13.23
1382,-46,-1.35,0.11,-1.11,214.02,183.64,27.25
1383,-49,-1.35,0.15,-1.12,191.67,159.39,31.15
1384,-50,-1.38,0.21,-0.85,156.48,117.73,17.46
1385,-50,-1.31,0.18,-0.56,128.41,68.85,12.35
1386,-49,-1.21,0.16,-0.31,96.70,29.52,19.14
1387,-48,-1.08,0.20,-0.06,63.22,-9.39,25.30
1388,-38,-1.13,0.19,-0.27,-117.08,-105.51,-50.21
1389,-36,-1.31,0.14,-0.54,-135.89,-136.31,-66.98
1390,-35,-1.41,0.03,-0.92,-144.27,-174.66,-41.85
1391,-35,-1.24,-0.09,-1.20,-155.63,-189.31,-43.93
1392,-36,-1.09,-0.18,-1.17,-141.85,-191.98,-53.68
1393,-36,-0.92,-0.31,-1.17,-118.37,-181.75,-50.23
1394,-36,-0.69,-0.35,-1.15,-89.05,-156.09,-33.66
1395,-35,-0.48,-0.34,-1.15,-55.59,-118.49,-11.53
1396,-35,-0.23,-0.33,-1.17,-34.09,-76.88,10.39
1397,-35,-0.14,-0.30,-1.01,-13.76,-26.88,28.10
1398,-41,-0.53,-0.14,-0.98,82.98,205.08,6.79
1399,-44,-0.91,-0.23,-1.17,105.95,228.48,2.11
1400,-49,-1.13,-0.16,-1.30,104.67,223.77,34.47
1401,-53,-1.28,-0.15,-1.18,111.82,198.26,58.32
1402,-56,-1.33,-0.03,-0.98,115.87,170.50,80.03
1403,-55,-1.26,0.00,-0.63,92.16,85.47,45.61
1404,-49,-0.98,0.20,0.01,8.05,-25.98,22.98
1405,-43,-0.98,0.21,-0.14,-44.76,-56.49,3.25
1406,-39,-1.07,0.28,-0.24,-89.08,-82.74,-6.47
1407,-40,-1.28,0.23,-0.97,-198.59,-192.69,-72.17
1408,-42,-1.30,0.13,-1.19,-187.00,-212.40,-76.85
1409,-42,-1.22,-0.02,-1.45,-140.97,-209.90,-63.05
1410,-43,-0.93,-0.13,-1.59,-107.54,-193.60,-31.49
1411,-42,-0.61,-0.16,-1.51,-101.30,-166.13,-15.94
1412,-40,-0.39,-0.18,-1.37,-81.28,-123.45,-8.69
1413,-38,-0.21,-0.18,-1.21,-52.53,-72.33,3.19
1414,-37,-0.10,-0.17,-1.10,-19.37,-16.85,8.60
1415,-36,-0.24,-0.19,-0.84,46.31,99.39,21.60
1416,-38,-0.40,-0.14,-0.90,94.54,150.41,34.83
1417,-41,-0.65,-0.09,-1.14,134.46,180.10,49.96
1418,-45,-0.94,0.02,-1.33,168.98,194.71,70.91
1419,-50,-1.06,0.13,-1.27,184.79,197.83,45.78
1420,-54,-1.22,0.16,-1.22,171.21,177.37,25.88
1421,-54,-1.33,0.16,-0.92,164.86,161.40,48.31
1422,-52,-1.20,0.23,-0.77,152.74,132.99,62.17
1423,-51,-1.08,0.27,-0.59,120.18,96.31,32.67
1424,-51,-1.09,0.20,-0.32,88.22,57.72,9.50
1425,-52,-1.08,0.13,-0.16,70.20,22.02,13.31
1426,-54,-1.02,0.11,-0.17,38.46,-11.16,13.55
1427,-42,-1.00,0.24,-0.25,-56.95,-61.08,-15.38
1428,-37,-1.18,0.34,-0.72,-159.16,-119.54,-79.60
1429,-40,-1.28,0.09,-1.03,-210.02,-207.80,-108.97
1430,-42,-1.22,0.11,-1.18,-178.76,-223.93,-105.69
1431,-43,-1.07,0.06,-1.50,-135.80,-224.29,-87.66
1432,-45,-0.80,-0.02,-1.65,-109.15,-200.18,-60.88
1433,-43,-0.48,-0.07,-1.52,-98.32,-169.66,-40.55
1434,-35,-0.05,-0.19,-1.10,-8.06,-9.49,36.04
1435,-36,-0.05,-0.18,-0.95,20.07,56.65,47.41
1436,-37,-0.17,-0.11,-0.88,51.24,127.45,51.92
1437,-37,-0.28,-0.09,-0.96,87.69,190.15,33.40
1438,-43,-0.69,-0.06,-1.14,114.24,221.26,29.13
1439,-48,-0.92,-0.01,-1.31,141.52,218.50,63.97
1440,-56,-1.26,0.15,-1.18,161.08,183.31,108.76
1441,-58,-1.16,0.16,-1.08,150.06,151.68,76.41
1442,-64,-1.15,0.16,-0.85,116.19,119.64,51.73
1443,-64,-1.10,0.13,-0.61,86.95,91.67,35.59
1444,-56,-1.02,0.07,-0.29,20.08,30.37,-1.31
1445,-62,-1.02,0.02,-0.18,-7.06,-5.69,-16.88
1446,-50,-1.04,-0.01,-0.19,-30.28,-43.34,-22.60
1447,-44,-1.08,0.01,-0.29,-53.02,-81.31,-27.37
1448,-40,-1.19,0.05,-0.43,-71.34,-121.82,-39.08
1449,-51,-1.39,0.06,-1.09,-92.82,-243.35,-42.74
1450,-53,-1.29,0.02,-1.38,-74.99,-250.14,-33.88
1451,-47,-1.06,-0.05,-1.55,-64.16,-250.14,-13.34
1452,-43,-0.82,-0.09,-1.56,-69.76,-223.63,4.62
1453,-41,-0.55,-0.09,-1.43,-64.89,-173.03,4.33
1454,-40,-0.21,-0.21,-1.22,-49.57,-68.83,-13.25
1455,-40,-0.15,-0.23,-1.09,-29.03,-11.31,5.75
1456,-40,-0.17,-0.16,-0.93,-5.03,51.18,20.83
1457,-39,-0.28,-0.06,-0.88,22.83,110.65,32.32
1458,-44,-0.74,0.10,-1.24,81.80,197.06,69.35
1459,-52,-0.96,0.20,-1.17,105.19,225.95,81.60
1460,-56,-1.03,0.14,-1.02,138.34,231.17,96.76
1461,-56,-1.24,0.20,-0.95,153.60,227.26,111.07
1462,-56,-1.34,0.36,-0.92,167.47,199.69,87.43
1463,-55,-1.35,0.20,-0.82,157.24,149.80,72.77
1464,-55,-1.37,0.13,-0.55,117.24,103.50,80.63
1465,-55,-1.18,0.21,-0.26,97.31,54.44,66.59
1466,-53,-1.06,0.20,-0.16,17.04,-33.70,7.73
1467,-56,-1.04,0.20,-0.20,-28.66,-67.62,-12.84
1468,-46,-1.09,0.28,-0.36,-75.51,-94.02,-23.95
1469,-39,-1.16,0.34,-0.62,-117.98,-119.49,-59.63
1470,-37,-1.27,0.33,-0.86,-153.23,-152.61,-87.79
1471,-41,-1.34,0.29,-1.05,-177.67,-190.43,-109.03
1472,-42,-1.31,0.26,-1.17,-179.50,-219.82,-119.68
1473,-47,-1.26,0.21,-1.32,-142.53,-232.79,-112.08
1474,-44,-1.08,0.10,-1.45,-94.54,-225.09,-88.11
1475,-38,-0.53,0.03,-1.29,-69.73,-161.31,-46.91
1476,-38,-0.30,-0.04,-1.24,-54.76,-122.15,-28.95
1477,-38,-0.16,-0.12,-1.16,-40.11,-75.65,-6.58
1478,-38,-0.05,-0.16,-1.04,-19.01,-19.24,15.71
1479,-35,-0.09,-0.15,-0.83,4.05,45.94,34.54
1480,-34,-0.18,-0.09,-0.69,27.53,117.18,43.23
1481,-34,-0.32,-0.02,-0.75,62.02,182.79,34.92
1482,-56,-1.24,0.02,-1.11,152.40,221.69,123.82
1483,-56,-1.28,-0.00,-1.09,153.67,187.84,112.98
1484,-56,-1.29,0.06,-0.97,139.23,149.09,97.11
1485,-55,-1.28,0.04,-0.77,114.58,99.46,69.12
1486,-54,-1.23,0.03,-0.46,84.35,52.74,51.24
1487,-53,-1.04,0.03,-0.22,53.51,9.69,44.14
1488,-56,-0.93,0.07,-0.12,18.67,-20.82,31.33
1489,-54,-0.79,0.12,-0.18,-23.08,-42.17,17.87
1490,-46,-0.92,0.29,-0.24,-55.21,-58.69,-14.93
1491,-37,-1.16,0.32,-0.90,-130.51,-115.60,-100.11
1492,-44,-1.50,-0.04,-1.24,-142.24,-221.20,-113.57
1493,-42,-1.30,-0.14,-1.29,-101.21,-250.14,-75.18
1494,-40,-0.94,0.07,-1.14,-95.08,-250.14,-36.60
1495,-38,-0.81,0.06,-1.21,-88.48,-231.95,-17.58
1496,-38,-0.58,0.06,-1.29,-86.08,-175.52,11.40
1497,-37,-0.29,0.02,-1.17,-80.05,-117.52,24.40
1498,-38,-0.18,-0.03,-1.00,-65.08,-49.33,42.49
1499,-37,-0.09,0.04,-0.84,-29.29,20.76,50.21
1500,-37,-0.09,0.04,-0.80,5.79,80.50,29.57
1501,-36,-0.27,-0.03,-0.77,35.07,138.41,27.23
1502,-36,-0.48,0.06,-0.78,84.23,189.41,45.57
1503,-40,-0.72,0.07,-0.93,135.99,222.04,51.96
1504,-49,-1.08,0.10,-1.13,163.02,231.24,69.49
1505,-67,-1.18,0.37,-0.80,159.95,94.83,73.54
1506,-69,-1.11,0.35,-0.58,113.89,61.79,49.29
1507,-55,-0.86,0.24,-0.18,8.22,-2.24,6.24
1508,-47,-0.87,0.27,-0.17,-38.14,-28.87,-13.51
1509,-41,-0.87,0.29,-0.26,-78.92,-58.15,-39.69
1510,-39,-1.08,0.31,-0.40,-108.16,-88.15,-48.89
1511,-37,-1.20,0.39,-0.97,-196.34,-174.47,-70.60
1512,-42,-1.24,0.48,-1.12,-211.24,-197.69,-116.89
1513,-42,-1.25,0.32,-1.31,-169.95,-231.40,-116.92
1514,-42,-1.19,0.17,-1.41,-114.60,-227.50,-66.88
1515,-42,-0.96,0.09,-1.49,-118.55,-202.19,-7.21
1516,-41,-0.66,0.11,-1.28,-108.34,-170.33,1.88
1517,-41,-0.49,0.03,-1.13,-91.39,-129.17,-0.11
1518,-41,-0.33,-0.01,-1.01,-71.33,-84.50,1.85
1519,-39,-0.18,-0.06,-0.95,-48.95,-43.20,-7.20
1520,-38,-0.18,-0.12,-0.84,-20.25,5.41,-5.69
1521,-41,-0.96,0.09,-1.10,161.22,197.89,-7.40
1522,-44,-1.15,0.06,-1.07,165.89,194.24,49.66
1523,-49,-1.26,0.21,-1.03,168.94,187.64,78.37
1524,-58,-1.26,0.26,-0.83,148.50,123.97,80.66
1525,-59,-1.20,0.26,-0.69,118.83,83.58,75.39
1526,-40,-0.96,0.33,-0.27,-53.91,-39.37,-18.05
1527,-39,-1.03,0.29,-0.44,-95.89,-66.94,-73.61
1528,-38,-1.14,0.29,-0.77,-150.82,-137.05,-124.64
1529,-42,-1.18,0.21,-0.93,-163.15,-164.54,-140.08
1530,-41,-1.20,0.06,-1.18,-154.93,-198.34,-119.82
1531,-44,-1.12,0.05,-1.22,-93.23,-218.59,-75.73
1532,-44,-0.94,0.01,-1.33,-81.89,-206.67,-34.63
1533,-39,-0.51,-0.07,-1.29,-70.24,-143.71,1.22
1534,-39,-0.25,-0.09,-1.15,-49.15,-95.37,17.97
1535,-38,-0.09,-0.08,-1.03,-27.39,-50.76,9.66
1536,-38,-0.12,-0.14,-0.84,0.66,8.31,10.34
1537,-38,-0.14,-0.09,-0.71,41.47,75.39,3.82
1538,-36,-0.25,-0.08,-0.84,79.24,136.11,-10.19
1539,-38,-0.46,-0.08,-1.04,101.64,176.55,-3.89
1540,-45,-0.92,-0.05,-1.19,129.79,206.70,38.11
1541,-54,-1.06,-0.02,-1.22,162.60,216.27,74.82
1542,-55,-1.19,0.04,-1.15,169.85,207.64,99.92
1543,-61,-1.26,0.16,-0.51,112.25,76.52,65.18
1544,-54,-1.17,0.19,-0.21,82.13,26.46,63.94
1545,-56,-1.03,0.23,-0.01,35.97,-8.78,45.63
1546,-46,-0.88,0.27,-0.10,-19.88,-31.98,3.32
1547,-42,-0.91,0.27,-0.19,-75.94,-57.02,-40.50
1548,-40,-1.00,0.28,-0.33,-117.87,-84.85,-62.63
1549,-38,-1.15,0.32,-0.64,-144.62,-118.11,-90.94
1550,-43,-1.36,0.32,-0.96,-164.00,-158.89,-118.83
1551,-48,-1.34,-0.12,-1.42,-113.70,-250.14,-37.07
1552,-43,-0.95,-0.01,-1.53,-93.98,-242.86,-6.36
1553,-38,-0.28,-0.20,-1.58,-79.99,-162.86,17.14
1554,-38,-0.06,-0.24,-1.26,-61.35,-89.83,57.01
1555,-39,0.09,-0.08,-0.78,15.14,70.50,75.53
1556,-38,-0.04,0.05,-0.74,69.69,140.27,37.24
1557,-38,-0.28,0.18,-0.98,128.66,190.94,-23.08
1558,-43,-0.64,0.01,-1.13,164.37,203.82,-53.34
1559,-53,-1.38,-0.23,-1.22,174.34,232.50,-1.22
1560,-54,-1.37,-0.15,-1.28,174.97,226.52,79.56
1561,-59,-1.36,0.16,-1.20,167.86,202.04,86.43
1562,-56,-1.45,0.09,-0.87,122.71,129.82,33.45
1563,-54,-1.35,0.16,-0.54,87.82,88.76,28.32
1564,-46,-1.23,0.42,0.15,68.60,-20.02,60.31
1565,-41,-1.14,0.61,-0.21,-57.76,-93.41,30.05
1566,-42,-1.29,0.59,-0.76,-208.27,-168.00,-55.83
1567,-46,-1.32,0.47,-1.11,-236.14,-199.80,-129.87
1568,-46,-1.42,0.26,-1.29,-241.24,-223.38,-156.22
1569,-48,-1.28,-0.02,-1.55,-200.53,-250.14,-103.95
1570,-43,-1.18,-0.01,-1.41,-99.79,-250.14,-33.25
1571,-41,-0.82,-0.03,-1.50,-115.37,-226.34,-7.76
1572,-40,-0.56,-0.01,-1.37,-125.15,-183.53,-26.44
1573,-39,-0.09,-0.18,-1.28,-58.62,-68.46,12.04
1574,-38,-0.07,-0.16,-1.01,-28.93,3.94,30.43
1575,-36,-0.13,-0.09,-0.78,10.82,81.11,43.42
1576,-36,-0.42,0.11,-0.80,63.92,155.28,54.14
1577,-37,-0.53,0.18,-0.84,138.45,200.43,60.76
1578,-41,-0.71,-0.12,-1.02,159.28,218.03,56.33
1579,-55,-1.14,0.31,-1.01,185.41,202.06,143.21
1580,-66,-1.42,0.45,-0.89,214.33,193.35,121.37
1581,-64,-1.41,0.41,-0.89,223.04,167.95,81.05
1582,-68,-1.45,0.31,-0.72,209.24,121.80,67.38
1583,-64,-1.48,0.26,-0.47,182.50,68.98,62.42
1584,-56,-1.02,0.45,-0.16,85.37,-25.21,63.84
1585,-46,-0.92,0.51,-0.08,0.60,-50.73,2.55
1586,-44,-0.96,0.53,-0.05,-71.73,-70.46,-35.16
1587,-41,-1.03,0.56,-0.16,-115.60,-86.89,-50.65
1588,-43,-1.19,0.60,-0.96,-213.98,-134.44,-90.40
1589,-44,-1.20,0.47,-1.14,-250.14,-169.71,-156.61
1590,-44,-1.23,0.31,-1.13,-250.14,-187.65,-187.73
1591,-41,-0.63,-0.08,-1.55,-89.72,-185.95,-7.85
1592,-40,-0.37,-0.02,-1.46,-79.64,-136.81,27.37
1593,-37,-0.22,-0.16,-1.43,-23.73,-84.78,78.02
1594,-37,-0.04,-0.31,-1.24,2.47,-17.08,164.20
1595,-38,0.19,-0.05,-0.92,48.50,42.80,124.94
1596,-39,-0.11,0.08,-0.76,98.91,109.48,41.01
1597,-40,-0.53,0.13,-0.91,144.51,176.74,-27.24
1598,-44,-0.69,0.06,-1.11,163.36,194.68,-50.99
1599,-56,-1.49,0.20,-1.12,183.50,221.03,93.14
1600,-64,-1.22,0.35,-1.08,183.65,196.55,94.55
1601,-63,-1.27,0.32,-0.91,170.05,159.71,89.11
1602,-69,-1.21,0.38,-0.72,174.81,131.66,88.34
1603,-72,-1.16,0.44,-0.61,181.85,85.50,92.43
1604,-64,-1.22,0.40,-0.50,154.79,38.08,80.09
1605,-50,-1.01,0.46,-0.05,-6.17,-32.40,46.57
1606,-45,-0.95,0.42,-0.12,-93.43,-50.35,-18.05
1607,-43,-0.98,0.38,-0.34,-163.76,-74.43,-66.52
1608,-47,-1.21,0.51,-0.80,-212.21,-129.35,-125.49
1609,-49,-1.25,0.54,-1.13,-218.09,-151.40,-146.22
1610,-47,-1.17,0.42,-1.44,-223.69,-151.27,-173.45
1611,-47,-0.73,0.16,-1.48,-170.94,-225.44,-117.82
1612,-47,-0.77,0.19,-1.12,-69.24,-202.30,-69.53
1613,-45,-0.22,0.12,-1.44,-96.85,-143.47,4.32
1614,-44,-0.12,0.07,-1.31,-45.16,-103.28,3.54
1615,-43,-0.04,-0.18,-1.19,9.51,20.56,48.50
1616,-40,-0.42,0.10,-1.17,70.37,162.02,48.87
1617,-40,-0.74,0.30,-1.29,107.63,180.32,16.25
1618,-51,-1.18,0.28,-1.01,139.18,162.37,112.16
1619,-69,-1.26,0.36,-0.80,166.54,161.70,148.60
1620,-63,-1.14,0.40,-0.64,207.05,144.17,169.38
1621,-61,-1.34,0.62,-0.72,234.40,112.60,153.56
1622,-60,-1.13,0.52,-0.72,232.17,62.05,91.18
1623,-55,-0.85,0.47,0.01,20.79,-2.97,-11.73
1624,-49,-1.10,0.54,-0.41,-60.98,-38.96,-50.77
1625,-46,-1.20,0.68,-0.81,-106.15,-81.48,-76.96
1626,-52,-1.22,0.65,-1.00,-165.93,-126.26,-105.81
1627,-64,-1.27,0.59,-1.12,-213.39,-169.37,-144.44
1628,-48,-1.22,0.52,-1.32,-231.63,-199.15,-174.02
1629,-48,-1.41,0.28,-1.77,-216.95,-223.70,-135.82
1630,-48,-0.84,0.22,-1.88,-105.21,-249.29,-69.35
1631,-44,-0.42,-0.10,-2.00,-114.32,-214.08,11.89
1632,-40,0.00,-0.08,-1.71,-107.66,-143.31,36.05
1633,-37,0.26,-0.24,-1.55,-70.25,-79.71,32.24
1634,-67,-1.06,0.44,-1.59,249.24,229.56,88.15
1635,-63,-1.23,0.18,-0.82,131.24,86.96,46.50
1636,-71,-1.11,0.19,-0.51,89.56,43.76,39.49
1637,-54,-1.02,0.22,-0.24,3.68,-57.46,7.42
1638,-45,-1.03,0.28,-0.41,-45.53,-92.30,-10.68
1639,-46,-1.08,0.35,-0.48,-95.44,-124.86,-32.14
1640,-43,-1.15,0.43,-0.71,-132.09,-149.92,-56.94
1641,-47,-1.22,0.41,-0.94,-166.66,-179.78,-79.65
1642,-45,-1.27,0.40,-1.31,-190.44,-231.21,-105.31
1643,-45,-1.10,0.22,-1.56,-157.40,-238.18,-94.37
1644,-44,-0.85,0.12,-1.63,-124.18,-229.47,-47.77
1645,-44,-0.57,0.06,-1.71,-109.86,-190.92,-8.48
1646,-43,-0.26,-0.01,-1.62,-76.37,-138.37,13.08
1647,-39,0.07,-0.22,-1.33,-23.73,-26.37,32.14
1648,-40,-0.09,-0.20,-1.05,6.94,54.67,43.66
1649,-40,-0.23,-0.12,-1.00,37.08,133.92,54.11
1650,-41,-0.40,-0.05,-1.12,68.18,169.10,56.18
1651,-45,-0.71,0.18,-1.10,128.61,192.76,99.85
1652,-46,-0.97,0.21,-1.14,167.63,201.18,111.78
1653,-50,-1.09,0.47,-1.13,199.22,196.78,131.05
1654,-56,-1.23,0.51,-0.92,213.97,137.66,76.47
1655,-56,-1.28,0.46,-0.70,196.63,107.91,60.38
1656,-57,-1.23,0.42,-0.39,84.63,30.63,34.32
1657,-52,-1.14,0.45,-0.13,23.52,-9.26,13.21
1658,-44,-1.07,0.43,-0.15,-30.11,-42.30,-13.31
1659,-44,-1.06,0.37,-0.32,-87.70,-74.12,-34.24
1660,-43,-1.09,0.40,-0.44,-133.62,-97.94,-46.36
1661,-47,-1.20,0.57,-1.00,-188.96,-157.60,-92.22
1662,-44,-1.29,0.51,-1.23,-206.32,-200.01,-107.60
1663,-44,-1.29,0.40,-1.50,-195.79,-225.38,-101.27
1664,-44,-1.16,0.29,-1.65,-142.05,-233.17,-74.35
1665,-43,-0.92,0.13,-1.60,-108.60,-216.85,-27.44
1666,-39,-0.27,-0.05,-1.30,-85.67,-133.65,-20.95
1667,-38,-0.13,-0.18,-1.12,-52.92,-78.76,-12.25
1668,-38,-0.03,-0.25,-1.03,-18.08,-17.24,14.10
1669,-40,-0.11,-0.06,-0.76,57.81,106.25,54.17
1670,-42,-0.39,0.14,-1.17,158.21,182.73,13.92
1671,-46,-0.79,0.31,-1.22,187.40,197.92,19.14
1672,-62,-1.30,0.26,-1.27,191.77,212.14,-4.92
1673,-62,-1.49,0.20,-1.09,160.19,206.62,33.70
1674,-60,-1.43,0.18,-0.90,141.14,172.61,40.19
1675,-60,-1.35,0.16,-0.73,115.34,125.78,49.22
1676,-61,-1.26,0.15,-0.54,81.54,78.03,31.52
1677,-56,-1.16,0.12,-0.16,24.74,-15.14,6.27
1678,-56,-1.12,0.19,-0.29,-12.23,-51.05,-10.79
1679,-52,-1.08,0.23,-0.41,-59.30,-85.64,-27.72
1680,-43,-1.12,0.29,-0.54,-105.69,-109.05,-52.94
1681,-44,-1.18,0.31,-0.75,-143.37,-136.01,-78.92
1682,-51,-1.19,0.32,-1.00,-169.79,-177.00,-91.30
1683,-50,-1.22,0.30,-1.26,-178.53,-218.42,-107.98
1684,-50,-1.17,0.23,-1.54,-132.32,-241.14,-108.25
1685,-53,-1.01,0.04,-1.64,-79.86,-248.11,-62.40
1686,-49,-0.72,-0.01,-1.66,-94.52,-221.09,-13.04
1687,-46,-0.45,-0.02,-1.45,-95.39,-178.36,-14.18
1688,-45,-0.30,-0.13,-1.24,-66.79,-129.52,-11.83
1689,-41,-0.24,-0.02,-0.88,72.92,139.11,59.37
1690,-42,-0.43,0.06,-1.07,89.39,171.13,56.79
1691,-48,-0.71,0.31,-1.03,128.72,205.93,72.30
1692,-66,-1.24,0.15,-1.24,148.82,205.56,40.98
1693,-59,-1.38,0.17,-0.89,151.90,195.90,103.84
1694,-58,-1.26,0.22,-0.80,170.18,170.01,107.26
1695,-58,-1.30,0.25,-0.73,144.18,129.73,65.21
1696,-57,-1.36,0.22,-0.60,94.89,82.54,31.69
1697,-67,-1.30,0.18,-0.41,37.46,31.66,13.65
1698,-57,-1.23,0.21,-0.21,-13.00,-15.20,-5.16
1699,-52,-1.13,0.23,-0.23,-43.17,-57.08,-34.86
1700,-46,-1.11,0.21,-0.38,-74.69,-94.96,-63.14
1701,-44,-1.18,0.22,-0.56,-109.49,-124.60,-72.29
1702,-50,-1.15,0.27,-1.57,-119.91,-233.47,-97.56
1703,-42,-0.36,-0.10,-1.19,-47.11,-133.99,-30.84
1704,-43,-0.25,-0.19,-1.05,-26.44,-94.23,-5.46
1705,-48,-0.11,-0.20,-1.01,-11.76,-44.20,11.06
1706,-53,-0.08,-0.21,-0.87,1.66,7.67,11.08
1707,-48,-0.13,-0.22,-0.77,18.40,61.81,19.99
1708,-47,-0.21,-0.13,-0.78,52.43,118.60,35.04
1709,-46,-0.29,-0.08,-0.94,93.85,168.14,44.88
1710,-44,-0.82,0.19,-1.25,116.27,201.76,56.21
1711,-54,-1.10,0.21,-1.31,151.12,197.08,77.41
1712,-58,-1.26,0.25,-1.13,162.92,187.52,87.17
1713,-54,-1.27,0.19,-1.00,157.92,174.76,92.20
1714,-55,-1.19,0.19,-0.88,124.40,140.58,75.14
1715,-54,-1.26,0.24,-0.66,98.95,99.92,54.18
1716,-55,-1.24,0.16,-0.49,80.99,52.88,32.21
1717,-67,-1.19,0.05,-0.36,41.33,4.24,32.13
1718,-53,-1.14,0.12,-0.20,7.09,-33.58,31.55
1719,-49,-1.06,0.21,-0.28,-24.17,-62.08,6.96
1720,-48,-1.05,0.25,-0.46,-70.36,-86.06,-29.52
1721,-45,-1.09,0.30,-0.61,-115.57,-106.92,-64.02
1722,-60,-1.22,0.21,-1.51,-122.10,-242.48,-83.82
1723,-63,-1.09,0.04,-1.69,-90.88,-250.14,-49.15
1724,-50,-0.91,-0.07,-1.50,-77.66,-237.48,-4.63
1725,-47,-0.64,-0.09,-1.29,-70.60,-194.72,17.07
1726,-46,-0.38,-0.10,-1.15,-65.91,-149.72,6.07
1727,-44,-0.23,-0.15,-1.07,-52.41,-109.56,-6.79
1728,-43,-0.15,-0.22,-0.99,-32.11,-62.03,-1.21
1729,-42,-0.10,-0.24,-0.86,-10.66,-6.11,15.14
1730,-39,-0.53,0.08,-1.01,97.01,188.12,-1.11
1731,-51,-1.44,-0.01,-1.06,150.11,246.18,19.80
1732,-58,-1.31,-0.17,-1.20,136.73,225.70,47.10
1733,-63,-1.39,0.13,-0.67,124.53,149.92,55.79
1734,-58,-1.33,-0.00,-0.62,96.40,85.09,19.73
1735,-53,-1.27,-0.01,-0.31,44.38,33.50,15.66
1736,-50,-1.13,0.05,-0.10,16.04,-12.15,7.72
1737,-47,-1.04,0.11,-0.17,-7.51,-47.83,-13.10
1738,-44,-1.05,0.14,-0.38,-45.90,-80.23,-38.31
1739,-42,-1.16,0.13,-0.55,-93.37,-108.44,-53.77
1740,-46,-1.26,0.17,-0.72,-131.00,-138.34,-71.74
1741,-55,-1.29,0.18,-0.96,-151.52,-180.68,-86.16
1742,-49,-1.35,0.10,-1.21,-148.22,-224.85,-89.40
1743,-48,-1.22,0.10,-1.45,-95.46,-250.14,-79.40
1744,-42,-0.10,-0.16,-0.81,-5.08,32.15,42.07
1745,-40,-0.11,-0.10,-0.77,9.95,95.09,40.90
1746,-41,-0.21,0.01,-0.75,27.48,156.61,33.48
1747,-37,-0.33,0.05,-0.90,53.96,202.09,7.33
1748,-38,-0.46,0.10,-1.08,82.96,230.06,-25.64
1749,-43,-0.82,0.04,-1.30,89.40,242.35,-102.47
1750,-47,-1.34,-0.35,-1.27,77.79,250.13,-42.75
1751,-52,-1.27,-0.07,-1.17,41.78,250.13,85.54
1752,-52,-1.33,-0.04,-0.97,52.26,211.90,50.25
1753,-51,-1.30,-0.17,-0.87,34.83,151.15,27.42
1754,-48,-1.15,-0.16,-0.31,3.21,28.39,19.90
1755,-46,-1.11,-0.15,-0.20,7.98,-29.76,-0.18
1756,-43,-1.14,-0.19,-0.36,-6.40,-87.29,-15.36
1757,-40,-1.20,-0.14,-0.49,-24.67,-136.34,-25.65
1758,-41,-1.25,-0.05,-0.74,-40.60,-188.69,-47.20
1759,-46,-1.40,-0.11,-1.18,-46.98,-250.14,-70.30
1760,-46,-1.33,-0.11,-1.40,-15.15,-250.14,-47.53
1761,-49,-1.29,-0.15,-1.54,0.36,-250.14,-16.98
1762,-46,-1.07,-0.17,-1.64,5.93,-250.14,31.56
1763,-45,-0.74,-0.16,-1.57,-17.34,-246.61,67.34
1764,-43,-0.45,-0.10,-1.36,-41.77,-175.31,69.35
1765,-43,-0.27,-0.12,-1.11,-44.67,-103.58,58.03
1766,-40,-0.04,-0.09,-0.93,-25.75,18.41,41.02
1767,-38,-0.15,-0.00,-0.78,-3.31,70.56,23.40
1768,-38,-0.26,0.05,-0.76,19.77,123.00,25.14
1769,-38,-0.41,0.10,-0.85,35.21,166.01,23.64
1770,-38,-0.68,0.15,-0.98,51.70,195.10,7.85
1771,-44,-0.87,0.18,-1.08,85.83,209.84,16.69
1772,-48,-1.26,0.03,-1.08,106.65,219.76,48.85
1773,-55,-1.40,0.08,-1.04,135.33,231.20,100.52
1774,-54,-1.52,0.17,-1.03,166.11,200.16,98.08
1775,-53,-1.59,0.17,-0.85,172.27,154.21,104.50
1776,-52,-1.30,0.20,-0.28,130.30,43.27,82.15
1777,-51,-1.03,0.20,0.00,34.71,-44.69,12.21
1778,-46,-0.97,0.23,0.00,-9.76,-70.37,5.15
1779,-43,-0.91,0.32,-0.12,-53.92,-82.32,-3.23
1780,-41,-0.92,0.40,-0.43,-113.20,-84.47,-28.98
1781,-40,-1.13,0.50,-0.61,-175.11,-86.08,-95.40
1782,-45,-1.35,0.57,-0.87,-198.08,-104.88,-161.53
1783,-44,-1.47,0.27,-1.14,-206.47,-167.21,-174.59
1784,-51,-1.57,0.08,-1.23,-195.47,-218.67,-139.79
1785,-50,-1.48,0.11,-1.26,-118.58,-250.14,-96.89
1786,-46,-1.23,0.01,-1.47,-63.03,-250.14,-28.11
1787,-43,-0.48,0.03,-1.52,-70.03,-181.98,125.71
1788,-41,-0.08,0.06,-1.32,-69.03,-111.97,118.37
1789,-36,-0.17,0.22,-0.81,38.02,200.92,36.56
1790,-35,-0.38,0.25,-0.98,42.15,250.13,-16.33
1791,-39,-0.65,0.09,-1.11,56.42,248.04,-8.62
1792,-50,-1.40,0.37,-1.44,156.26,212.18,118.36
1793,-51,-2.00,0.34,-0.85,163.63,118.81,225.16
1794,-51,-1.15,0.40,-0.39,117.60,51.67,90.66
1795,-52,-1.09,0.34,-0.08,60.56,11.41,43.39
1796,-51,-1.03,0.28,0.07,26.62,-24.80,0.84
1797,-43,-1.03,0.19,-0.11,-57.44,-100.15,-44.69
1798,-41,-1.23,0.32,-0.26,-91.76,-129.47,-44.39
1799,-41,-1.31,0.60,-0.62,-113.20,-157.02,-54.42
1800,-41,-1.41,0.68,-1.01,-140.18,-196.97,-67.73
1801,-39,-1.44,0.74,-1.23,-164.21,-236.94,-79.52
1802,-41,-1.43,0.59,-1.38,-158.24,-250.14,-78.23
1803,-40,-1.17,0.29,-1.52,-120.03,-248.87,-35.28
1804,-41,-0.86,0.13,-1.25,-97.01,-210.03,9.02
1805,-40,-0.58,0.08,-1.19,-117.23,-149.42,31.97
1806,-40,-0.36,0.08,-1.03,-97.11,-87.35,36.74
1807,-38,-0.28,0.08,-0.82,59.58,117.00,14.81
1808,-37,-0.47,0.22,-0.90,102.50,150.31,22.73
1809,-45,-1.00,0.42,-1.13,167.00,169.79,36.18
1810,-52,-1.25,0.48,-1.07,190.44,171.28,57.07
1811,-56,-1.39,0.42,-1.05,210.82,158.53,97.27
1812,-53,-1.41,0.50,-0.89,208.91,139.53,133.69
1813,-55,-1.33,0.63,-0.74,207.31,110.76,146.37
1814,-56,-1.10,0.72,-0.61,185.58,79.43,103.52
1815,-55,-1.02,0.59,-0.37,128.92,48.73,73.50
1816,-56,-0.86,0.48,0.06,32.57,-13.81,3.48
1817,-58,-0.85,0.35,0.04,-23.05,-42.60,-22.89
1818,-42,-0.98,0.57,-0.13,-126.92,-69.56,32.18
1819,-40,-1.09,0.93,-0.57,-177.62,-86.85,4.49
1820,-43,-1.27,1.13,-0.93,-225.01,-121.60,-59.98
1821,-40,-1.45,1.04,-1.01,-246.81,-167.65,-79.09
1822,-40,-1.52,1.04,-1.17,-247.92,-196.85,-68.94
1823,-40,-1.39,0.84,-1.28,-233.23,-222.53,-56.92
1824,-39,-1.26,0.64,-1.25,-209.24,-219.08,-11.69
1825,-39,-0.89,0.46,-1.22,-163.71,-192.62,48.15
1826,-39,-0.45,0.33,-1.20,-139.05,-139.90,55.98
1827,-38,-0.20,0.20,-1.17,-118.97,-85.79,4.40
1828,-35,-0.40,0.21,-0.74,64.70,128.98,-5.15
1829,-41,-0.86,0.35,-0.93,168.71,192.00,25.39
1830,-51,-1.13,0.46,-0.88,233.99,210.23,42.03
1831,-63,-1.27,0.38,-0.98,250.13,223.15,97.77
1832,-53,-1.36,0.66,-1.19,250.13,215.62,116.33
1833,-55,-1.21,0.86,-1.12,250.13,176.59,91.82
1834,-58,-1.18,0.79,-0.82,231.66,140.92,110.75
1835,-60,-0.95,0.91,-0.74,202.58,108.93,106.43
1836,-60,-0.80,0.80,-0.63,136.15,72.16,60.90
1837,-60,-0.74,0.72,-0.29,70.82,31.99,19.68
1838,-55,-0.76,0.68,-0.21,33.82,-1.38,9.62
1839,-50,-0.80,0.57,-0.40,-78.47,-69.05,5.78
1840,-46,-0.87,0.67,-0.40,-118.09,-94.40,8.89
1841,-40,-0.92,0.81,-0.62,-156.08,-121.30,0.74
1842,-40,-1.17,0.91,-0.99,-241.60,-180.53,-33.01
1843,-37,-1.28,0.88,-1.15,-250.14,-192.50,-37.39
1844,-37,-0.87,0.50,-1.13,-191.24,-155.36,-14.79
1845,-37,-0.66,0.31,-0.96,-157.27,-120.33,13.09
1846,-38,-0.42,0.20,-0.91,-128.45,-72.05,30.47
1847,-36,-0.26,0.21,-0.80,71.56,92.28,-0.92
1848,-37,-0.41,0.35,-0.86,124.62,123.08,4.11
1849,-38,-0.61,0.52,-1.02,166.15,135.94,-9.84
1850,-47,-1.16,0.60,-0.86,223.96,153.37,2.98
1851,-63,-1.35,0.72,-0.87,239.06,154.56,72.29
1852,-58,-1.10,0.74,-0.81,162.11,90.79,56.63
1853,-58,-1.00,0.67,-0.42,115.80,56.83,41.89
1854,-58,-0.83,0.63,-0.18,99.95,18.60,16.42
1855,-55,-0.80,0.41,-0.19,26.24,-45.70,-31.90
1856,-47,-0.81,0.40,-0.20,-21.82,-65.27,-12.17
1857,-44,-0.84,0.48,-0.31,-64.21,-77.47,13.79
1858,-42,-0.83,0.64,-0.43,-104.66,-91.92,13.89
1859,-41,-0.97,0.75,-0.53,-140.74,-108.47,10.81
1860,-41,-1.13,0.93,-0.78,-199.80,-141.18,-12.62
1861,-39,-1.15,0.87,-1.04,-215.20,-152.79,-23.73
1862,-40,-1.16,0.71,-1.11,-250.14,-151.26,-24.16
1863,-40,-1.06,0.65,-1.08,-237.85,-138.40,-25.34
1864,-40,-0.86,0.39,-1.13,-177.74,-120.98,2.60
1865,-40,-0.42,0.18,-0.82,-117.01,-30.89,33.42
1866,-40,-0.32,0.19,-0.77,-61.02,6.64,13.34
1867,-38,-0.42,0.13,-0.84,76.40,75.95,-28.56
1868,-41,-1.01,0.33,-0.95,190.01,114.24,-22.94
1869,-46,-1.18,0.46,-0.87,241.02,140.39,58.55
1870,-64,-1.04,0.72,-0.83,223.12,113.32,39.85
1871,-60,-0.93,0.52,-0.43,130.41,42.97,41.05
1872,-59,-0.85,0.51,-0.29,73.37,16.57,40.11
1873,-55,-0.81,0.53,-0.11,24.83,-0.70,33.37
1874,-49,-0.81,0.62,-0.21,-19.00,-18.19,13.35
1875,-52,-0.92,0.61,-0.29,-65.80,-35.54,-15.32
1876,-49,-1.06,0.65,-0.39,-109.54,-54.45,-8.07
1877,-45,-1.16,0.77,-0.70,-165.37,-82.09,-12.37
1878,-46,-1.18,0.82,-1.01,-224.33,-109.68,-45.46
1879,-43,-1.23,0.73,-1.16,-250.14,-135.28,-89.73
1880,-40,-1.18,0.62,-1.25,-250.14,-178.10,-90.21
1881,-37,-0.59,0.15,-1.20,-137.17,-134.27,-46.16
1882,-36,-0.39,0.06,-1.12,-87.99,-94.13,-27.80
1883,-37,-0.11,-0.12,-1.06,1.44,1.75,14.71
1884,-39,-0.15,-0.11,-0.87,44.09,60.42,34.02
1885,-44,-0.54,0.17,-1.02,215.89,187.02,28.04
1886,-47,-1.04,0.37,-1.20,235.05,206.91,40.35
1887,-54,-1.11,0.48,-1.25,250.13,206.44,62.20
1888,-54,-1.22,0.51,-1.41,225.43,177.63,90.39
1889,-62,-1.26,0.70,-0.98,216.06,119.76,79.97
1890,-57,-0.96,0.54,-0.28,77.54,-0.64,73.74
1891,-53,-0.82,0.62,-0.16,-21.40,-54.29,-9.31
1892,-46,-0.96,0.53,-0.46,-116.15,-88.76,-41.36
1893,-46,-1.10,0.66,-0.84,-217.50,-124.95,-43.16
1894,-47,-1.17,0.67,-1.01,-245.44,-146.96,-65.11
1895,-41,-1.22,0.63,-1.14,-250.14,-164.53,-85.25
1896,-40,-1.38,0.54,-1.24,-250.14,-188.15,-83.44
1897,-40,-1.16,0.48,-1.38,-198.23,-190.43,-83.15
1898,-38,-0.97,0.17,-1.32,-121.78,-190.60,-44.72
1899,-38,-0.64,0.03,-1.32,-111.13,-158.34,4.11
1900,-37,-0.27,-0.00,-1.33,-95.95,-116.83,11.86
1901,-38,-0.08,-0.14,-1.40,-30.86,-60.39,44.18
1902,-40,-0.15,-0.12,-0.93,49.28,69.69,29.81
1903,-41,-0.36,0.11,-0.98,95.22,116.60,14.64
1904,-42,-0.65,0.12,-0.93,134.14,137.40,22.30
1905,-56,-1.27,0.73,-1.07,236.05,175.34,47.97
1906,-63,-1.29,0.62,-1.06,199.50,139.47,27.82
1907,-62,-1.12,0.65,-0.59,135.16,68.47,54.85
1908,-64,-0.76,0.50,-0.24,60.81,5.41,21.60
1909,-52,-0.86,0.50,-0.32,-54.63,-57.00,15.22
1910,-52,-0.97,0.62,-0.49,-103.23,-80.81,15.50
1911,-43,-1.20,0.72,-1.05,-223.18,-139.59,-58.16
1912,-41,-1.23,0.55,-1.29,-244.64,-160.57,-71.91
1913,-38,-0.88,0.24,-1.18,-159.76,-152.69,-28.50
1914,-37,-0.48,0.15,-0.90,-120.62,-87.76,0.82
1915,-37,-0.22,-0.01,-0.82,-53.46,-16.57,-42.76
1916,-40,-0.35,-0.09,-0.65,85.21,112.58,5.97
1917,-39,-0.44,0.03,-0.77,137.94,149.89,6.50
1918,-63,-1.09,0.35,-1.28,246.00,189.45,82.79
1919,-61,-1.09,0.54,-1.17,233.03,169.01,54.18
1920,-56,-1.16,0.56,-1.04,222.44,130.82,31.38
1921,-53,-1.17,0.51,-0.75,154.00,43.54,47.15
1922,-53,-1.04,0.49,-0.48,98.37,1.87,64.98
1923,-55,-0.89,0.51,-0.21,40.25,-25.82,59.37
1924,-56,-0.78,0.51,-0.11,-13.45,-39.74,32.46
1925,-47,-0.78,0.47,-0.17,-67.15,-49.14,-6.10
1926,-43,-0.93,0.42,-0.28,-123.24,-61.58,-44.62
1927,-38,-1.11,0.39,-0.40,-165.05,-77.37,-69.05
1928,-35,-1.34,0.42,-0.66,-192.98,-96.66,-90.45
1929,-35,-1.43,0.44,-1.01,-208.33,-123.11,-123.39
1930,-35,-1.47,0.31,-1.30,-216.08,-176.76,-130.85
1931,-36,-0.83,-0.04,-1.20,-82.95,-218.05,-9.89
1932,-36,-0.45,-0.08,-0.86,-73.76,-133.21,-1.47
1933,-34,-0.23,-0.13,-0.56,-16.98,1.67,-2.92
1934,-34,-0.23,-0.15,-0.48,7.49,43.13,1.53
1935,-35,-0.29,-0.17,-0.43,32.21,82.74,7.72
1936,-36,-0.40,-0.16,-0.42,60.53,123.29,8.60
1937,-37,-0.49,-0.15,-0.51,97.13,163.45,34.47
1938,-43,-0.56,-0.12,-0.71,130.58,201.10,62.97
1939,-47,-0.63,-0.08,-0.95,154.93,237.06,58.79
1940,-47,-1.01,0.19,-1.57,168.95,244.50,25.08
1941,-50,-1.40,0.16,-1.18,112.89,161.40,45.42
1942,-49,-1.31,0.15,-0.91,86.76,121.45,46.15
1943,-53,-1.22,0.05,-0.24,14.05,-19.99,5.67
1944,-47,-1.09,0.13,-0.42,-50.44,-102.89,11.00
1945,-48,-1.11,0.20,-0.58,-87.42,-141.36,-2.29
1946,-38,-1.22,0.19,-1.00,-144.85,-199.79,-28.76
1947,-36,-1.22,0.16,-1.21,-161.59,-221.99,-39.89
1948,-35,-1.15,-0.10,-1.30,-138.46,-250.14,-32.00
1949,-35,-1.00,-0.13,-1.20,-126.54,-233.27,-0.93
1950,-36,-0.75,-0.12,-1.05,-104.50,-196.54,16.73
1951,-36,-0.54,-0.16,-0.84,-95.78,-149.23,10.76
1952,-35,-0.35,-0.13,-0.60,-48.85,-51.69,-22.21
1953,-34,-0.33,-0.07,-0.62,-19.73,-13.06,-33.99
1954,-34,-0.39,-0.10,-0.56,7.02,16.30,-42.31
1955,-35,-0.62,-0.14,-0.35,48.92,74.82,-5.51
1956,-36,-0.77,-0.12,-0.28,60.02,101.94,6.35
1957,-37,-0.92,-0.12,-0.23,67.05,119.06,6.23
1958,-38,-1.12,-0.07,-0.17,72.98,112.82,-33.62
1959,-40,-1.32,-0.13,-0.20,86.16,16.15,46.01
