0,-37,-0.88,0.24,-0.30,3.31,-5.31,1.98
1,-34,-0.92,-0.00,-0.18,-0.48,-6.84,-5.38
2,-34,-0.94,-0.00,-0.19,1.37,-8.51,-6.74
3,-34,-0.96,-0.01,-0.18,3.63,-10.24,-6.37
4,-34,-0.96,-0.02,-0.18,3.61,-12.67,-4.49
5,-34,-0.94,-0.02,-0.15,1.33,-10.66,-9.91
6,-34,-0.91,-0.06,-0.17,-3.79,-8.64,-15.02
7,-35,-0.93,-0.06,-0.17,-3.44,-6.27,-11.86
8,-35,-0.96,-0.07,-0.15,0.57,-6.51,-7.37
9,-35,-0.96,-0.07,-0.14,2.70,-7.59,-4.89
10,-35,-0.93,-0.08,-0.15,2.81,-6.68,-3.80
11,-35,-0.92,-0.06,-0.16,3.21,-5.79,-3.74
12,-34,-0.93,-0.07,-0.17,4.69,-4.61,-4.61
13,-35,-0.93,-0.06,-0.17,5.34,-3.04,-4.08
14,-34,-0.95,-0.07,-0.17,2.34,-1.86,-5.27
15,-34,-0.94,-0.07,-0.17,0.31,-1.58,-3.88
16,-34,-0.95,-0.07,-0.17,0.08,-3.02,-2.21
17,-34,-0.94,-0.08,-0.17,-0.05,-5.10,-0.83
18,-34,-0.93,-0.08,-0.16,-0.27,-4.81,1.07
19,-34,-0.93,-0.08,-0.16,-1.34,-4.21,0.82
20,-34,-0.93,-0.09,-0.16,-1.71,-4.18,-1.45
21,-34,-0.95,-0.10,-0.16,-0.18,-5.18,-1.17
22,-34,-0.94,-0.09,-0.18,2.25,-6.06,2.91
23,-34,-0.93,-0.08,-0.18,2.73,-6.82,-2.29
24,-34,-0.93,-0.09,-0.17,0.94,-6.53,-1.78
25,-34,-0.92,-0.09,-0.18,1.12,-5.75,1.17
26,-34,-0.92,-0.08,-0.20,1.11,-4.73,1.22
27,-34,-0.92,-0.09,-0.17,-1.16,-3.60,0.85
28,-34,-0.94,-0.10,-0.16,-1.44,-3.08,3.15
29,-34,-0.94,-0.10,-0.17,0.18,-3.56,5.18
30,-34,-0.94,-0.09,-0.16,1.44,-3.68,5.95
31,-34,-0.93,-0.08,-0.17,2.39,-4.20,3.56
32,-34,-0.95,-0.09,-0.18,1.65,-6.14,-0.64
33,-34,-0.95,-0.09,-0.18,2.16,-6.63,-0.38
34,-34,-0.94,-0.08,-0.17,2.15,-6.53,0.78
35,-34,-0.93,-0.09,-0.16,0.84,-5.70,2.26
36,-34,-0.93,-0.09,-0.17,1.61,-5.88,3.11
37,-34,-0.93,-0.07,-0.18,2.24,-6.10,1.43
38,-34,-0.94,-0.08,-0.18,1.76,-6.39,-1.03
39,-34,-0.93,-0.09,-0.17,2.21,-6.38,0.15
40,-34,-0.93,-0.08,-0.17,2.93,-6.40,1.59
41,-34,-0.93,-0.08,-0.18,2.11,-5.34,1.84
42,-34,-0.93,-0.08,-0.18,1.42,-4.83,1.42
43,-34,-0.94,-0.08,-0.17,0.90,-4.20,0.56
44,-34,-0.94,-0.08,-0.17,0.94,-4.44,-0.27
45,-34,-0.93,-0.09,-0.18,1.82,-4.95,0.34
46,-34,-0.94,-0.08,-0.18,2.50,-6.34,0.98
47,-34,-0.94,-0.08,-0.18,2.85,-6.42,1.56
48,-34,-0.94,-0.08,-0.17,2.94,-6.12,1.95
49,-34,-0.94,-0.07,-0.17,2.40,-5.79,2.34
50,-34,-0.93,-0.07,-0.18,1.33,-4.69,1.25
51,-34,-0.93,-0.08,-0.18,-0.05,-4.40,0.00
52,-34,-0.93,-0.08,-0.18,-0.31,-4.40,0.03
53,-34,-0.94,-0.09,-0.17,1.02,-5.20,0.69
54,-34,-0.93,-0.09,-0.18,2.90,-5.77,1.59
55,-34,-0.94,-0.08,-0.18,2.73,-6.13,1.40
56,-34,-0.94,-0.08,-0.18,1.40,-5.73,0.96
57,-34,-0.93,-0.08,-0.19,2.07,-5.86,0.68
58,-34,-0.94,-0.07,-0.18,1.79,-5.97,-1.42
59,-34,-0.93,-0.08,-0.18,2.54,-7.53,0.32
60,-34,-0.94,-0.08,-0.18,4.19,-7.73,0.92
61,-34,-0.93,-0.09,-0.17,4.04,-6.98,0.24
62,-34,-0.94,-0.08,-0.18,2.81,-6.38,-0.76
63,-34,-0.93,-0.09,-0.17,2.54,-6.27,-0.71
64,-34,-0.94,-0.08,-0.17,3.21,-6.56,0.47
65,-34,-0.93,-0.08,-0.18,3.20,-6.89,0.89
66,-34,-0.93,-0.08,-0.17,3.11,-6.30,1.11
67,-34,-0.93,-0.08,-0.17,2.63,-5.90,1.36
68,-34,-0.93,-0.09,-0.16,2.77,-5.59,1.67
69,-34,-0.93,-0.08,-0.17,2.59,-5.04,1.27
70,-34,-0.93,-0.08,-0.18,2.66,-5.50,2.05
71,-34,-0.94,-0.09,-0.17,2.68,-4.83,2.16
72,-34,-0.93,-0.09,-0.16,2.60,-4.40,1.67
73,-34,-0.93,-0.08,-0.17,2.87,-4.44,1.52
74,-34,-0.94,-0.08,-0.17,3.43,-4.86,0.82
75,-34,-0.94,-0.08,-0.18,2.62,-4.85,-0.15
76,-34,-0.94,-0.09,-0.17,2.42,-5.27,0.53
77,-34,-0.94,-0.08,-0.16,3.13,-5.18,1.40
78,-34,-0.93,-0.08,-0.18,3.18,-5.15,0.89
79,-34,-0.94,-0.07,-0.17,1.80,-5.16,0.21
80,-34,-0.94,-0.08,-0.17,2.54,-5.43,1.00
81,-34,-0.93,-0.08,-0.17,2.69,-4.87,1.05
82,-34,-0.94,-0.08,-0.17,1.89,-5.14,2.03
83,-34,-0.94,-0.08,-0.17,3.47,-5.15,1.14
84,-34,-0.93,-0.09,-0.18,3.08,-5.79,1.55
85,-34,-0.93,-0.08,-0.18,2.56,-5.46,2.15
86,-34,-0.95,-0.07,-0.17,2.40,-5.04,1.20
87,-34,-0.94,-0.08,-0.18,2.26,-4.95,0.05
88,-34,-0.94,-0.08,-0.18,2.02,-5.32,0.79
89,-34,-0.94,-0.08,-0.18,2.97,-6.28,1.40
90,-34,-0.94,-0.08,-0.18,2.71,-6.03,0.92
91,-34,-0.94,-0.08,-0.16,2.36,-6.31,2.50
92,-34,-0.94,-0.07,-0.18,3.33,-6.61,2.94
93,-34,-0.94,-0.07,-0.17,2.44,-7.17,2.62
94,-34,-0.92,-0.05,-0.17,1.27,-7.47,-0.53
95,-34,-0.92,-0.07,-0.17,1.31,-6.68,-3.36
96,-34,-0.93,-0.10,-0.17,0.98,-4.30,0.46
97,-34,-0.93,-0.08,-0.19,2.71,-4.62,3.30
98,-34,-0.94,-0.07,-0.19,2.82,-4.66,2.48
99,-34,-0.94,-0.08,-0.18,2.05,-5.09,-0.14
100,-34,-0.94,-0.08,-0.18,1.73,-4.58,-0.98
101,-34,-0.96,-0.09,-0.17,1.42,-4.89,3.51
102,-34,-0.94,-0.08,-0.18,1.73,-5.85,7.18
103,-34,-0.94,-0.06,-0.18,1.03,-6.62,4.92
104,-34,-0.94,-0.08,-0.15,-1.79,-7.46,1.08
105,-33,-0.94,-0.07,-0.14,-0.60,-6.99,2.04
106,-33,-0.94,-0.09,-0.16,0.20,-8.36,1.51
107,-33,-0.95,-0.08,-0.17,0.27,-9.60,1.63
108,-33,-0.94,-0.07,-0.18,0.66,-10.06,2.06
109,-32,-0.93,-0.06,-0.18,1.08,-9.79,2.07
110,-32,-0.93,-0.07,-0.18,1.14,-8.18,2.65
111,-32,-0.93,-0.07,-0.17,-0.24,-5.33,2.33
112,-32,-0.93,-0.07,-0.16,-1.18,-3.05,0.05
113,-32,-0.92,-0.06,-0.19,-1.15,-2.21,-0.08
114,-31,-0.94,-0.07,-0.18,0.15,-5.34,2.35
115,-31,-0.94,-0.07,-0.17,2.34,-4.70,2.08
116,-31,-0.94,-0.06,-0.16,3.18,-2.62,-1.03
117,-30,-0.95,-0.08,-0.15,3.03,-1.21,-3.35
118,-30,-0.97,-0.08,-0.15,3.17,-0.45,-4.17
119,-30,-0.98,-0.08,-0.17,0.98,-6.78,-6.63
120,-30,-0.96,-0.08,-0.19,1.11,-12.65,-5.01
121,-30,-0.91,-0.07,-0.16,3.24,-15.34,-2.33
122,-30,-0.91,-0.08,-0.15,3.25,-13.38,-2.17
123,-30,-0.89,-0.09,-0.15,2.31,-10.11,-0.29
124,-30,-0.88,-0.09,-0.15,1.02,-5.71,0.31
125,-30,-0.88,-0.08,-0.16,0.37,-2.82,0.31
126,-31,-0.90,-0.09,-0.17,1.37,-0.98,1.34
127,-31,-0.93,-0.09,-0.17,2.54,-0.51,0.11
128,-32,-0.94,-0.08,-0.17,2.17,-1.30,0.37
129,-32,-0.94,-0.09,-0.17,2.58,-3.29,0.52
130,-32,-0.94,-0.09,-0.18,3.13,-5.15,1.89
131,-33,-0.94,-0.09,-0.17,3.02,-5.83,3.36
132,-33,-0.94,-0.08,-0.16,3.00,-5.53,3.61
133,-33,-0.93,-0.08,-0.16,3.03,-4.24,2.78
134,-33,-0.93,-0.07,-0.18,1.01,-2.73,0.67
135,-34,-0.95,-0.09,-0.18,-2.35,-3.27,-1.37
136,-34,-0.94,-0.09,-0.17,0.02,-4.52,0.81
137,-34,-0.94,-0.10,-0.17,0.15,-4.56,1.50
138,-34,-0.94,-0.09,-0.17,-0.89,-5.44,1.01
139,-34,-0.94,-0.09,-0.19,0.23,-5.92,0.02
140,-34,-0.94,-0.09,-0.19,1.19,-6.00,-1.77
141,-34,-0.95,-0.11,-0.18,0.61,-5.44,-2.19
142,-34,-0.95,-0.11,-0.19,0.15,-4.84,-0.53
143,-34,-0.94,-0.10,-0.18,0.95,-4.42,0.14
144,-34,-0.94,-0.10,-0.18,1.47,-4.13,-2.31
145,-34,-0.94,-0.10,-0.19,0.73,-3.72,-4.10
146,-34,-0.93,-0.11,-0.19,0.76,-3.40,-4.50
147,-34,-0.94,-0.12,-0.19,2.72,-3.91,-4.08
148,-34,-0.94,-0.12,-0.18,3.60,-4.92,-2.50
149,-34,-0.93,-0.12,-0.18,4.31,-5.06,-1.79
150,-34,-0.93,-0.12,-0.18,5.18,-5.49,-2.64
151,-34,-0.93,-0.11,-0.19,4.85,-5.64,-2.20
152,-34,-0.92,-0.11,-0.19,4.24,-5.38,-3.10
153,-34,-0.92,-0.12,-0.19,2.09,-4.46,-3.37
154,-33,-0.92,-0.12,-0.16,0.92,-4.29,-2.79
155,-33,-0.92,-0.12,-0.16,1.50,-4.21,-2.37
156,-34,-0.93,-0.12,-0.20,3.48,-6.34,-1.56
157,-33,-0.92,-0.12,-0.18,1.76,-7.05,-0.10
158,-33,-0.93,-0.12,-0.16,1.33,-7.24,1.63
159,-33,-0.92,-0.10,-0.18,0.82,-6.90,3.05
160,-33,-0.92,-0.09,-0.19,-0.10,-6.18,2.57
161,-33,-0.91,-0.10,-0.20,-3.34,-3.25,-0.60
162,-33,-0.92,-0.12,-0.21,-8.20,-0.22,-4.24
163,-33,-0.92,-0.14,-0.21,-10.42,1.41,-4.64
164,-34,-0.94,-0.15,-0.19,-7.31,0.89,-2.05
165,-34,-0.94,-0.15,-0.19,-1.99,-1.56,2.57
166,-34,-0.94,-0.15,-0.20,1.03,-3.95,5.15
167,-34,-0.93,-0.13,-0.20,2.32,-4.98,3.74
168,-34,-0.94,-0.13,-0.20,1.73,-4.90,1.95
169,-34,-0.95,-0.13,-0.19,0.67,-4.75,1.05
170,-34,-0.94,-0.13,-0.21,0.79,-5.19,2.52
171,-33,-0.94,-0.12,-0.22,1.55,-5.99,2.76
172,-33,-0.93,-0.12,-0.21,0.76,-6.85,0.86
173,-33,-0.94,-0.13,-0.20,-0.72,-7.09,0.39
174,-32,-0.93,-0.13,-0.19,0.02,-7.76,-0.73
175,-32,-0.93,-0.13,-0.20,1.20,-8.02,-0.63
176,-32,-0.93,-0.14,-0.20,2.40,-7.81,-0.13
177,-32,-0.93,-0.14,-0.20,2.11,-7.20,0.66
178,-32,-0.93,-0.12,-0.20,1.91,-4.15,1.28
179,-31,-0.93,-0.12,-0.21,1.75,-3.26,-0.73
180,-31,-0.93,-0.13,-0.20,2.84,-3.53,-0.66
181,-31,-0.94,-0.13,-0.21,4.04,-4.47,0.51
182,-31,-0.93,-0.12,-0.21,4.50,-4.86,0.81
183,-31,-0.93,-0.12,-0.22,4.06,-4.73,0.39
184,-31,-0.94,-0.12,-0.21,3.50,-3.53,-0.42
185,-31,-0.92,-0.12,-0.22,2.43,-4.10,-1.04
186,-31,-0.94,-0.13,-0.21,2.05,-5.15,-1.15
187,-31,-0.94,-0.12,-0.20,3.23,-6.83,0.39
188,-31,-0.94,-0.12,-0.21,4.08,-7.70,0.50
189,-31,-0.93,-0.13,-0.21,2.85,-7.23,0.36
190,-31,-0.92,-0.13,-0.20,2.15,-7.11,-0.40
191,-31,-0.92,-0.13,-0.20,3.12,-6.78,-0.19
192,-31,-0.92,-0.12,-0.20,2.66,-5.87,-1.01
193,-31,-0.92,-0.13,-0.21,1.66,-5.34,-0.69
194,-31,-0.93,-0.13,-0.18,2.47,-5.11,1.04
195,-31,-0.93,-0.12,-0.20,3.73,-5.63,1.89
196,-31,-0.92,-0.13,-0.21,2.95,-5.54,0.72
197,-31,-0.93,-0.13,-0.20,1.48,-5.25,-0.76
198,-31,-0.93,-0.14,-0.20,0.86,-5.47,-0.98
199,-31,-0.93,-0.14,-0.19,1.05,-6.24,1.18
200,-31,-0.93,-0.14,-0.20,1.11,-5.39,-1.47
201,-31,-0.93,-0.15,-0.20,0.02,-5.01,-1.18
202,-31,-0.93,-0.14,-0.20,0.74,-5.41,0.13
203,-31,-0.93,-0.13,-0.20,2.15,-5.86,0.67
204,-31,-0.93,-0.13,-0.21,2.08,-6.29,-0.16
205,-31,-0.92,-0.14,-0.20,1.42,-5.90,-0.63
206,-31,-0.92,-0.15,-0.20,1.05,-5.95,0.37
207,-31,-0.92,-0.13,-0.20,1.67,-5.36,1.78
208,-31,-0.92,-0.13,-0.21,1.53,-5.06,0.93
209,-31,-0.92,-0.14,-0.21,0.91,-5.31,1.21
210,-31,-0.93,-0.13,-0.20,1.43,-5.08,2.64
211,-31,-0.93,-0.13,-0.21,1.74,-4.96,2.67
212,-31,-0.93,-0.14,-0.21,1.19,-4.88,1.69
213,-31,-0.93,-0.15,-0.20,0.60,-4.83,1.11
214,-31,-0.93,-0.15,-0.21,1.23,-5.02,0.71
215,-31,-0.94,-0.15,-0.21,2.02,-5.67,0.67
216,-31,-0.93,-0.14,-0.21,2.85,-5.98,1.18
217,-31,-0.94,-0.14,-0.21,2.60,-6.29,0.29
218,-31,-0.93,-0.14,-0.21,2.69,-6.08,0.05
219,-31,-0.92,-0.14,-0.21,2.91,-5.85,0.21
220,-31,-0.92,-0.13,-0.21,3.55,-5.09,2.22
221,-31,-0.91,-0.11,-0.22,3.89,-5.08,2.95
222,-31,-0.91,-0.13,-0.21,2.09,-4.56,2.90
223,-32,-0.92,-0.13,-0.20,1.29,-4.38,4.36
224,-32,-0.91,-0.14,-0.21,1.98,-3.32,4.35
225,-32,-0.93,-0.14,-0.21,1.78,-2.60,2.48
226,-32,-0.94,-0.14,-0.20,0.49,-2.60,0.79
227,-32,-0.94,-0.14,-0.21,1.60,-3.41,0.98
228,-32,-0.95,-0.14,-0.20,2.24,-4.55,1.66
229,-32,-0.94,-0.13,-0.23,2.23,-5.60,2.14
230,-32,-0.93,-0.13,-0.21,2.66,-6.90,1.94
231,-32,-0.93,-0.13,-0.22,2.84,-7.20,0.55
232,-32,-0.93,-0.13,-0.22,2.55,-7.11,-0.37
233,-32,-0.92,-0.12,-0.21,2.45,-6.79,0.14
234,-32,-0.92,-0.12,-0.21,2.67,-6.33,0.81
235,-32,-0.91,-0.12,-0.21,1.70,-5.73,1.04
236,-32,-0.92,-0.12,-0.22,1.25,-4.79,0.41
237,-32,-0.92,-0.12,-0.21,1.41,-4.18,0.02
238,-32,-0.93,-0.13,-0.22,1.74,-4.11,1.41
239,-33,-0.92,-0.13,-0.21,2.29,-4.47,2.87
240,-32,-0.93,-0.13,-0.23,2.09,-4.74,0.69
241,-32,-0.94,-0.13,-0.23,1.90,-5.40,1.06
242,-32,-0.93,-0.13,-0.21,2.09,-5.06,1.92
243,-33,-0.93,-0.13,-0.22,1.88,-5.51,0.85
244,-32,-0.93,-0.13,-0.22,2.55,-5.64,0.11
245,-33,-0.93,-0.13,-0.22,2.92,-5.69,-0.69
246,-32,-0.94,-0.14,-0.22,1.78,-6.09,-0.20
247,-32,-0.93,-0.12,-0.22,3.51,-6.68,1.53
248,-32,-0.92,-0.12,-0.21,3.39,-6.13,0.00
249,-32,-0.92,-0.13,-0.22,2.34,-5.82,-0.08
250,-32,-0.92,-0.12,-0.22,2.94,-5.09,0.12
251,-32,-0.93,-0.12,-0.21,2.57,-5.01,-0.46
252,-32,-0.93,-0.13,-0.23,2.36,-5.31,0.08
253,-32,-0.93,-0.13,-0.21,3.13,-5.61,0.82
254,-32,-0.93,-0.12,-0.22,2.76,-5.93,0.89
255,-32,-0.93,-0.13,-0.21,1.35,-6.32,-0.05
256,-32,-0.92,-0.13,-0.21,2.74,-6.51,1.31
257,-32,-0.91,-0.13,-0.21,2.97,-5.50,1.01
258,-32,-0.93,-0.13,-0.21,1.74,-5.40,-1.12
259,-32,-0.93,-0.13,-0.21,2.04,-5.96,-0.46
260,-32,-0.93,-0.13,-0.21,3.33,-6.28,0.34
261,-32,-0.93,-0.13,-0.22,3.27,-6.48,1.09
262,-32,-0.93,-0.13,-0.21,2.36,-6.87,0.68
263,-32,-0.92,-0.13,-0.21,2.47,-6.43,0.67
264,-32,-0.92,-0.13,-0.21,2.68,-5.47,0.68
265,-32,-0.93,-0.14,-0.22,1.53,-5.18,-0.11
266,-32,-0.92,-0.13,-0.20,2.44,-4.69,-0.25
267,-32,-0.93,-0.14,-0.21,3.05,-5.11,-0.30
268,-32,-0.93,-0.13,-0.21,3.19,-5.74,0.71
269,-32,-0.93,-0.13,-0.22,3.08,-6.28,2.11
270,-32,-0.92,-0.13,-0.22,2.71,-6.13,0.58
271,-32,-0.93,-0.13,-0.21,1.91,-6.09,0.65
272,-32,-0.92,-0.13,-0.21,1.45,-5.41,0.13
273,-32,-0.93,-0.13,-0.22,1.63,-5.20,-0.38
274,-32,-0.92,-0.14,-0.21,2.02,-6.18,1.55
275,-32,-0.92,-0.13,-0.21,2.17,-6.37,0.51
276,-32,-0.91,-0.14,-0.21,2.05,-6.37,-0.30
277,-32,-0.92,-0.14,-0.21,2.96,-4.49,0.74
278,-32,-0.93,-0.13,-0.22,2.72,-4.12,1.07
279,-32,-0.93,-0.12,-0.23,2.71,-4.51,0.21
280,-32,-0.94,-0.13,-0.23,2.29,-5.27,0.15
281,-32,-0.93,-0.13,-0.22,1.76,-5.96,0.83
282,-32,-0.93,-0.13,-0.21,2.08,-6.06,0.89
283,-32,-0.93,-0.14,-0.22,1.73,-5.53,0.42
284,-32,-0.93,-0.13,-0.22,2.04,-5.40,-0.79
285,-32,-0.93,-0.14,-0.21,1.89,-5.65,-0.97
286,-32,-0.93,-0.13,-0.21,3.31,-6.64,1.37
287,-32,-0.92,-0.13,-0.21,3.64,-6.36,0.81
288,-32,-0.92,-0.14,-0.22,1.74,-5.98,-0.46
289,-33,-0.92,-0.14,-0.21,0.69,-5.66,0.19
290,-33,-0.92,-0.14,-0.21,1.18,-5.47,0.92
291,-33,-0.93,-0.15,-0.21,1.62,-5.60,1.19
292,-33,-0.92,-0.14,-0.21,1.83,-5.78,1.01
293,-33,-0.92,-0.14,-0.21,1.81,-5.50,0.43
294,-33,-0.93,-0.14,-0.21,2.05,-5.81,0.75
295,-33,-0.93,-0.15,-0.21,1.76,-5.95,1.80
296,-33,-0.92,-0.14,-0.22,2.29,-6.01,1.17
297,-33,-0.92,-0.14,-0.20,2.15,-5.37,-0.24
298,-34,-0.93,-0.15,-0.22,2.68,-6.47,0.63
299,-34,-0.93,-0.14,-0.21,1.78,-5.66,2.24
300,-34,-0.92,-0.13,-0.20,2.84,-7.50,0.76
301,-34,-0.92,-0.14,-0.21,2.34,-7.08,-1.73
302,-34,-0.93,-0.15,-0.20,1.53,-7.00,-0.77
303,-34,-0.92,-0.14,-0.21,1.98,-6.21,0.91
304,-34,-0.93,-0.13,-0.20,2.08,-5.51,0.93
305,-34,-0.92,-0.13,-0.20,1.89,-4.69,-0.60
306,-34,-0.94,-0.14,-0.21,1.88,-4.18,-0.82
307,-34,-0.94,-0.14,-0.23,2.24,-8.94,0.18
308,-34,-0.92,-0.15,-0.20,0.21,-10.78,0.61
309,-34,-0.91,-0.16,-0.21,0.82,-9.79,-0.44
310,-33,-0.92,-0.16,-0.20,0.77,-7.13,0.18
311,-33,-0.93,-0.16,-0.18,1.19,-3.54,0.07
312,-33,-0.92,-0.15,-0.20,0.31,-1.28,-1.59
313,-32,-0.95,-0.16,-0.22,-1.14,-3.20,-4.59
314,-32,-0.95,-0.16,-0.21,-0.05,-7.22,-3.78
315,-32,-0.94,-0.16,-0.21,2.72,-11.24,-3.61
316,-32,-0.93,-0.16,-0.20,4.22,-13.37,-2.02
317,-31,-0.91,-0.16,-0.21,4.13,-13.66,-2.16
318,-31,-0.90,-0.17,-0.20,2.56,-12.35,-1.50
319,-31,-0.90,-0.16,-0.19,1.20,-9.63,-0.82
320,-31,-0.89,-0.16,-0.19,1.02,-7.19,-0.66
321,-31,-0.89,-0.16,-0.19,0.17,-5.85,-0.95
322,-31,-0.92,-0.17,-0.18,1.20,-4.57,1.54
323,-31,-0.92,-0.17,-0.20,2.63,-5.14,1.87
324,-31,-0.91,-0.17,-0.20,3.52,-7.54,2.95
325,-31,-0.92,-0.17,-0.19,4.61,-6.50,3.69
326,-31,-0.92,-0.16,-0.18,4.20,-4.69,3.08
327,-31,-0.93,-0.17,-0.19,1.89,-3.14,0.96
328,-31,-0.93,-0.16,-0.18,1.71,-3.15,-0.44
329,-31,-0.93,-0.17,-0.21,3.69,-4.86,-0.42
330,-31,-0.94,-0.17,-0.20,4.69,-7.21,1.71
331,-31,-0.93,-0.16,-0.17,4.48,-7.57,3.53
332,-31,-0.92,-0.16,-0.19,5.11,-7.45,3.15
333,-31,-0.92,-0.15,-0.19,4.40,-7.02,1.27
334,-31,-0.92,-0.17,-0.19,2.56,-6.04,-0.39
335,-31,-0.93,-0.16,-0.19,1.60,-5.85,0.43
336,-31,-0.92,-0.16,-0.19,2.16,-5.55,1.11
337,-31,-0.93,-0.16,-0.19,2.50,-5.76,0.60
338,-31,-0.92,-0.16,-0.19,2.97,-5.79,0.24
339,-31,-0.93,-0.17,-0.18,2.50,-5.21,-0.05
340,-31,-0.93,-0.17,-0.19,1.71,-5.34,1.72
341,-31,-0.92,-0.16,-0.20,2.91,-5.72,2.99
342,-31,-0.92,-0.16,-0.20,3.54,-5.33,1.92
343,-31,-0.93,-0.16,-0.19,1.82,-5.12,0.68
344,-31,-0.93,-0.17,-0.18,2.12,-5.03,0.85
345,-31,-0.93,-0.16,-0.18,3.23,-4.85,0.67
346,-32,-0.93,-0.17,-0.19,1.75,-5.79,1.39
347,-32,-0.93,-0.15,-0.18,4.11,-6.49,1.92
348,-32,-0.93,-0.16,-0.19,4.15,-6.47,0.95
349,-32,-0.92,-0.15,-0.19,1.08,-5.85,1.05
350,-32,-0.92,-0.15,-0.19,-0.05,-5.01,1.06
351,-32,-0.92,-0.16,-0.19,0.40,-4.59,0.74
352,-32,-0.92,-0.16,-0.19,0.38,-4.52,1.34
353,-32,-0.92,-0.17,-0.20,0.48,-4.53,1.10
354,-32,-0.93,-0.17,-0.18,1.95,-5.20,1.15
355,-32,-0.93,-0.17,-0.19,3.44,-5.06,2.66
356,-32,-0.92,-0.16,-0.19,3.87,-4.79,2.59
357,-32,-0.92,-0.17,-0.19,3.29,-4.42,1.69
358,-32,-0.93,-0.15,-0.20,2.79,-4.33,1.77
359,-32,-0.93,-0.15,-0.20,1.71,-3.39,0.44
360,-32,-0.93,-0.15,-0.19,-0.42,-2.95,-0.88
361,-32,-0.93,-0.15,-0.19,0.08,-4.09,0.47
362,-32,-0.93,-0.16,-0.21,2.81,-7.98,2.40
363,-32,-0.92,-0.16,-0.20,0.22,-7.89,1.73
364,-32,-0.91,-0.16,-0.17,-0.21,-6.68,1.08
365,-32,-0.92,-0.16,-0.18,2.24,-5.24,0.71
366,-32,-0.93,-0.17,-0.20,1.54,-4.01,1.44
367,-33,-0.92,-0.16,-0.19,3.09,-4.13,3.98
368,-33,-0.92,-0.15,-0.20,3.10,-3.76,3.21
369,-33,-0.93,-0.15,-0.20,1.95,-3.20,0.76
370,-33,-0.93,-0.15,-0.21,1.33,-4.09,0.69
371,-33,-0.95,-0.15,-0.21,2.61,-6.74,2.57
372,-33,-0.94,-0.16,-0.19,3.71,-8.14,2.58
373,-33,-0.93,-0.15,-0.20,4.73,-7.76,1.80
374,-33,-0.93,-0.16,-0.20,3.49,-6.95,-0.15
375,-33,-0.92,-0.16,-0.20,2.35,-5.79,-0.38
376,-33,-0.92,-0.15,-0.19,3.11,-5.13,-0.64
377,-33,-0.93,-0.15,-0.21,3.30,-5.18,-0.40
378,-33,-0.93,-0.15,-0.20,2.15,-5.82,-0.65
379,-33,-0.93,-0.15,-0.19,2.21,-6.14,-0.42
380,-33,-0.92,-0.15,-0.20,3.17,-5.67,-0.40
381,-33,-0.92,-0.15,-0.20,3.66,-5.85,-0.73
382,-33,-0.92,-0.17,-0.20,2.61,-5.61,-0.39
383,-33,-0.92,-0.16,-0.18,3.03,-5.45,0.60
384,-33,-0.91,-0.16,-0.20,3.34,-4.89,0.07
385,-33,-0.93,-0.16,-0.19,2.54,-4.27,0.37
386,-33,-0.93,-0.15,-0.19,3.00,-4.74,1.37
387,-33,-0.93,-0.16,-0.21,2.00,-5.92,0.91
388,-32,-0.93,-0.15,-0.19,1.54,-7.04,1.37
389,-32,-0.93,-0.16,-0.19,2.06,-7.05,1.25
390,-32,-0.93,-0.16,-0.20,1.66,-5.53,-0.32
391,-32,-0.92,-0.19,-0.21,-0.27,0.05,-4.04
392,-32,-0.93,-0.19,-0.18,0.39,0.98,-3.22
393,-32,-0.94,-0.18,-0.21,3.85,-1.39,-1.32
394,-32,-0.94,-0.18,-0.22,6.68,-5.84,-0.86
395,-32,-0.94,-0.17,-0.20,7.18,-10.18,0.47
396,-32,-0.93,-0.16,-0.20,8.27,-12.94,1.15
397,-32,-0.91,-0.14,-0.20,6.73,-11.21,2.33
398,-31,-0.90,-0.15,-0.18,2.10,-6.88,0.96
399,-31,-0.90,-0.15,-0.18,-0.90,-3.18,-0.27
400,-31,-0.91,-0.15,-0.19,0.07,-1.51,-0.82
401,-31,-0.92,-0.17,-0.20,0.48,-2.06,-0.51
402,-31,-0.93,-0.17,-0.19,-0.21,-3.23,0.47
403,-31,-0.93,-0.17,-0.19,3.73,-5.61,2.42
404,-31,-0.94,-0.18,-0.20,2.31,-6.06,1.00
405,-31,-0.93,-0.17,-0.19,1.10,-6.35,0.48
406,-31,-0.94,-0.17,-0.20,0.97,-7.15,-0.06
407,-31,-0.92,-0.17,-0.19,1.61,-7.99,0.73
408,-31,-0.92,-0.17,-0.21,1.93,-8.36,0.72
409,-31,-0.92,-0.18,-0.20,0.78,-8.06,-0.01
410,-31,-0.91,-0.18,-0.21,0.85,-7.40,0.29
411,-31,-0.91,-0.17,-0.19,2.61,-6.15,1.85
412,-31,-0.91,-0.17,-0.21,3.11,-5.30,0.82
413,-31,-0.91,-0.17,-0.20,1.87,-4.79,1.23
414,-31,-0.92,-0.17,-0.21,5.84,-4.09,2.10
415,-31,-0.92,-0.17,-0.18,4.27,-3.76,3.08
416,-31,-0.93,-0.15,-0.19,3.93,-3.78,2.09
417,-31,-0.93,-0.15,-0.21,5.27,-5.21,1.09
418,-31,-0.93,-0.17,-0.20,4.24,-6.78,1.38
419,-31,-0.93,-0.17,-0.19,2.76,-6.95,3.35
420,-31,-0.93,-0.15,-0.17,3.35,-5.69,3.79
421,-31,-0.93,-0.15,-0.16,4.16,-4.33,0.87
422,-31,-0.94,-0.16,-0.21,2.86,-5.44,-1.07
423,-31,-0.95,-0.18,-0.21,2.11,-7.59,0.09
424,-31,-0.93,-0.17,-0.18,2.93,-7.76,1.07
425,-31,-0.92,-0.18,-0.20,3.13,-7.65,-0.49
426,-31,-0.92,-0.17,-0.19,4.89,-6.98,-0.67
427,-31,-0.92,-0.17,-0.18,5.49,-5.73,-1.05
428,-31,-0.93,-0.17,-0.19,4.18,-5.40,-1.45
429,-31,-0.92,-0.17,-0.18,4.63,-4.99,-0.17
430,-31,-0.93,-0.16,-0.20,6.14,-5.37,-0.94
431,-31,-0.93,-0.16,-0.21,6.28,-7.50,-1.29
432,-31,-0.92,-0.17,-0.20,4.71,-8.79,-0.13
433,-31,-0.91,-0.18,-0.18,4.18,-8.48,0.62
434,-31,-0.90,-0.17,-0.17,5.29,-7.25,1.44
435,-31,-0.91,-0.16,-0.19,5.26,-4.73,-0.15
436,-31,-0.93,-0.17,-0.21,2.32,-4.92,0.96
437,-31,-0.91,-0.17,-0.18,1.33,-4.95,2.54
438,-31,-0.92,-0.17,-0.17,2.70,-3.70,3.37
439,-31,-0.92,-0.16,-0.19,2.60,-5.04,6.60
440,-31,-0.93,-0.15,-0.18,3.66,-4.51,1.35
441,-31,-0.94,-0.16,-0.17,1.96,-4.22,-0.30
442,-31,-0.94,-0.17,-0.17,2.10,-4.22,0.21
443,-31,-0.93,-0.16,-0.18,3.20,-5.14,0.54
444,-31,-0.93,-0.16,-0.18,3.34,-5.68,-0.12
445,-31,-0.93,-0.17,-0.18,2.51,-6.11,-0.25
446,-31,-0.93,-0.15,-0.18,2.05,-6.31,0.54
447,-31,-0.93,-0.15,-0.20,1.18,-6.63,-0.27
448,-31,-0.93,-0.16,-0.18,-0.63,-6.71,-0.27
449,-31,-0.92,-0.17,-0.19,-0.91,-6.47,0.64
450,-31,-0.92,-0.17,-0.20,0.38,-6.29,0.43
451,-31,-0.92,-0.18,-0.20,0.38,-5.59,0.53
452,-31,-0.93,-0.17,-0.20,-0.18,-4.88,-0.05
453,-31,-0.92,-0.17,-0.19,0.47,-4.71,0.08
454,-32,-0.93,-0.16,-0.20,1.63,-4.63,0.83
455,-31,-0.94,-0.17,-0.20,2.46,-5.39,0.39
456,-31,-0.94,-0.19,-0.25,1.51,-13.82,0.84
457,-31,-0.93,-0.21,-0.19,2.82,-15.21,3.79
458,-31,-0.92,-0.20,-0.13,5.97,-11.61,5.28
459,-31,-0.91,-0.18,-0.13,8.87,-4.85,1.66
460,-31,-0.92,-0.16,-0.15,8.17,0.14,-4.05
461,-31,-0.94,-0.16,-0.17,4.94,1.10,-7.79
462,-31,-0.95,-0.15,-0.19,2.76,-1.34,-8.27
463,-31,-0.95,-0.16,-0.19,2.95,-6.37,-5.38
464,-31,-0.94,-0.16,-0.19,3.37,-10.70,-1.46
465,-31,-0.91,-0.16,-0.18,3.24,-12.62,0.76
466,-31,-0.90,-0.16,-0.18,2.29,-11.53,0.10
467,-31,-0.90,-0.19,-0.17,-3.65,-4.31,-2.59
468,-31,-0.91,-0.20,-0.17,-2.91,-2.37,-0.66
469,-31,-0.91,-0.20,-0.17,-0.77,-2.00,-0.08
470,-30,-0.92,-0.20,-0.17,0.69,-3.09,-0.07
471,-30,-0.92,-0.21,-0.18,1.37,-4.03,0.14
472,-30,-0.94,-0.20,-0.17,2.49,-4.27,1.36
473,-30,-0.95,-0.19,-0.16,2.82,-3.86,0.98
474,-30,-0.94,-0.21,-0.18,0.74,-5.16,-1.98
475,-30,-0.95,-0.22,-0.18,-0.07,-6.78,-2.71
476,-29,-0.95,-0.22,-0.16,2.69,-8.66,2.36
477,-29,-0.93,-0.21,-0.16,4.25,-10.66,2.60
478,-29,-0.92,-0.19,-0.16,5.69,-11.19,0.51
479,-29,-0.90,-0.17,-0.15,6.85,-10.08,-1.44
480,-29,-0.91,-0.15,-0.16,6.29,-8.31,-2.24
481,-29,-0.90,-0.15,-0.18,4.51,-8.11,-2.60
482,-29,-0.92,-0.15,-0.19,2.44,-7.81,-0.60
483,-29,-0.91,-0.18,-0.19,-2.45,-6.97,0.92
484,-29,-0.89,-0.20,-0.18,-5.08,-5.89,0.69
485,-29,-0.90,-0.21,-0.15,-4.20,-4.18,2.60
486,-29,-0.91,-0.21,-0.16,-1.34,-3.11,3.23
487,-29,-0.93,-0.21,-0.17,0.08,-2.93,2.53
488,-29,-0.94,-0.21,-0.17,1.69,-1.55,1.56
489,-29,-0.95,-0.20,-0.18,3.56,-0.54,-1.11
490,-29,-0.93,-0.21,-0.20,4.33,-6.19,-2.78
491,-29,-0.91,-0.20,-0.20,6.44,-7.29,1.20
492,-29,-0.91,-0.22,-0.16,-0.15,3.18,-5.18
493,-29,-0.92,-0.22,-0.20,6.02,1.92,-0.21
494,-29,-0.92,-0.19,-0.20,8.85,-2.52,-1.42
495,-29,-0.93,-0.21,-0.19,9.63,-6.46,-2.13
496,-30,-0.90,-0.19,-0.19,8.80,-9.58,2.68
497,-29,-0.92,-0.20,-0.18,5.39,-8.85,2.41
498,-29,-0.91,-0.20,-0.18,2.38,-6.37,2.19
499,-30,-0.92,-0.21,-0.19,1.57,-3.60,-0.77
500,-30,-0.93,-0.22,-0.19,1.38,-1.65,-2.85
501,-30,-0.93,-0.25,-0.19,1.77,-1.30,-2.26
502,-30,-0.91,-0.23,-0.18,7.58,-5.11,2.73
503,-30,-0.89,-0.20,-0.17,9.16,-4.44,-1.09
504,-30,-0.90,-0.19,-0.16,6.81,-3.63,-3.40
505,-30,-0.92,-0.20,-0.19,5.15,-4.24,-3.07
506,-30,-0.91,-0.21,-0.17,3.14,-4.83,0.57
507,-30,-0.92,-0.20,-0.17,1.67,-4.82,3.23
508,-30,-0.91,-0.20,-0.19,0.77,-5.14,1.59
509,-30,-0.91,-0.21,-0.18,0.32,-5.25,0.21
510,-30,-0.92,-0.22,-0.18,0.40,-6.42,1.13
511,-30,-0.90,-0.19,-0.19,3.33,-5.76,8.75
512,-30,-0.92,-0.20,-0.20,3.22,-4.02,4.69
513,-30,-0.92,-0.22,-0.21,-0.15,-3.11,1.80
514,-30,-0.94,-0.22,-0.19,-0.92,-2.53,2.36
515,-30,-0.95,-0.21,-0.20,0.17,-3.40,2.79
516,-29,-0.94,-0.21,-0.20,1.02,-4.46,1.94
517,-29,-0.93,-0.22,-0.19,1.63,-6.05,0.73
518,-29,-0.93,-0.21,-0.21,2.69,-7.58,1.44
519,-29,-0.92,-0.21,-0.19,2.70,-8.81,1.40
520,-29,-0.91,-0.20,-0.19,2.51,-8.50,2.29
521,-29,-0.91,-0.20,-0.18,3.14,-7.41,2.03
522,-29,-0.91,-0.19,-0.18,2.84,-5.76,1.76
523,-29,-0.91,-0.19,-0.20,1.60,-5.24,-0.21
524,-30,-0.92,-0.20,-0.21,0.52,-5.36,0.50
525,-30,-0.92,-0.20,-0.19,1.66,-5.50,1.84
526,-30,-0.90,-0.20,-0.18,1.08,-5.93,2.34
527,-30,-0.90,-0.20,-0.18,2.82,-5.28,1.50
528,-30,-0.92,-0.20,-0.19,3.04,-4.47,0.03
529,-30,-0.92,-0.20,-0.19,1.62,-4.34,0.63
530,-30,-0.92,-0.19,-0.18,2.54,-3.98,1.89
531,-30,-0.92,-0.19,-0.21,3.45,-4.57,1.07
532,-30,-0.92,-0.19,-0.21,1.89,-4.32,-0.12
533,-30,-0.92,-0.19,-0.20,1.02,-3.73,0.36
534,-30,-0.91,-0.19,-0.19,2.85,-5.96,0.63
535,-30,-0.92,-0.21,-0.19,3.33,-5.23,-0.13
536,-30,-0.92,-0.20,-0.20,3.90,-5.02,1.79
537,-30,-0.93,-0.20,-0.19,3.95,-5.16,0.79
538,-30,-0.93,-0.20,-0.20,1.55,-5.37,-1.85
539,-30,-0.93,-0.21,-0.19,0.95,-5.65,-1.90
540,-30,-0.92,-0.20,-0.19,1.88,-6.69,-0.08
541,-30,-0.92,-0.19,-0.19,1.27,-8.05,0.05
542,-30,-0.91,-0.19,-0.20,1.05,-8.35,-1.69
543,-30,-0.91,-0.21,-0.19,0.32,-7.83,-1.39
544,-30,-0.90,-0.21,-0.19,0.10,-7.54,1.18
545,-30,-0.90,-0.21,-0.19,0.66,-6.63,1.22
546,-30,-0.90,-0.22,-0.19,1.42,-5.89,1.69
547,-30,-0.91,-0.21,-0.19,2.50,-4.73,2.76
548,-30,-0.91,-0.21,-0.20,2.11,-3.82,2.48
549,-30,-0.92,-0.21,-0.21,1.15,-3.39,2.41
550,-30,-0.93,-0.20,-0.20,2.55,-3.62,2.58
551,-29,-0.93,-0.20,-0.21,3.05,-4.76,2.90
552,-30,-0.92,-0.20,-0.19,2.68,-4.81,2.37
553,-29,-0.93,-0.20,-0.18,2.32,-4.66,1.50
554,-29,-0.93,-0.20,-0.19,2.89,-5.42,1.05
555,-29,-0.93,-0.20,-0.20,3.38,-6.31,1.11
556,-29,-0.93,-0.19,-0.20,3.31,-6.24,1.32
557,-29,-0.92,-0.20,-0.18,2.24,-6.45,1.58
558,-29,-0.92,-0.20,-0.20,1.69,-6.53,1.24
559,-29,-0.92,-0.19,-0.18,1.31,-5.96,3.60
560,-29,-0.92,-0.18,-0.18,2.12,-4.95,3.65
561,-29,-0.93,-0.19,-0.21,0.22,-4.24,0.02
562,-29,-0.94,-0.19,-0.20,0.47,-5.14,0.25
563,-29,-0.92,-0.20,-0.19,1.78,-6.18,2.24
564,-29,-0.92,-0.19,-0.19,2.21,-5.69,0.98
565,-29,-0.92,-0.19,-0.21,2.52,-6.47,1.05
566,-30,-0.92,-0.18,-0.21,2.47,-6.71,2.53
567,-29,-0.92,-0.17,-0.20,2.63,-4.82,3.91
568,-30,-0.91,-0.17,-0.20,2.07,-4.22,2.21
569,-29,-0.92,-0.18,-0.21,0.15,-3.75,1.10
570,-30,-0.93,-0.18,-0.19,1.15,-3.50,1.84
571,-30,-0.93,-0.19,-0.19,2.57,-4.51,2.41
572,-30,-0.92,-0.19,-0.21,1.25,-4.49,1.84
573,-30,-0.92,-0.19,-0.18,0.89,-4.04,3.68
574,-30,-0.91,-0.16,-0.19,3.56,-4.61,4.76
575,-30,-0.91,-0.17,-0.20,3.82,-4.44,3.88
576,-30,-0.92,-0.16,-0.20,2.23,-4.17,4.27
577,-30,-0.92,-0.17,-0.20,0.15,-4.13,2.05
578,-30,-0.93,-0.17,-0.22,-2.49,-5.25,1.45
579,-30,-0.92,-0.18,-0.20,-3.13,-6.88,1.51
580,-30,-0.93,-0.19,-0.20,-1.56,-6.70,2.18
581,-30,-0.93,-0.18,-0.20,-0.65,-5.13,2.55
582,-30,-0.93,-0.18,-0.23,0.35,-5.59,0.86
583,-30,-0.93,-0.18,-0.21,0.21,-5.82,0.79
584,-30,-0.92,-0.18,-0.20,1.53,-5.68,1.15
585,-30,-0.91,-0.18,-0.21,3.60,-5.80,3.68
586,-30,-0.89,-0.15,-0.22,6.73,-4.48,6.43
587,-31,-0.91,-0.14,-0.21,7.14,-2.82,4.25
588,-31,-0.93,-0.16,-0.22,1.12,-3.21,1.31
589,-31,-0.93,-0.17,-0.22,1.57,-3.94,2.40
590,-31,-0.94,-0.17,-0.20,2.63,-4.07,3.05
591,-31,-0.94,-0.18,-0.21,2.84,-3.71,2.50
592,-31,-0.93,-0.15,-0.22,3.63,-6.63,-0.49
593,-31,-0.94,-0.15,-0.22,2.76,-7.44,1.21
594,-31,-0.91,-0.15,-0.22,1.91,-6.87,1.70
595,-31,-0.91,-0.15,-0.21,0.51,-5.79,0.01
596,-31,-0.93,-0.17,-0.22,2.40,-4.14,-0.74
597,-31,-0.93,-0.17,-0.23,2.32,-2.56,0.41
598,-31,-0.93,-0.17,-0.22,1.41,-1.08,-0.24
599,-31,-0.92,-0.18,-0.23,1.59,-0.95,-1.26
600,-30,-0.92,-0.18,-0.22,4.01,-1.90,-1.74
601,-30,-0.93,-0.17,-0.22,5.68,-2.56,-1.10
602,-30,-0.94,-0.16,-0.23,5.50,-4.35,-0.76
603,-30,-0.92,-0.16,-0.22,4.78,-5.46,0.85
604,-30,-0.93,-0.15,-0.21,3.02,-6.92,1.02
605,-30,-0.92,-0.16,-0.21,1.76,-7.19,-0.30
606,-30,-0.91,-0.17,-0.22,0.07,-6.92,-1.66
607,-30,-0.92,-0.17,-0.21,-0.42,-6.95,-0.46
608,-30,-0.92,-0.17,-0.21,1.10,-7.18,0.92
609,-30,-0.91,-0.17,-0.22,2.11,-6.92,1.34
610,-30,-0.92,-0.17,-0.22,1.24,-6.62,-0.03
611,-30,-0.91,-0.17,-0.21,1.38,-6.66,0.02
612,-30,-0.92,-0.17,-0.22,3.45,-6.67,1.03
613,-30,-0.92,-0.17,-0.22,3.69,-6.45,1.69
614,-30,-0.92,-0.17,-0.21,2.53,-5.49,1.99
615,-30,-0.92,-0.16,-0.23,3.37,-4.54,1.80
616,-30,-0.92,-0.16,-0.23,2.36,-4.11,0.27
617,-30,-0.93,-0.16,-0.22,1.76,-4.85,0.93
618,-30,-0.92,-0.16,-0.23,3.05,-5.17,2.18
619,-30,-0.93,-0.17,-0.21,3.68,-5.48,2.52
620,-30,-0.92,-0.16,-0.21,2.32,-5.26,1.60
621,-30,-0.93,-0.16,-0.22,2.05,-4.86,0.78
622,-30,-0.92,-0.17,-0.22,2.59,-5.27,0.73
623,-30,-0.92,-0.16,-0.22,2.51,-5.34,1.24
624,-30,-0.92,-0.17,-0.22,2.96,-4.81,1.24
625,-30,-0.93,-0.17,-0.23,2.85,-4.55,0.96
626,-30,-0.93,-0.17,-0.22,2.08,-5.08,0.03
627,-30,-0.93,-0.17,-0.22,3.07,-6.00,1.42
628,-30,-0.93,-0.16,-0.23,3.64,-7.34,2.43
629,-30,-0.92,-0.17,-0.22,1.82,-7.62,2.55
630,-30,-0.92,-0.16,-0.20,1.04,-7.67,2.29
631,-30,-0.92,-0.16,-0.21,2.18,-6.63,1.13
632,-30,-0.92,-0.16,-0.22,1.11,-5.86,-1.14
633,-30,-0.93,-0.18,-0.21,-0.11,-5.79,-0.84
634,-30,-0.93,-0.16,-0.20,2.02,-5.68,1.42
635,-30,-0.92,-0.17,-0.22,3.51,-5.92,1.40
636,-30,-0.92,-0.17,-0.22,2.58,-5.95,0.89
637,-30,-0.92,-0.17,-0.22,1.80,-5.69,0.71
638,-30,-0.92,-0.16,-0.22,1.97,-5.71,1.74
639,-30,-0.91,-0.15,-0.22,2.05,-5.60,1.52
640,-30,-0.92,-0.17,-0.22,1.16,-5.87,1.40
641,-30,-0.92,-0.17,-0.22,1.15,-5.72,1.72
642,-30,-0.92,-0.16,-0.22,1.89,-5.76,2.21
643,-30,-0.92,-0.16,-0.22,1.18,-5.29,2.45
644,-30,-0.93,-0.17,-0.21,1.05,-5.48,1.83
645,-30,-0.92,-0.16,-0.23,2.47,-6.27,1.59
646,-31,-0.93,-0.17,-0.23,2.61,-6.77,0.95
647,-30,-0.93,-0.16,-0.22,1.66,-6.25,1.53
648,-30,-0.91,-0.15,-0.21,3.42,-4.92,1.74
649,-30,-0.92,-0.16,-0.23,2.37,-5.77,-0.69
650,-30,-0.93,-0.16,-0.23,2.10,-6.98,0.84
651,-30,-0.93,-0.16,-0.22,3.25,-7.61,2.66
652,-30,-0.93,-0.16,-0.22,3.67,-6.62,2.97
653,-30,-0.92,-0.15,-0.21,3.44,-5.45,0.98
654,-30,-0.92,-0.16,-0.21,2.88,-4.76,-0.92
655,-30,-0.93,-0.16,-0.21,1.63,-4.10,-1.23
656,-30,-0.93,-0.17,-0.21,1.39,-5.08,-0.50
657,-30,-0.92,-0.17,-0.21,2.05,-6.44,0.58
658,-30,-0.93,-0.16,-0.21,2.73,-7.52,1.13
659,-30,-0.93,-0.16,-0.22,2.29,-7.99,0.31
660,-30,-0.93,-0.16,-0.22,1.04,-7.89,1.22
661,-30,-0.93,-0.16,-0.20,1.72,-6.79,1.42
662,-30,-0.93,-0.16,-0.21,0.20,-5.02,-0.79
663,-30,-0.92,-0.16,-0.22,-1.20,-4.02,-2.68
664,-30,-0.93,-0.17,-0.22,0.47,-4.30,-3.03
665,-30,-0.93,-0.17,-0.22,2.32,-5.38,-1.72
666,-30,-0.93,-0.16,-0.22,2.69,-7.57,0.40
667,-30,-0.91,-0.16,-0.21,3.82,-8.31,2.52
668,-30,-0.92,-0.16,-0.21,-0.63,-6.03,1.06
669,-30,-0.94,-0.18,-0.20,0.02,-5.28,2.00
670,-30,-0.93,-0.18,-0.22,0.63,-6.06,1.74
671,-30,-0.94,-0.18,-0.22,0.91,-7.37,-0.19
672,-29,-0.93,-0.18,-0.20,2.38,-8.55,-0.58
673,-30,-0.92,-0.19,-0.20,3.49,-8.60,-0.50
674,-29,-0.92,-0.18,-0.19,4.37,-7.85,1.04
675,-29,-0.91,-0.16,-0.19,4.95,-6.57,0.95
676,-29,-0.91,-0.16,-0.21,3.47,-5.89,-0.27
677,-29,-0.92,-0.15,-0.21,3.02,-6.13,-0.87
678,-29,-0.92,-0.16,-0.21,2.63,-6.44,-0.22
679,-30,-0.91,-0.16,-0.19,1.82,-6.11,1.60
680,-30,-0.92,-0.16,-0.21,2.15,-6.46,2.00
681,-30,-0.92,-0.17,-0.21,1.82,-5.98,1.23
682,-30,-0.93,-0.17,-0.19,1.63,-6.37,2.43
683,-30,-0.93,-0.16,-0.20,3.75,-5.27,4.15
684,-30,-0.92,-0.16,-0.19,4.50,-5.66,2.90
685,-30,-0.93,-0.16,-0.21,3.13,-5.12,0.64
686,-30,-0.93,-0.17,-0.20,1.75,-5.21,0.07
687,-30,-0.92,-0.16,-0.21,3.55,-5.44,2.44
688,-30,-0.92,-0.15,-0.21,3.78,-5.55,1.40
689,-30,-0.93,-0.18,-0.20,4.43,-5.07,2.77
690,-30,-0.93,-0.15,-0.20,5.40,-5.04,3.50
691,-30,-0.92,-0.16,-0.20,3.21,-4.81,1.12
692,-30,-0.93,-0.15,-0.20,2.93,-4.63,1.29
693,-30,-0.93,-0.15,-0.21,3.29,-4.36,2.07
694,-30,-0.91,-0.15,-0.20,2.24,-3.61,1.03
695,-30,-0.93,-0.15,-0.21,2.06,-3.35,0.23
696,-30,-0.93,-0.17,-0.20,2.44,-3.71,1.35
697,-30,-0.93,-0.17,-0.18,1.99,-3.46,0.49
698,-30,-0.92,-0.16,-0.21,5.10,-4.95,1.45
699,-30,-0.93,-0.16,-0.20,3.26,-5.68,3.08
700,-30,-0.92,-0.14,-0.20,2.55,-5.34,3.47
701,-30,-0.92,-0.14,-0.21,2.98,-5.99,2.08
702,-30,-0.93,-0.16,-0.22,1.31,-6.63,0.91
703,-31,-0.93,-0.16,-0.20,0.08,-5.79,2.43
704,-31,-0.93,-0.15,-0.20,3.52,-5.33,3.82
705,-32,-0.94,-0.15,-0.22,5.72,-4.72,2.88
706,-32,-0.94,-0.17,-0.21,4.59,-5.27,1.44
707,-32,-0.94,-0.16,-0.18,7.07,-4.65,0.68
708,-32,-0.93,-0.16,-0.23,7.21,-6.33,-1.12
709,-31,-0.93,-0.17,-0.19,8.45,-9.49,0.24
710,-32,-0.92,-0.15,-0.18,6.44,-8.27,-0.17
711,-33,-0.90,-0.14,-0.19,7.38,-6.73,-1.75
712,-32,-0.91,-0.14,-0.20,0.13,-4.11,3.85
713,-32,-0.92,-0.14,-0.18,-0.21,-5.19,3.27
714,-32,-0.97,-0.18,-0.18,0.92,-14.35,9.26
715,-33,-0.95,-0.14,-0.18,1.34,-20.33,16.59
716,-34,-0.94,-0.12,-0.20,2.94,-21.91,14.06
717,-34,-0.95,-0.12,-0.14,-4.54,-12.57,2.31
718,-34,-0.94,-0.13,-0.15,-6.47,-7.40,-4.01
719,-34,-0.96,-0.14,-0.17,-7.82,-4.60,-7.50
720,-34,-0.96,-0.16,-0.19,-7.24,-5.98,-8.34
721,-34,-0.95,-0.16,-0.19,-2.68,-8.53,-5.80
722,-34,-0.93,-0.16,-0.17,3.24,-9.96,-4.31
723,-34,-0.92,-0.15,-0.16,5.73,-8.63,-3.27
724,-34,-0.92,-0.14,-0.16,5.06,-4.40,-4.60
725,-33,-0.92,-0.13,-0.17,2.96,-4.04,-2.32
726,-33,-0.93,-0.16,-0.15,0.59,-3.36,-0.97
727,-33,-0.93,-0.16,-0.14,-1.68,-3.57,-1.37
728,-33,-0.93,-0.17,-0.15,-0.15,-4.37,-1.47
729,-33,-0.93,-0.17,-0.16,2.20,-5.11,-1.39
730,-33,-0.94,-0.17,-0.15,1.82,-5.70,-1.09
731,-33,-0.93,-0.17,-0.16,0.64,-6.28,-1.42
732,-33,-0.92,-0.16,-0.18,0.56,-7.64,-1.21
733,-33,-0.91,-0.16,-0.17,0.58,-8.64,-1.65
734,-33,-0.89,-0.18,-0.17,-0.05,-8.02,-0.61
735,-33,-0.91,-0.18,-0.16,0.76,-7.44,2.87
736,-33,-0.91,-0.17,-0.17,3.07,-5.52,3.64
737,-33,-0.91,-0.15,-0.15,3.35,-4.50,3.22
738,-33,-0.95,-0.18,-0.20,2.84,-7.70,5.17
739,-32,-0.95,-0.17,-0.18,2.50,-7.62,7.22
740,-32,-0.93,-0.16,-0.16,3.29,-6.69,5.34
741,-32,-0.92,-0.16,-0.15,2.18,-4.89,0.87
742,-32,-0.95,-0.16,-0.15,2.49,-3.79,-2.42
743,-32,-0.94,-0.17,-0.14,4.51,-2.91,-0.76
744,-33,-0.94,-0.16,-0.14,4.96,-3.27,-0.84
745,-33,-0.94,-0.16,-0.16,4.93,-6.44,-1.25
746,-33,-0.93,-0.17,-0.15,5.11,-9.69,2.62
747,-33,-0.91,-0.17,-0.13,2.82,-9.17,3.23
748,-33,-0.91,-0.15,-0.11,0.63,-7.15,2.35
749,-33,-0.93,-0.13,-0.13,2.08,-4.97,2.41
750,-33,-0.94,-0.14,-0.18,1.15,-4.73,-0.97
751,-33,-0.94,-0.17,-0.19,-5.98,-6.85,-2.64
752,-33,-0.95,-0.17,-0.15,-8.05,-7.46,-0.22
753,-33,-0.94,-0.16,-0.15,3.92,-9.01,2.85
754,-32,-0.94,-0.16,-0.19,1.47,-9.91,-1.54
755,-32,-0.95,-0.16,-0.17,1.59,-11.25,-2.15
756,-32,-0.90,-0.17,-0.16,2.69,-10.39,0.33
757,-32,-0.91,-0.16,-0.13,4.72,-3.69,-1.08
758,-32,-0.91,-0.17,-0.12,2.67,-1.60,-1.90
759,-32,-0.93,-0.16,-0.13,1.45,-2.19,0.02
760,-33,-0.93,-0.16,-0.15,2.56,-4.32,1.18
761,-33,-0.94,-0.17,-0.16,1.63,-5.60,0.74
762,-33,-0.93,-0.18,-0.13,1.15,-5.38,1.42
763,-33,-0.92,-0.17,-0.12,3.74,-4.92,2.29
764,-33,-0.91,-0.16,-0.14,5.23,-3.75,1.46
765,-33,-0.93,-0.16,-0.15,4.74,-3.58,0.73
766,-32,-0.93,-0.16,-0.17,4.36,-3.47,1.34
767,-32,-0.93,-0.15,-0.15,4.03,-2.94,1.71
768,-32,-0.93,-0.17,-0.15,2.05,-1.94,1.34
769,-33,-0.94,-0.16,-0.16,2.47,-3.98,3.13
770,-32,-0.94,-0.17,-0.15,3.35,-5.26,2.63
771,-32,-0.95,-0.17,-0.17,4.17,-5.19,2.97
772,-32,-0.92,-0.13,-0.15,4.72,-4.84,-2.66
773,-32,-0.93,-0.14,-0.17,3.66,-7.34,-5.83
774,-32,-0.94,-0.16,-0.16,3.05,-6.33,-6.73
775,-33,-0.93,-0.17,-0.17,1.16,-5.28,-7.94
776,-33,-0.90,-0.16,-0.18,0.87,-5.26,-15.23
777,-33,-0.90,-0.18,-0.16,1.73,-3.92,-24.58
778,-33,-0.92,-0.24,-0.16,2.48,-2.60,-26.48
779,-33,-0.94,-0.27,-0.16,4.67,-1.75,-15.40
780,-34,-0.91,-0.19,-0.16,2.81,-1.89,7.28
781,-34,-0.92,-0.18,-0.17,2.32,-2.71,0.57
782,-35,-0.95,-0.20,-0.18,1.05,-7.07,5.15
783,-34,-0.94,-0.19,-0.21,0.69,-10.10,7.15
784,-32,-0.91,-0.19,-0.21,2.22,-12.60,7.15
785,-31,-0.91,-0.21,-0.17,3.76,-12.53,9.98
786,-31,-0.91,-0.22,-0.10,1.98,-10.15,11.63
787,-31,-0.91,-0.20,-0.12,2.48,-8.34,11.41
788,-31,-0.93,-0.20,-0.16,4.44,-6.53,7.24
789,-31,-0.94,-0.17,-0.16,0.88,-2.20,-0.14
790,-31,-0.93,-0.16,-0.16,-0.15,-1.15,-1.47
791,-30,-0.94,-0.17,-0.16,-0.44,-1.47,-1.95
792,-31,-0.94,-0.18,-0.15,-2.06,-4.79,-3.86
793,-31,-0.94,-0.18,-0.18,-1.73,-8.81,-2.84
794,-31,-0.93,-0.20,-0.20,0.26,-12.48,-2.31
795,-31,-0.92,-0.23,-0.19,0.18,-13.69,0.53
796,-31,-0.89,-0.19,-0.15,4.34,-5.53,0.48
797,-31,-0.91,-0.18,-0.16,7.62,-3.40,-1.10
798,-31,-0.92,-0.19,-0.16,8.11,-1.12,-2.31
799,-31,-0.92,-0.18,-0.16,6.28,1.34,-3.52
800,-31,-0.92,-0.20,-0.17,4.87,1.47,-2.91
801,-31,-0.92,-0.20,-0.16,4.74,-0.45,-1.54
802,-31,-0.92,-0.21,-0.17,7.61,-3.39,0.50
803,-31,-0.92,-0.20,-0.17,9.43,-5.06,3.49
804,-30,-0.93,-0.19,-0.16,10.23,-4.30,3.04
805,-30,-0.93,-0.20,-0.16,10.47,-2.13,0.98
806,-29,-0.91,-0.20,-0.16,7.50,0.28,-2.16
807,-29,-0.90,-0.19,-0.15,8.91,-9.18,2.40
808,-29,-0.90,-0.17,-0.14,6.43,-9.95,4.16
809,-29,-0.93,-0.15,-0.14,5.98,-9.63,3.71
810,-30,-0.93,-0.16,-0.17,2.76,-10.34,1.32
811,-30,-0.92,-0.18,-0.17,-4.39,-9.90,-0.56
812,-30,-0.94,-0.20,-0.13,-6.82,-9.47,2.11
813,-30,-0.92,-0.21,-0.14,-3.92,-9.60,5.64
814,-30,-0.92,-0.20,-0.17,-3.31,-8.59,5.19
815,-30,-0.93,-0.22,-0.15,1.00,-5.66,2.21
816,-30,-0.91,-0.21,-0.12,1.27,-4.55,3.81
817,-30,-0.94,-0.18,-0.16,3.49,-2.47,-0.17
818,-30,-0.95,-0.18,-0.18,0.95,-2.67,0.33
819,-30,-0.94,-0.19,-0.17,1.18,-3.38,1.11
820,-30,-0.94,-0.19,-0.17,0.98,-3.58,2.15
821,-30,-0.93,-0.18,-0.15,1.09,-3.27,1.50
822,-30,-0.93,-0.18,-0.16,2.08,-3.50,0.31
823,-30,-0.92,-0.17,-0.16,1.60,-4.18,0.39
824,-30,-0.93,-0.18,-0.19,1.29,-4.84,0.31
825,-30,-0.92,-0.19,-0.17,0.62,-4.49,1.56
826,-30,-0.92,-0.19,-0.17,1.63,-4.31,2.25
827,-30,-0.92,-0.19,-0.17,2.36,-4.99,1.70
828,-30,-0.92,-0.19,-0.17,2.76,-5.15,0.35
829,-29,-0.92,-0.20,-0.17,2.90,-5.27,-1.29
830,-29,-0.93,-0.21,-0.18,2.41,-5.82,-0.60
831,-29,-0.93,-0.19,-0.17,3.40,-7.03,2.17
832,-29,-0.93,-0.18,-0.17,4.23,-6.82,1.99
833,-29,-0.91,-0.18,-0.17,1.13,-5.05,-1.82
834,-29,-0.92,-0.19,-0.18,-0.84,-3.45,-2.65
835,-29,-0.91,-0.19,-0.17,1.18,-3.52,-1.35
836,-29,-0.93,-0.19,-0.17,2.55,-6.69,0.96
837,-29,-0.92,-0.19,-0.16,1.51,-7.07,0.93
838,-29,-0.93,-0.19,-0.18,2.21,-7.24,-0.21
839,-29,-0.92,-0.19,-0.18,2.23,-6.92,-0.56
840,-29,-0.93,-0.20,-0.17,1.06,-6.58,-0.67
841,-29,-0.93,-0.20,-0.16,0.21,-5.75,0.08
842,-29,-0.91,-0.19,-0.17,1.32,-5.63,-0.66
843,-29,-0.92,-0.19,-0.17,3.54,-6.07,-2.15
844,-29,-0.93,-0.19,-0.16,3.74,-6.41,-1.50
845,-29,-0.92,-0.19,-0.18,2.85,-6.40,0.47
846,-29,-0.92,-0.19,-0.17,2.15,-6.35,1.44
847,-29,-0.92,-0.19,-0.17,0.58,-6.85,0.55
848,-29,-0.91,-0.19,-0.16,1.04,-7.48,-1.11
849,-29,-0.90,-0.18,-0.17,2.92,-5.89,3.69
850,-29,-0.92,-0.19,-0.18,2.36,-4.75,1.63
851,-29,-0.91,-0.20,-0.18,1.25,-4.13,0.76
852,-29,-0.91,-0.21,-0.16,2.11,-3.71,2.10
853,-29,-0.92,-0.21,-0.14,4.60,-1.76,4.32
854,-29,-0.92,-0.19,-0.16,6.24,-0.85,2.62
855,-29,-0.94,-0.19,-0.17,4.37,-1.05,0.54
856,-29,-0.94,-0.18,-0.16,3.70,-2.86,1.11
857,-29,-0.93,-0.19,-0.16,4.49,-5.83,1.44
858,-29,-0.93,-0.19,-0.16,2.79,-7.02,3.56
859,-29,-0.92,-0.18,-0.14,3.30,-6.48,3.59
860,-29,-0.92,-0.18,-0.15,3.12,-5.38,2.00
861,-29,-0.93,-0.18,-0.18,1.80,-6.81,2.16
862,-29,-0.94,-0.18,-0.15,2.44,-7.64,2.93
863,-29,-0.92,-0.18,-0.16,3.08,-7.87,2.20
864,-29,-0.93,-0.19,-0.19,2.36,-6.85,0.90
865,-29,-0.93,-0.18,-0.16,1.46,-6.09,1.06
866,-29,-0.92,-0.17,-0.17,4.17,-5.95,0.40
867,-29,-0.93,-0.18,-0.18,3.26,-5.00,-1.33
868,-29,-0.93,-0.18,-0.15,0.68,-4.21,-1.02
869,-29,-0.93,-0.18,-0.17,2.34,-4.23,-1.69
870,-29,-0.93,-0.19,-0.17,3.47,-5.26,-1.51
871,-29,-0.92,-0.21,-0.16,0.69,-5.76,0.20
872,-29,-0.92,-0.20,-0.16,2.19,-5.44,1.66
873,-30,-0.94,-0.19,-0.18,3.59,-4.92,2.98
874,-30,-0.91,-0.18,-0.16,3.40,-5.99,-0.10
875,-30,-0.93,-0.19,-0.16,2.98,-6.37,2.34
876,-30,-0.93,-0.19,-0.17,1.55,-6.15,1.53
877,-30,-0.93,-0.19,-0.18,3.50,-4.75,-1.58
878,-30,-0.93,-0.19,-0.17,1.80,-4.60,-0.97
879,-30,-0.92,-0.20,-0.16,1.66,-5.38,1.75
880,-30,-0.91,-0.18,-0.17,2.31,-5.57,1.15
881,-30,-0.91,-0.19,-0.16,1.27,-5.89,-0.24
882,-30,-0.92,-0.20,-0.16,1.22,-5.73,0.34
883,-30,-0.93,-0.20,-0.16,2.80,-5.27,2.17
884,-30,-0.93,-0.18,-0.16,-0.04,-4.81,0.89
885,-30,-0.93,-0.18,-0.17,-0.53,-5.56,-0.40
886,-30,-0.93,-0.20,-0.18,0.36,-6.71,-1.52
887,-30,-0.93,-0.21,-0.17,1.24,-7.46,0.50
888,-30,-0.92,-0.20,-0.16,1.88,-7.15,2.08
889,-29,-0.92,-0.19,-0.18,2.94,-6.68,-1.76
890,-29,-0.92,-0.19,-0.17,1.51,-6.63,-0.58
891,-29,-0.92,-0.18,-0.17,2.31,-6.06,2.34
892,-29,-0.92,-0.19,-0.17,0.46,-6.04,-0.08
893,-30,-0.93,-0.20,-0.16,0.53,-5.46,-0.70
894,-29,-0.92,-0.21,-0.17,2.70,-5.37,0.86
895,-29,-0.93,-0.20,-0.17,3.11,-5.67,0.73
896,-30,-0.92,-0.20,-0.17,2.45,-5.44,-0.21
897,-30,-0.92,-0.20,-0.15,3.43,-5.37,-0.56
898,-30,-0.92,-0.19,-0.17,2.85,-5.05,-0.76
899,-30,-0.92,-0.20,-0.17,1.94,-4.73,-1.26
900,-30,-0.92,-0.21,-0.17,2.37,-4.69,0.50
901,-30,-0.92,-0.20,-0.16,2.64,-4.50,1.81
902,-30,-0.93,-0.21,-0.18,2.61,-7.00,2.23
903,-30,-0.92,-0.20,-0.17,1.60,-6.59,3.42
904,-30,-0.91,-0.19,-0.17,2.37,-5.33,2.35
905,-30,-0.91,-0.20,-0.18,2.11,-4.35,-0.12
906,-30,-0.92,-0.20,-0.17,1.57,-3.79,0.47
907,-30,-0.92,-0.20,-0.17,2.82,-3.73,1.18
908,-30,-0.93,-0.21,-0.18,3.18,-4.50,1.85
909,-30,-0.93,-0.20,-0.17,2.29,-4.59,1.26
910,-30,-0.92,-0.20,-0.16,2.53,-4.73,-0.14
911,-30,-0.93,-0.20,-0.16,3.50,-5.76,1.26
912,-30,-0.92,-0.19,-0.18,2.94,-5.73,1.72
913,-30,-0.92,-0.20,-0.18,1.24,-5.53,-0.71
914,-30,-0.93,-0.19,-0.18,2.77,-6.41,0.88
915,-30,-0.92,-0.19,-0.18,3.51,-7.38,1.70
916,-30,-0.92,-0.19,-0.18,2.11,-7.54,1.11
917,-30,-0.92,-0.20,-0.17,3.64,-5.61,1.77
918,-30,-0.92,-0.20,-0.18,1.62,-5.05,0.11
919,-30,-0.92,-0.19,-0.17,3.56,-5.40,0.72
920,-30,-0.92,-0.20,-0.16,4.33,-5.29,1.08
921,-30,-0.93,-0.20,-0.16,2.69,-5.34,1.17
922,-30,-0.92,-0.19,-0.18,2.56,-5.18,1.34
923,-30,-0.93,-0.20,-0.17,2.19,-6.34,0.34
924,-30,-0.93,-0.20,-0.17,1.73,-6.69,0.60
925,-30,-0.91,-0.19,-0.17,3.50,-7.13,0.46
926,-30,-0.91,-0.20,-0.17,3.34,-6.53,0.54
927,-30,-0.92,-0.19,-0.17,2.20,-6.45,0.46
928,-30,-0.92,-0.19,-0.18,4.40,-6.89,0.32
929,-30,-0.92,-0.20,-0.17,3.21,-6.63,0.49
930,-30,-0.92,-0.20,-0.17,1.60,-6.11,0.95
931,-30,-0.92,-0.20,-0.15,2.69,-5.05,1.31
932,-30,-0.92,-0.19,-0.17,2.66,-5.03,-0.53
933,-30,-0.92,-0.20,-0.17,1.99,-4.86,-1.24
934,-30,-0.92,-0.19,-0.16,3.73,-5.13,1.30
935,-30,-0.93,-0.20,-0.16,1.80,-4.83,-0.01
936,-30,-0.92,-0.20,-0.18,1.43,-4.53,1.29
937,-30,-0.93,-0.21,-0.17,0.92,-4.79,0.76
938,-30,-0.92,-0.20,-0.18,1.91,-5.66,1.16
939,-30,-0.92,-0.20,-0.17,2.98,-6.30,0.75
940,-30,-0.92,-0.21,-0.16,2.15,-6.45,0.46
941,-30,-0.91,-0.20,-0.16,2.49,-6.66,1.26
942,-30,-0.92,-0.20,-0.17,2.40,-5.92,0.48
943,-30,-0.91,-0.21,-0.15,0.95,-5.11,0.49
944,-30,-0.92,-0.19,-0.17,2.79,-4.75,0.93
945,-30,-0.92,-0.20,-0.17,2.13,-4.73,-0.95
946,-30,-0.92,-0.20,-0.17,0.54,-4.51,-0.44
947,-30,-0.92,-0.19,-0.17,1.52,-4.60,1.69
948,-30,-0.92,-0.19,-0.19,1.51,-5.13,0.41
949,-30,-0.92,-0.21,-0.19,-0.56,-6.10,-0.53
950,-30,-0.91,-0.20,-0.18,0.27,-6.68,0.06
951,-30,-0.92,-0.22,-0.16,2.53,-6.58,1.89
952,-30,-0.92,-0.21,-0.19,1.46,-5.24,0.14
953,-30,-0.92,-0.21,-0.18,3.06,-6.10,0.98
954,-30,-0.93,-0.21,-0.17,2.69,-6.29,0.50
955,-30,-0.91,-0.21,-0.16,3.92,-6.67,1.85
956,-30,-0.91,-0.20,-0.18,4.47,-6.00,1.24
957,-30,-0.92,-0.20,-0.17,3.21,-5.74,0.43
958,-30,-0.92,-0.20,-0.18,2.98,-6.05,0.82
959,-30,-0.92,-0.20,-0.17,4.17,-5.29,1.41
960,-29,-0.92,-0.20,-0.16,2.14,-4.54,0.67
961,-29,-0.94,-0.20,-0.17,3.48,-6.28,-0.12
962,-29,-0.94,-0.22,-0.16,1.98,-6.62,0.98
963,-29,-0.92,-0.21,-0.14,4.46,-7.48,2.21
964,-29,-0.92,-0.20,-0.17,5.82,-7.54,0.60
965,-29,-0.92,-0.21,-0.17,3.42,-7.37,-1.41
966,-29,-0.92,-0.20,-0.17,2.88,-7.76,-0.63
967,-29,-0.91,-0.21,-0.16,4.18,-7.81,1.66
968,-29,-0.91,-0.19,-0.18,1.32,-4.97,0.21
969,-29,-0.92,-0.21,-0.17,0.49,-4.21,0.33
970,-29,-0.93,-0.21,-0.18,3.05,-4.80,1.08
971,-29,-0.93,-0.22,-0.17,1.76,-5.10,0.60
972,-29,-0.92,-0.20,-0.16,5.53,-6.12,2.74
973,-29,-0.93,-0.20,-0.16,5.31,-5.15,1.34
974,-29,-0.92,-0.20,-0.15,4.24,-5.37,0.51
975,-29,-0.93,-0.20,-0.17,5.34,-7.10,0.86
976,-29,-0.94,-0.21,-0.17,6.93,-9.27,1.89
977,-29,-0.94,-0.21,-0.16,7.95,-11.66,3.08
978,-29,-0.92,-0.20,-0.17,7.72,-11.86,2.65
979,-29,-0.91,-0.19,-0.15,3.31,-7.98,-0.78
980,-29,-0.91,-0.20,-0.16,1.82,-6.53,-1.91
981,-29,-0.91,-0.21,-0.15,1.40,-6.37,-1.16
982,-29,-0.91,-0.20,-0.15,4.76,-7.09,2.35
983,-29,-0.90,-0.20,-0.16,3.82,-6.29,2.21
984,-29,-0.91,-0.20,-0.14,3.51,-4.84,2.76
985,-29,-0.92,-0.20,-0.15,5.19,-4.49,2.55
986,-29,-0.93,-0.21,-0.15,5.37,-4.60,3.09
987,-29,-0.93,-0.21,-0.15,5.90,-5.57,2.72
988,-29,-0.92,-0.19,-0.15,6.94,-6.09,4.31
989,-29,-0.92,-0.19,-0.15,5.84,-5.86,3.08
990,-29,-0.93,-0.18,-0.14,4.53,-5.20,0.60
991,-29,-0.92,-0.19,-0.14,2.77,-5.31,0.98
992,-29,-0.92,-0.19,-0.14,3.31,-5.47,1.53
993,-29,-0.92,-0.18,-0.15,2.87,-5.73,1.44
994,-29,-0.91,-0.18,-0.15,2.16,-4.98,1.61
995,-29,-0.93,-0.19,-0.14,2.54,-5.28,2.15
996,-29,-0.92,-0.18,-0.15,3.26,-5.09,2.58
997,-29,-0.92,-0.19,-0.15,1.75,-4.97,1.51
998,-29,-0.93,-0.19,-0.13,2.22,-5.53,2.16
999,-29,-0.92,-0.19,-0.14,4.44,-5.54,2.47
1000,-29,-0.93,-0.19,-0.15,3.71,-5.33,1.24
1001,-29,-0.92,-0.20,-0.14,2.12,-4.05,1.73
1002,-29,-0.90,-0.19,-0.15,3.10,-3.47,1.53
1003,-29,-0.92,-0.19,-0.16,2.62,-4.34,2.39
1004,-29,-0.91,-0.18,-0.16,2.43,-4.63,2.08
1005,-29,-0.93,-0.19,-0.15,2.79,-4.50,1.71
1006,-29,-0.93,-0.18,-0.15,3.11,-4.96,3.90
1007,-29,-0.93,-0.17,-0.16,3.63,-5.08,4.11
1008,-29,-0.93,-0.17,-0.16,1.82,-4.65,2.54
1009,-29,-0.93,-0.19,-0.16,0.92,-4.64,1.63
1010,-29,-0.92,-0.19,-0.16,1.67,-4.86,1.69
1011,-29,-0.92,-0.19,-0.16,1.58,-4.72,1.35
1012,-29,-0.92,-0.19,-0.15,1.44,-4.46,1.47
1013,-29,-0.91,-0.19,-0.16,0.82,-5.41,1.45
1014,-29,-0.92,-0.19,-0.14,1.21,-4.90,3.40
1015,-29,-0.94,-0.17,-0.14,2.50,-4.60,5.09
1016,-29,-0.93,-0.16,-0.16,0.87,-5.46,1.34
1017,-29,-0.95,-0.17,-0.16,-1.39,-5.78,-0.79
1018,-29,-0.95,-0.17,-0.14,0.05,-6.44,0.90
1019,-29,-0.95,-0.16,-0.17,2.78,-8.06,2.15
1020,-29,-0.94,-0.17,-0.17,0.96,-8.90,0.83
1021,-29,-0.93,-0.16,-0.14,-1.28,-9.61,0.17
1022,-29,-0.95,-0.16,-0.15,0.40,-10.92,0.15
1023,-29,-0.92,-0.17,-0.19,2.19,-11.84,-0.33
1024,-29,-0.92,-0.18,-0.17,1.53,-11.39,1.66
1025,-29,-0.91,-0.17,-0.13,0.33,-6.87,1.01
1026,-30,-0.94,-0.16,-0.17,6.25,-7.73,1.90
1027,-29,-0.94,-0.16,-0.17,4.86,-8.36,2.44
1028,-29,-0.91,-0.17,-0.15,1.10,-6.85,-0.21
1029,-29,-0.91,-0.17,-0.15,0.29,-6.11,-0.77
1030,-29,-0.91,-0.17,-0.15,2.33,-5.21,0.57
1031,-29,-0.90,-0.16,-0.16,2.71,-4.82,0.98
1032,-29,-0.91,-0.17,-0.15,2.02,-3.78,0.63
1033,-29,-0.92,-0.18,-0.16,0.61,-3.73,0.37
1034,-29,-0.92,-0.19,-0.14,0.04,-3.48,2.47
1035,-29,-0.93,-0.17,-0.16,2.14,-4.21,3.30
1036,-29,-0.92,-0.19,-0.16,4.15,-4.46,3.29
1037,-29,-0.92,-0.18,-0.15,3.34,-3.87,3.82
1038,-29,-0.92,-0.17,-0.16,2.44,-2.65,3.78
1039,-29,-0.94,-0.18,-0.15,1.24,-6.85,3.92
1040,-29,-0.92,-0.16,-0.18,3.89,-7.27,1.70
1041,-29,-0.92,-0.15,-0.14,0.07,-5.67,1.20
1042,-29,-0.93,-0.15,-0.17,2.56,-6.37,1.21
1043,-29,-0.93,-0.16,-0.18,1.81,-6.69,3.72
1044,-29,-0.92,-0.16,-0.16,3.56,-4.19,5.11
1045,-29,-0.94,-0.16,-0.15,2.10,0.21,4.88
1046,-29,-0.93,-0.17,-0.15,-1.71,3.38,0.30
1047,-29,-0.93,-0.18,-0.16,4.43,-4.78,2.88
1048,-29,-0.92,-0.16,-0.14,2.20,-4.47,4.90
1049,-29,-0.92,-0.14,-0.16,1.28,-4.42,1.92
1050,-29,-0.92,-0.15,-0.18,1.13,-4.77,0.48
1051,-29,-0.94,-0.15,-0.18,0.18,-5.35,0.81
1052,-29,-0.94,-0.15,-0.18,-0.66,-5.99,1.91
1053,-29,-0.92,-0.15,-0.18,-1.29,-6.40,2.35
1054,-29,-0.92,-0.16,-0.18,-0.63,-5.15,2.47
1055,-29,-0.92,-0.16,-0.17,0.27,-4.03,1.21
1056,-29,-0.93,-0.17,-0.20,0.51,-3.79,-0.19
1057,-29,-0.94,-0.16,-0.19,4.92,-5.31,1.77
1058,-29,-0.93,-0.16,-0.20,4.29,-5.60,0.36
1059,-29,-0.93,-0.16,-0.19,2.41,-6.59,1.09
1060,-30,-0.92,-0.14,-0.18,4.67,-7.45,3.24
1061,-30,-0.91,-0.14,-0.19,8.50,-7.83,7.27
1062,-30,-0.92,-0.13,-0.18,9.15,-6.98,9.54
1063,-30,-0.93,-0.14,-0.19,3.56,-5.50,4.84
1064,-30,-0.92,-0.15,-0.17,-1.10,-4.30,1.59
1065,-30,-0.94,-0.15,-0.16,0.33,-3.11,-1.08
1066,-30,-0.95,-0.16,-0.16,1.92,-3.27,-0.90
1067,-30,-0.95,-0.16,-0.18,2.60,-4.08,-0.05
1068,-30,-0.94,-0.14,-0.17,2.71,-6.68,0.36
1069,-30,-0.94,-0.15,-0.18,2.76,-6.85,-1.19
1070,-30,-0.93,-0.16,-0.18,2.40,-6.24,-1.08
1071,-30,-0.93,-0.15,-0.17,2.56,-6.34,-0.02
1072,-30,-0.92,-0.14,-0.18,4.11,-6.17,2.02
1073,-30,-0.91,-0.14,-0.18,3.12,-5.48,1.87
1074,-30,-0.91,-0.14,-0.17,1.30,-4.76,3.12
1075,-30,-0.90,-0.12,-0.17,1.52,-4.55,3.90
1076,-30,-0.92,-0.13,-0.19,1.15,-4.63,2.43
1077,-30,-0.92,-0.14,-0.17,-0.08,-3.33,1.24
1078,-30,-0.94,-0.15,-0.18,-0.56,-3.02,1.04
1079,-30,-0.94,-0.16,-0.19,0.24,-4.03,1.43
1080,-30,-0.94,-0.15,-0.19,0.81,-5.34,1.91
1081,-30,-0.94,-0.14,-0.20,3.27,-5.88,-0.98
1082,-30,-0.93,-0.15,-0.20,1.33,-6.17,-0.82
1083,-30,-0.92,-0.14,-0.18,2.99,-6.13,0.44
1084,-30,-0.92,-0.15,-0.18,1.27,-3.61,-1.79
1085,-30,-0.94,-0.14,-0.18,2.61,-5.30,-0.66
1086,-30,-0.94,-0.14,-0.19,3.93,-6.85,0.73
1087,-30,-0.93,-0.15,-0.18,2.20,-7.14,0.67
1088,-30,-0.93,-0.15,-0.18,1.39,-7.13,-0.38
1089,-30,-0.92,-0.16,-0.17,0.84,-6.79,-0.86
1090,-30,-0.92,-0.15,-0.18,1.34,-6.41,0.19
1091,-30,-0.92,-0.14,-0.18,1.09,-5.20,-0.69
1092,-30,-0.93,-0.15,-0.18,-0.25,-4.45,-1.61
1093,-30,-0.93,-0.14,-0.19,-1.10,-4.64,-2.78
1094,-30,-0.94,-0.16,-0.19,0.77,-5.56,-1.52
1095,-30,-0.93,-0.17,-0.19,1.21,-6.31,-0.53
1096,-30,-0.93,-0.17,-0.18,1.55,-7.45,0.61
1097,-30,-0.92,-0.16,-0.17,3.76,-7.50,0.63
1098,-30,-0.92,-0.15,-0.19,4.33,-6.75,-0.64
1099,-30,-0.92,-0.15,-0.19,2.90,-6.21,-0.19
1100,-30,-0.91,-0.14,-0.19,-0.60,-2.93,2.17
1101,-30,-0.93,-0.15,-0.20,0.66,-3.44,2.68
1102,-30,-0.92,-0.16,-0.20,1.77,-4.51,5.31
1103,-30,-0.94,-0.17,-0.20,5.12,-3.95,1.61
1104,-30,-0.95,-0.17,-0.19,4.47,-4.19,2.66
1105,-30,-0.93,-0.15,-0.19,3.60,-4.11,2.35
1106,-30,-0.94,-0.15,-0.18,3.37,-3.99,0.54
1107,-30,-0.93,-0.15,-0.19,2.88,-4.26,-1.85
1108,-30,-0.93,-0.15,-0.19,3.47,-7.17,0.85
1109,-30,-0.92,-0.15,-0.18,4.25,-7.15,1.73
1110,-30,-0.92,-0.13,-0.19,3.80,-6.59,0.76
1111,-30,-0.92,-0.15,-0.19,2.43,-5.81,-0.71
1112,-30,-0.92,-0.15,-0.20,1.67,-5.46,-0.02
1113,-30,-0.92,-0.16,-0.18,1.82,-4.96,0.82
1114,-30,-0.92,-0.15,-0.17,2.50,-4.95,1.67
1115,-30,-0.92,-0.15,-0.19,4.24,-5.33,1.25
1116,-30,-0.93,-0.15,-0.19,3.33,-4.94,1.00
1117,-30,-0.93,-0.16,-0.19,1.07,-5.05,1.34
1118,-30,-0.94,-0.15,-0.17,1.76,-5.24,2.52
1119,-30,-0.93,-0.16,-0.18,2.70,-6.42,1.80
1120,-30,-0.93,-0.15,-0.19,3.25,-6.15,1.31
1121,-30,-0.92,-0.15,-0.20,1.18,-5.76,-1.10
1122,-30,-0.94,-0.15,-0.20,1.08,-6.38,-0.79
1123,-30,-0.92,-0.16,-0.20,3.04,-7.50,1.28
1124,-30,-0.92,-0.17,-0.18,3.11,-7.36,3.31
1125,-30,-0.90,-0.14,-0.17,3.54,-5.71,3.95
1126,-30,-0.91,-0.14,-0.18,3.68,-3.47,1.94
1127,-30,-0.93,-0.16,-0.20,-0.98,-3.57,0.23
1128,-30,-0.93,-0.15,-0.18,0.11,-3.99,3.50
1129,-30,-0.91,-0.16,-0.19,4.11,-4.47,3.07
1130,-30,-0.92,-0.15,-0.19,5.19,-4.93,3.18
1131,-30,-0.93,-0.15,-0.19,3.59,-3.27,0.69
1132,-30,-0.93,-0.13,-0.22,2.76,-5.18,1.91
1133,-30,-0.93,-0.15,-0.22,0.35,-6.07,-0.09
1134,-30,-0.93,-0.16,-0.18,-0.17,-6.10,1.33
1135,-30,-0.92,-0.16,-0.18,2.61,-4.40,0.63
1136,-30,-0.92,-0.15,-0.20,5.85,-3.79,1.43
1137,-30,-0.93,-0.14,-0.21,5.76,-3.91,1.19
1138,-31,-0.94,-0.14,-0.22,3.75,-5.19,2.89
1139,-30,-0.93,-0.13,-0.21,3.00,-6.04,3.62
1140,-31,-0.92,-0.12,-0.20,2.11,-5.44,1.68
1141,-31,-0.91,-0.15,-0.21,1.93,-3.78,2.10
1142,-31,-0.92,-0.14,-0.21,3.27,-3.92,2.05
1143,-31,-0.95,-0.14,-0.22,4.31,-4.11,0.90
1144,-31,-0.94,-0.15,-0.21,3.09,-3.53,-0.05
1145,-31,-0.94,-0.14,-0.19,4.50,-3.76,-1.44
1146,-31,-0.93,-0.15,-0.20,5.06,-3.80,-2.21
1147,-31,-0.93,-0.14,-0.20,4.95,-4.86,-2.09
1148,-31,-0.93,-0.14,-0.22,4.65,-8.25,-1.20
1149,-31,-0.90,-0.13,-0.19,3.24,-8.19,1.91
1150,-31,-0.90,-0.13,-0.20,2.49,-6.82,1.00
1151,-31,-0.91,-0.14,-0.20,0.08,-5.63,-0.03
1152,-31,-0.92,-0.14,-0.21,-0.50,-4.41,0.46
1153,-31,-0.94,-0.15,-0.21,-0.48,-4.25,1.43
1154,-31,-0.93,-0.15,-0.21,0.21,-4.92,2.42
1155,-31,-0.93,-0.16,-0.20,2.24,-5.45,1.80
1156,-31,-0.94,-0.15,-0.21,2.91,-5.71,0.46
1157,-31,-0.92,-0.15,-0.20,2.20,-5.89,-0.76
1158,-31,-0.92,-0.14,-0.20,3.15,-5.89,-0.21
1159,-31,-0.91,-0.15,-0.20,2.84,-6.11,0.94
1160,-31,-0.91,-0.14,-0.19,2.86,-6.97,1.76
1161,-31,-0.93,-0.12,-0.21,7.66,-10.16,6.23
1162,-31,-0.93,-0.15,-0.20,-1.59,-7.83,2.56
1163,-31,-0.94,-0.13,-0.20,-0.49,-6.37,0.60
1164,-30,-0.93,-0.16,-0.21,-0.06,-5.65,-0.69
1165,-30,-0.93,-0.16,-0.18,-0.95,-4.79,-0.47
1166,-30,-0.94,-0.14,-0.18,2.40,-5.76,-0.38
1167,-30,-0.93,-0.15,-0.21,1.40,-8.27,-0.18
1168,-30,-0.92,-0.14,-0.18,3.55,-7.63,2.44
1169,-30,-0.92,-0.14,-0.20,3.84,-6.05,0.67
1170,-30,-0.91,-0.14,-0.19,0.73,-4.95,-1.68
1171,-30,-0.92,-0.14,-0.20,1.21,-5.42,-1.87
1172,-30,-0.93,-0.15,-0.21,2.52,-7.04,0.51
1173,-30,-0.92,-0.16,-0.19,2.36,-8.05,3.27
1174,-30,-0.91,-0.13,-0.18,3.89,-6.84,4.64
1175,-30,-0.92,-0.12,-0.18,4.31,-5.24,1.04
1176,-30,-0.93,-0.14,-0.20,1.72,-3.92,-1.18
1177,-30,-0.93,-0.14,-0.19,2.39,-5.22,2.64
1178,-30,-0.93,-0.15,-0.18,3.63,-4.87,1.94
1179,-30,-0.92,-0.14,-0.19,2.16,-4.11,0.35
1180,-30,-0.94,-0.14,-0.19,4.33,-4.59,0.05
1181,-30,-0.94,-0.15,-0.20,2.81,-5.69,0.31
1182,-30,-0.94,-0.14,-0.20,1.97,-6.58,0.73
1183,-30,-0.93,-0.14,-0.18,2.64,-6.61,0.63
1184,-30,-0.93,-0.15,-0.19,1.91,-5.86,-0.31
1185,-30,-0.92,-0.15,-0.20,2.10,-5.74,-0.95
1186,-30,-0.92,-0.15,-0.21,1.62,-6.23,-0.95
1187,-30,-0.92,-0.15,-0.20,1.93,-6.40,0.15
1188,-30,-0.92,-0.15,-0.19,3.34,-5.85,-0.15
1189,-30,-0.92,-0.15,-0.18,-0.85,-8.04,-1.63
1190,-30,-0.93,-0.14,-0.18,3.18,-7.99,-1.80
1191,-30,-0.93,-0.16,-0.20,3.41,-8.64,-1.69
1192,-31,-0.90,-0.15,-0.19,0.31,-4.57,-0.93
1193,-30,-0.91,-0.16,-0.20,1.12,-1.19,1.09
1194,-30,-0.94,-0.16,-0.17,4.33,-4.18,0.77
1195,-30,-0.97,-0.16,-0.18,6.59,-7.18,3.12
1196,-31,-0.95,-0.16,-0.18,4.71,-8.11,6.11
1197,-30,-0.92,-0.13,-0.20,2.48,-7.30,4.73
1198,-30,-0.91,-0.14,-0.20,0.86,-5.75,1.28
1199,-30,-0.92,-0.14,-0.20,-0.28,-5.15,-1.66
1200,-31,-0.93,-0.16,-0.19,0.54,-5.99,-0.95
1201,-31,-0.93,-0.16,-0.20,2.92,-6.30,2.10
1202,-31,-0.92,-0.16,-0.21,3.18,-6.24,2.60
1203,-30,-0.92,-0.15,-0.18,1.85,-5.53,0.85
1204,-31,-0.92,-0.15,-0.19,2.09,-4.31,-0.40
1205,-30,-0.95,-0.14,-0.18,2.56,-7.09,1.27
1206,-30,-0.91,-0.14,-0.20,5.16,-6.47,1.87
1207,-30,-0.93,-0.15,-0.21,2.90,-5.15,0.49
1208,-31,-0.93,-0.15,-0.20,0.49,-5.34,1.56
1209,-31,-0.93,-0.14,-0.19,2.82,-5.26,1.84
1210,-31,-0.93,-0.15,-0.19,4.77,-4.97,2.25
1211,-31,-0.93,-0.15,-0.20,2.50,-4.94,3.11
1212,-31,-0.93,-0.14,-0.20,3.76,-5.47,1.08
1213,-31,-0.94,-0.14,-0.21,2.91,-6.50,0.69
1214,-31,-0.94,-0.15,-0.19,1.75,-7.12,-0.17
1215,-31,-0.93,-0.15,-0.19,3.11,-6.60,0.34
1216,-31,-0.92,-0.16,-0.21,3.50,-4.03,1.71
1217,-31,-0.95,-0.15,-0.19,4.22,-5.45,0.12
1218,-31,-0.92,-0.13,-0.18,2.75,-5.27,2.58
1219,-31,-0.94,-0.14,-0.21,0.66,-3.41,-1.06
1220,-31,-0.93,-0.15,-0.19,1.49,-6.08,-0.81
1221,-31,-0.94,-0.15,-0.17,5.50,-8.34,2.81
1222,-31,-0.91,-0.14,-0.20,0.80,-8.89,0.69
1223,-31,-0.90,-0.15,-0.20,0.01,-5.18,-1.08
1224,-31,-0.91,-0.14,-0.18,0.84,-2.65,0.56
1225,-31,-0.95,-0.16,-0.19,2.24,-5.47,-0.37
1226,-31,-0.94,-0.14,-0.19,3.21,-7.28,3.82
1227,-31,-0.92,-0.14,-0.20,4.71,-7.66,4.23
1228,-31,-0.90,-0.14,-0.22,0.07,-2.96,-0.46
1229,-31,-0.92,-0.15,-0.20,1.29,-3.44,-2.20
1230,-31,-0.94,-0.16,-0.18,3.98,-3.63,0.36
1231,-31,-0.93,-0.16,-0.18,3.57,-3.32,4.28
1232,-31,-0.91,-0.14,-0.19,2.85,-2.41,3.60
1233,-31,-0.92,-0.13,-0.20,2.42,-2.39,1.05
1234,-31,-0.94,-0.14,-0.21,1.27,-3.72,-0.03
1235,-31,-0.93,-0.14,-0.19,0.21,-5.31,4.14
1236,-31,-0.92,-0.13,-0.21,0.78,-5.95,3.52
1237,-31,-0.93,-0.13,-0.21,-0.49,-6.70,1.74
1238,-31,-0.93,-0.14,-0.22,-1.06,-7.31,0.92
1239,-31,-0.94,-0.15,-0.21,-1.06,-6.31,3.06
1240,-31,-0.93,-0.12,-0.20,0.86,-4.67,2.37
1241,-31,-0.95,-0.20,-0.24,-3.14,-2.22,-7.76
1242,-31,-0.93,-0.17,-0.18,2.45,-1.53,-3.74
1243,-31,-0.91,-0.17,-0.20,8.11,-1.49,-3.33
1244,-31,-0.92,-0.15,-0.18,7.31,-0.63,-3.38
1245,-31,-0.92,-0.14,-0.22,6.88,-2.69,-4.08
1246,-31,-0.92,-0.14,-0.24,2.90,-8.14,0.29
1247,-31,-0.92,-0.15,-0.24,-0.24,-8.50,0.71
1248,-31,-0.92,-0.16,-0.20,-1.25,-7.22,1.37
1249,-31,-0.90,-0.16,-0.23,-1.33,-4.99,-0.29
1250,-31,-0.90,-0.17,-0.22,-1.66,-1.79,-1.45
1251,-31,-0.92,-0.18,-0.20,-1.40,1.57,-1.91
1252,-31,-0.94,-0.18,-0.23,-0.62,2.34,-2.97
1253,-31,-0.94,-0.18,-0.23,0.75,0.23,-1.31
1254,-31,-0.94,-0.18,-0.24,2.92,-3.00,-0.06
1255,-31,-0.93,-0.16,-0.23,4.10,-5.66,0.69
1256,-31,-0.92,-0.16,-0.24,0.34,-5.50,-0.27
1257,-31,-0.92,-0.17,-0.24,-0.95,-4.21,-1.21
1258,-31,-0.91,-0.18,-0.24,-1.67,-3.38,-1.89
1259,-31,-0.91,-0.20,-0.24,-1.13,-3.65,-1.00
1260,-31,-0.92,-0.19,-0.24,0.60,-4.52,0.70
1261,-31,-0.92,-0.18,-0.24,2.35,-6.30,0.19
1262,-31,-0.91,-0.19,-0.24,2.24,-6.11,1.26
1263,-31,-0.91,-0.18,-0.24,3.34,-6.34,1.69
1264,-31,-0.91,-0.19,-0.24,2.25,-7.18,1.28
1265,-31,-0.92,-0.18,-0.23,3.89,-7.70,4.00
1266,-31,-0.93,-0.17,-0.24,6.98,-8.05,5.27
1267,-31,-0.93,-0.17,-0.24,5.13,-7.90,3.72
1268,-31,-0.93,-0.16,-0.22,1.47,-7.19,2.39
1269,-31,-0.93,-0.16,-0.23,2.94,-6.98,1.23
1270,-31,-0.92,-0.17,-0.24,3.37,-7.03,0.86
1271,-31,-0.92,-0.17,-0.24,2.02,-6.73,0.93
1272,-31,-0.92,-0.17,-0.23,2.33,-6.24,0.85
1273,-31,-0.91,-0.18,-0.24,3.16,-5.67,0.70
1274,-31,-0.91,-0.17,-0.23,3.84,-5.27,1.19
1275,-31,-0.91,-0.16,-0.23,4.27,-4.72,1.31
1276,-31,-0.92,-0.16,-0.24,3.85,-4.26,2.18
1277,-31,-0.92,-0.16,-0.23,3.60,-5.96,2.50
1278,-31,-0.92,-0.16,-0.22,2.79,-6.68,3.32
1279,-31,-0.92,-0.16,-0.21,3.37,-6.74,3.72
1280,-32,-0.92,-0.16,-0.23,3.92,-6.45,3.55
1281,-32,-0.92,-0.16,-0.23,2.88,-6.47,1.88
1282,-32,-0.92,-0.17,-0.24,1.08,-6.33,1.31
1283,-32,-0.92,-0.17,-0.20,1.10,-5.19,2.21
1284,-32,-0.92,-0.16,-0.23,3.37,-3.76,1.75
1285,-32,-0.94,-0.16,-0.24,3.18,-4.90,0.62
1286,-31,-0.93,-0.16,-0.23,3.47,-8.09,0.35
1287,-31,-0.93,-0.16,-0.24,3.36,-9.29,0.79
1288,-32,-0.92,-0.15,-0.23,2.76,-8.69,0.63
1289,-31,-0.91,-0.17,-0.22,0.49,-6.82,-0.08
1290,-31,-0.90,-0.16,-0.23,0.01,-5.46,0.28
1291,-31,-0.90,-0.16,-0.25,0.59,-4.78,-0.26
1292,-31,-0.91,-0.17,-0.24,0.90,-4.41,0.27
1293,-31,-0.90,-0.17,-0.23,1.11,-3.70,1.57
1294,-31,-0.91,-0.18,-0.24,2.79,-3.91,1.83
1295,-31,-0.92,-0.17,-0.23,4.50,-5.37,3.08
1296,-31,-0.92,-0.15,-0.24,2.34,-4.08,-0.22
1297,-31,-0.93,-0.16,-0.22,1.73,-3.76,-0.28
1298,-31,-0.93,-0.16,-0.21,1.19,-4.31,0.44
1299,-31,-0.93,-0.16,-0.24,1.04,-6.64,0.24
1300,-31,-0.91,-0.16,-0.25,2.15,-8.34,0.95
1301,-31,-0.92,-0.17,-0.24,1.52,-8.67,2.63
1302,-31,-0.91,-0.16,-0.23,0.16,-7.47,1.71
1303,-31,-0.91,-0.16,-0.23,0.75,-6.49,0.22
1304,-31,-0.91,-0.16,-0.25,2.18,-6.16,-0.58
1305,-31,-0.92,-0.18,-0.26,1.82,-5.97,0.06
1306,-32,-0.92,-0.16,-0.24,1.99,-5.44,2.47
1307,-32,-0.91,-0.15,-0.24,3.99,-4.35,2.98
1308,-32,-0.90,-0.16,-0.25,4.39,-2.04,1.09
1309,-32,-0.91,-0.15,-0.22,2.73,0.17,-0.44
1310,-32,-0.93,-0.16,-0.27,4.56,-3.76,-0.01
1311,-32,-0.92,-0.16,-0.24,4.39,-7.80,2.85
1312,-32,-0.92,-0.17,-0.23,2.85,-8.02,2.06
1313,-32,-0.91,-0.16,-0.23,2.15,-7.21,1.76
1314,-32,-0.91,-0.16,-0.24,2.02,-6.78,1.04
1315,-32,-0.92,-0.16,-0.24,1.24,-6.60,1.31
1316,-32,-0.91,-0.16,-0.24,1.52,-6.49,1.41
1317,-32,-0.91,-0.16,-0.24,1.80,-5.64,2.48
1318,-32,-0.92,-0.15,-0.24,2.90,-5.30,1.53
1319,-32,-0.92,-0.15,-0.25,3.08,-5.26,2.25
1320,-32,-0.93,-0.16,-0.23,3.88,-4.37,3.51
1321,-32,-0.92,-0.15,-0.22,4.12,-3.60,2.84
1322,-32,-0.92,-0.15,-0.24,2.72,-3.43,0.78
1323,-32,-0.94,-0.16,-0.24,3.13,-7.53,0.70
1324,-32,-0.93,-0.15,-0.23,6.01,-9.73,1.76
1325,-31,-0.91,-0.16,-0.23,2.75,-7.78,-1.42
1326,-31,-0.92,-0.16,-0.22,2.12,-6.14,-0.79
1327,-31,-0.91,-0.15,-0.23,3.71,-5.29,-0.95
1328,-31,-0.92,-0.15,-0.25,4.02,-5.11,-1.85
1329,-32,-0.92,-0.15,-0.24,3.22,-5.31,-0.79
1330,-31,-0.91,-0.15,-0.22,1.97,-4.37,0.87
1331,-31,-0.92,-0.15,-0.22,1.72,-4.40,1.11
1332,-32,-0.91,-0.14,-0.22,2.16,-4.85,0.84
1333,-32,-0.92,-0.16,-0.23,1.89,-5.93,2.81
1334,-32,-0.92,-0.16,-0.22,0.58,-5.18,3.78
1335,-32,-0.92,-0.15,-0.23,1.73,-4.62,2.37
1336,-32,-0.94,-0.16,-0.24,0.63,-4.70,-0.07
1337,-32,-0.93,-0.17,-0.23,-0.31,-5.58,-0.18
1338,-32,-0.93,-0.17,-0.23,1.37,-5.92,1.70
1339,-32,-0.93,-0.15,-0.23,3.21,-5.95,2.23
1340,-32,-0.93,-0.15,-0.24,2.99,-5.59,0.24
1341,-32,-0.92,-0.15,-0.23,1.75,-5.21,-1.58
1342,-32,-0.92,-0.16,-0.23,1.87,-6.05,-0.06
1343,-32,-0.91,-0.16,-0.24,3.11,-5.95,2.23
1344,-32,-0.92,-0.14,-0.24,0.24,-4.88,0.30
1345,-32,-0.92,-0.15,-0.24,0.50,-5.27,0.43
1346,-32,-0.92,-0.16,-0.24,0.92,-5.59,1.65
1347,-32,-0.92,-0.16,-0.23,0.57,-4.79,2.77
1348,-32,-0.92,-0.15,-0.23,0.95,-4.48,2.21
1349,-32,-0.94,-0.16,-0.24,0.80,-4.95,0.16
1350,-32,-0.93,-0.17,-0.23,2.19,-7.38,4.40
1351,-32,-0.92,-0.16,-0.23,4.31,-6.87,4.98
1352,-32,-0.91,-0.15,-0.24,4.34,-5.59,2.08
1353,-32,-0.94,-0.15,-0.25,2.54,-3.51,-1.22
1354,-32,-0.94,-0.15,-0.25,2.15,-4.05,-0.05
1355,-32,-0.93,-0.15,-0.24,2.21,-5.14,0.27
1356,-32,-0.92,-0.15,-0.24,3.24,-5.63,0.11
1357,-32,-0.91,-0.15,-0.23,2.39,-5.68,0.34
1358,-32,-0.91,-0.15,-0.23,2.78,-5.27,1.89
1359,-32,-0.92,-0.15,-0.24,2.09,-4.82,0.18
1360,-32,-0.91,-0.17,-0.26,-0.35,-5.39,0.97
1361,-32,-0.92,-0.16,-0.24,1.09,-5.44,3.57
1362,-32,-0.91,-0.15,-0.24,4.42,-5.16,4.76
1363,-32,-0.92,-0.14,-0.24,3.82,-3.56,3.11
1364,-32,-0.93,-0.12,-0.24,2.84,-3.07,0.82
1365,-32,-0.94,-0.14,-0.26,2.88,-3.76,-0.05
1366,-32,-0.94,-0.13,-0.23,0.39,-3.88,1.44
1367,-32,-0.93,-0.13,-0.25,1.18,-5.32,-0.98
1368,-32,-0.93,-0.16,-0.27,1.12,-6.79,-2.09
1369,-32,-0.92,-0.15,-0.22,2.71,-5.75,0.05
1370,-32,-0.91,-0.15,-0.26,1.40,-4.16,-1.58
1371,-32,-0.92,-0.16,-0.25,0.43,-4.56,-1.73
1372,-32,-0.91,-0.16,-0.24,1.29,-5.31,0.49
1373,-32,-0.90,-0.16,-0.25,2.23,-5.44,1.18
1374,-32,-0.91,-0.15,-0.24,1.79,-5.25,1.21
1375,-32,-0.91,-0.15,-0.23,1.24,-4.74,0.13
1376,-32,-0.92,-0.16,-0.25,1.65,-5.79,1.17
1377,-32,-0.92,-0.14,-0.25,2.39,-7.44,3.47
1378,-32,-0.91,-0.17,-0.26,-2.02,-6.94,2.35
1379,-32,-0.91,-0.17,-0.24,-1.37,-6.17,4.20
1380,-32,-0.92,-0.16,-0.26,-0.47,-5.40,3.24
1381,-32,-0.91,-0.15,-0.26,0.19,-4.30,2.39
1382,-32,-0.92,-0.14,-0.25,1.31,-4.00,3.34
1383,-32,-0.92,-0.14,-0.27,1.01,-4.72,3.34
1384,-32,-0.92,-0.11,-0.23,4.94,-6.48,7.20
1385,-32,-0.93,-0.12,-0.26,3.15,-6.31,2.98
1386,-32,-0.95,-0.14,-0.25,-0.16,-5.87,3.64
1387,-32,-0.95,-0.13,-0.24,0.88,-5.28,3.82
1388,-32,-0.95,-0.13,-0.26,0.83,-5.18,2.15
1389,-32,-0.94,-0.13,-0.25,-0.40,-6.05,0.27
1390,-32,-0.93,-0.12,-0.27,2.18,-6.73,-0.79
1391,-32,-0.93,-0.12,-0.25,3.73,-7.97,0.49
1392,-32,-0.92,-0.11,-0.26,3.27,-7.62,2.77
1393,-32,-0.91,-0.11,-0.26,1.88,-5.25,0.61
1394,-32,-0.91,-0.12,-0.25,1.62,-4.77,0.61
1395,-32,-0.92,-0.13,-0.26,4.14,-3.84,2.37
1396,-32,-0.93,-0.12,-0.24,3.47,-2.36,1.45
1397,-32,-0.93,-0.12,-0.26,3.37,-2.80,1.13
1398,-32,-0.93,-0.13,-0.24,5.72,-8.15,1.82
1399,-32,-0.92,-0.13,-0.24,5.62,-8.27,0.53
1400,-32,-0.92,-0.13,-0.24,4.05,-7.16,-0.19
1401,-32,-0.93,-0.12,-0.26,3.21,-6.18,-0.90
1402,-32,-0.92,-0.11,-0.26,2.37,-5.30,-0.20
1403,-32,-0.91,-0.12,-0.26,1.08,-5.31,-0.47
1404,-32,-0.91,-0.11,-0.24,0.79,-4.95,0.18
1405,-32,-0.92,-0.12,-0.26,1.26,-4.59,-0.56
1406,-32,-0.92,-0.13,-0.26,1.63,-5.07,-0.16
1407,-32,-0.92,-0.12,-0.25,2.78,-5.49,1.37
1408,-32,-0.93,-0.13,-0.26,2.89,-5.59,0.18
1409,-32,-0.93,-0.14,-0.26,2.02,-6.06,0.67
1410,-32,-0.91,-0.13,-0.25,3.91,-6.21,2.15
1411,-32,-0.92,-0.12,-0.25,4.75,-5.69,2.11
1412,-32,-0.92,-0.11,-0.24,2.79,-4.94,1.28
1413,-32,-0.92,-0.12,-0.26,2.06,-4.48,0.71
1414,-32,-0.92,-0.11,-0.25,2.25,-4.52,0.79
1415,-32,-0.93,-0.12,-0.24,1.94,-4.45,0.79
1416,-32,-0.93,-0.12,-0.26,2.34,-5.95,1.58
1417,-32,-0.93,-0.12,-0.26,3.76,-6.78,2.50
1418,-32,-0.92,-0.11,-0.26,3.64,-5.62,1.53
1419,-32,-0.93,-0.12,-0.25,2.70,-5.68,1.63
1420,-32,-0.92,-0.11,-0.25,3.05,-5.21,1.32
1421,-32,-0.92,-0.11,-0.25,1.56,-5.33,0.34
1422,-32,-0.93,-0.11,-0.26,1.44,-6.44,0.10
1423,-32,-0.93,-0.13,-0.26,1.84,-7.08,0.44
1424,-32,-0.93,-0.13,-0.24,0.63,-6.16,2.10
1425,-32,-0.92,-0.12,-0.26,2.53,-5.25,-0.60
1426,-32,-0.92,-0.14,-0.26,2.46,-5.62,-0.20
1427,-32,-0.93,-0.13,-0.24,2.84,-6.15,1.22
1428,-32,-0.93,-0.11,-0.26,4.27,-6.14,1.24
1429,-32,-0.92,-0.12,-0.27,3.45,-6.27,0.28
1430,-32,-0.91,-0.12,-0.26,2.63,-6.10,1.11
1431,-32,-0.91,-0.12,-0.27,2.58,-4.44,1.61
1432,-32,-0.92,-0.12,-0.25,2.73,-3.67,1.63
1433,-32,-0.93,-0.12,-0.26,2.19,-3.48,1.33
1434,-32,-0.92,-0.13,-0.26,1.63,-4.19,1.95
1435,-32,-0.93,-0.12,-0.25,2.79,-4.40,3.02
1436,-32,-0.93,-0.12,-0.25,3.87,-4.43,2.14
1437,-32,-0.93,-0.12,-0.26,1.57,-4.34,1.18
1438,-32,-0.93,-0.12,-0.26,1.11,-5.67,1.95
1439,-32,-0.94,-0.12,-0.25,1.16,-5.63,2.34
1440,-32,-0.93,-0.12,-0.26,3.11,-5.96,2.26
1441,-32,-0.92,-0.12,-0.25,2.68,-5.56,0.64
1442,-32,-0.93,-0.11,-0.27,1.56,-6.18,-1.34
1443,-32,-0.93,-0.12,-0.27,2.40,-7.53,0.33
1444,-32,-0.93,-0.12,-0.25,3.38,-7.85,1.50
1445,-32,-0.91,-0.11,-0.25,2.89,-7.53,1.57
1446,-32,-0.91,-0.10,-0.26,2.69,-6.18,0.56
1447,-32,-0.92,-0.11,-0.26,2.08,-5.47,-0.24
1448,-32,-0.92,-0.10,-0.26,3.07,-5.08,2.76
1449,-32,-0.93,-0.11,-0.26,2.21,-4.38,2.32
1450,-32,-0.93,-0.11,-0.27,1.34,-4.32,1.44
1451,-32,-0.93,-0.11,-0.26,1.43,-5.01,1.34
1452,-32,-0.93,-0.12,-0.25,1.89,-5.28,1.05
1453,-32,-0.93,-0.13,-0.25,2.50,-6.26,1.08
1454,-32,-0.93,-0.11,-0.25,3.57,-6.55,1.49
1455,-32,-0.92,-0.11,-0.25,4.08,-6.50,0.71
1456,-32,-0.93,-0.12,-0.26,2.34,-6.44,0.63
1457,-32,-0.92,-0.11,-0.25,1.79,-6.21,0.84
1458,-32,-0.92,-0.11,-0.27,2.82,-5.17,1.34
1459,-32,-0.91,-0.10,-0.27,3.74,-4.64,3.02
1460,-32,-0.90,-0.11,-0.26,3.70,-3.78,5.24
1461,-32,-0.91,-0.10,-0.25,4.00,-2.48,4.94
1462,-32,-0.93,-0.11,-0.27,3.22,-2.10,3.31
1463,-32,-0.93,-0.11,-0.26,1.67,-2.13,1.56
1464,-32,-0.93,-0.10,-0.26,3.16,-4.26,3.36
1465,-32,-0.92,-0.10,-0.26,2.05,-5.24,1.89
1466,-32,-0.93,-0.09,-0.27,3.40,-5.95,2.23
1467,-32,-0.91,-0.09,-0.26,2.53,-6.30,2.89
1468,-32,-0.92,-0.09,-0.26,3.32,-5.68,1.77
1469,-32,-0.93,-0.10,-0.26,2.24,-4.92,0.58
1470,-32,-0.93,-0.11,-0.26,1.51,-4.96,0.40
1471,-32,-0.93,-0.09,-0.26,2.49,-5.48,0.78
1472,-32,-0.93,-0.09,-0.28,3.74,-6.37,0.18
1473,-32,-0.93,-0.10,-0.28,2.59,-6.52,0.69
1474,-32,-0.92,-0.08,-0.26,1.49,-5.68,0.34
1475,-32,-0.91,-0.09,-0.27,1.54,-4.81,-1.17
1476,-32,-0.92,-0.09,-0.28,0.67,-4.52,-2.16
1477,-32,-0.93,-0.11,-0.27,-0.24,-4.60,-2.56
1478,-32,-0.93,-0.11,-0.27,1.40,-4.01,-3.58
1479,-32,-0.92,-0.11,-0.25,0.12,-3.47,-3.54
1480,-32,-0.92,-0.10,-0.26,1.05,-4.31,-3.94
1481,-32,-0.92,-0.10,-0.28,3.24,-6.50,-3.45
1482,-32,-0.93,-0.12,-0.28,3.56,-8.58,-1.78
1483,-32,-0.91,-0.12,-0.26,0.53,-7.48,-0.45
1484,-32,-0.92,-0.13,-0.27,3.07,-6.46,-2.48
1485,-32,-0.92,-0.13,-0.27,3.11,-6.81,-0.79
1486,-32,-0.91,-0.12,-0.28,2.60,-6.78,0.74
1487,-32,-0.91,-0.12,-0.27,1.61,-6.19,-0.05
1488,-32,-0.91,-0.12,-0.27,3.47,-6.28,0.76
1489,-32,-0.91,-0.12,-0.27,4.69,-5.89,2.15
1490,-32,-0.91,-0.12,-0.28,3.08,-5.17,3.20
1491,-32,-0.92,-0.11,-0.26,2.07,-3.84,1.80
1492,-32,-0.92,-0.13,-0.28,1.32,-4.40,1.69
1493,-32,-0.93,-0.12,-0.25,2.45,-5.82,3.53
1494,-32,-0.93,-0.11,-0.27,5.14,-7.44,6.26
1495,-32,-0.92,-0.11,-0.26,5.09,-7.47,5.39
1496,-32,-0.92,-0.11,-0.27,1.79,-5.63,2.85
1497,-32,-0.91,-0.12,-0.25,-0.94,-3.79,1.34
1498,-32,-0.92,-0.12,-0.26,-0.13,-2.54,-0.38
1499,-32,-0.93,-0.12,-0.28,0.05,-2.34,-2.76
1500,-32,-0.94,-0.13,-0.27,0.22,-3.86,-1.30
1501,-32,-0.94,-0.13,-0.27,3.55,-6.44,1.26
1502,-32,-0.92,-0.12,-0.26,2.66,-4.88,-0.28
1503,-32,-0.93,-0.12,-0.27,3.56,-5.87,-0.82
1504,-32,-0.92,-0.12,-0.26,2.08,-6.60,0.84
1505,-32,-0.92,-0.11,-0.26,2.47,-6.71,1.82
1506,-32,-0.92,-0.11,-0.28,2.95,-7.21,1.45
1507,-32,-0.91,-0.11,-0.26,2.23,-7.62,2.14
1508,-32,-0.92,-0.11,-0.25,2.50,-8.06,4.16
1509,-32,-0.92,-0.10,-0.25,0.61,-7.29,3.58
1510,-32,-0.92,-0.11,-0.27,-2.82,-6.70,1.60
1511,-32,-0.93,-0.11,-0.25,-2.05,-6.63,0.60
1512,-32,-0.93,-0.12,-0.26,-2.59,-6.09,0.71
1513,-32,-0.92,-0.11,-0.27,-3.05,-5.73,0.40
1514,-32,-0.92,-0.12,-0.26,-1.62,-5.82,0.61
1515,-32,-0.92,-0.12,-0.27,-0.55,-4.97,-0.88
1516,-32,-0.92,-0.12,-0.27,0.48,-5.27,-0.27
1517,-32,-0.92,-0.12,-0.28,3.02,-5.66,1.24
1518,-32,-0.91,-0.11,-0.27,5.15,-5.24,3.47
1519,-32,-0.90,-0.09,-0.28,4.98,-3.85,3.09
1520,-32,-0.92,-0.10,-0.28,2.43,-2.97,2.45
1521,-32,-0.94,-0.12,-0.26,0.93,-1.86,-0.37
1522,-32,-0.94,-0.13,-0.27,1.71,-3.34,-0.54
1523,-32,-0.94,-0.12,-0.27,4.68,-5.61,1.33
1524,-32,-0.92,-0.11,-0.26,4.90,-6.68,0.35
1525,-32,-0.92,-0.11,-0.26,4.47,-6.98,0.15
1526,-32,-0.93,-0.11,-0.27,2.80,-6.24,-0.56
1527,-32,-0.92,-0.11,-0.27,2.17,-5.79,-0.77
1528,-32,-0.91,-0.11,-0.26,2.72,-5.65,0.15
1529,-32,-0.91,-0.11,-0.27,4.03,-5.73,0.78
1530,-32,-0.93,-0.11,-0.27,3.55,-5.18,0.62
1531,-32,-0.92,-0.11,-0.28,2.82,-5.01,0.74
1532,-32,-0.92,-0.10,-0.27,3.21,-5.63,0.17
1533,-32,-0.93,-0.13,-0.29,1.89,-6.03,-0.22
1534,-32,-0.92,-0.12,-0.27,1.38,-5.66,0.05
1535,-32,-0.92,-0.12,-0.26,2.60,-5.59,-0.33
1536,-32,-0.92,-0.12,-0.27,2.85,-6.51,-0.51
1537,-32,-0.92,-0.12,-0.26,2.07,-6.74,-0.44
1538,-32,-0.93,-0.12,-0.26,1.89,-6.64,-1.31
1539,-32,-0.92,-0.12,-0.26,2.80,-6.94,-0.09
1540,-32,-0.92,-0.13,-0.26,3.66,-6.98,-0.42
1541,-32,-0.93,-0.13,-0.26,2.82,-7.06,0.11
1542,-32,-0.92,-0.12,-0.24,2.65,-6.95,1.21
1543,-32,-0.91,-0.11,-0.26,5.01,-7.18,0.54
1544,-32,-0.92,-0.13,-0.27,4.11,-7.21,-0.16
1545,-32,-0.92,-0.13,-0.25,1.65,-5.44,0.62
1546,-32,-0.92,-0.11,-0.24,2.59,-2.21,-0.30
1547,-32,-0.94,-0.12,-0.27,2.34,-2.73,-2.40
1548,-32,-0.94,-0.13,-0.29,1.14,-5.45,-2.39
1549,-32,-0.93,-0.14,-0.27,0.42,-7.47,-0.75
1550,-32,-0.91,-0.14,-0.25,3.65,-10.06,-0.82
1551,-32,-0.91,-0.14,-0.25,2.56,-9.31,-0.66
1552,-32,-0.90,-0.13,-0.26,1.73,-7.89,0.33
1553,-32,-0.91,-0.13,-0.25,1.89,-6.60,0.34
1554,-32,-0.91,-0.13,-0.26,2.16,-6.06,0.44
1555,-32,-0.91,-0.13,-0.26,2.84,-5.39,1.06
1556,-32,-0.92,-0.15,-0.26,1.68,-5.18,1.66
1557,-32,-0.91,-0.14,-0.25,2.58,-4.84,2.77
1558,-32,-0.93,-0.13,-0.26,6.31,-4.47,1.49
1559,-32,-0.92,-0.13,-0.23,3.85,-5.18,4.34
1560,-32,-0.92,-0.12,-0.24,5.25,-5.09,4.31
1561,-32,-0.92,-0.14,-0.26,3.72,-5.09,2.21
1562,-32,-0.93,-0.13,-0.24,1.34,-4.98,2.16
1563,-32,-0.94,-0.12,-0.24,2.54,-4.76,3.31
1564,-32,-0.94,-0.11,-0.24,3.36,-4.93,2.20
1565,-32,-0.94,-0.13,-0.26,0.73,-5.49,1.57
1566,-32,-0.93,-0.12,-0.24,0.95,-5.52,1.21
1567,-32,-0.95,-0.12,-0.26,2.71,-6.69,-0.56
1568,-32,-0.92,-0.14,-0.23,3.69,-10.32,1.72
1569,-32,-0.91,-0.10,-0.25,0.57,-5.77,-1.60
1570,-32,-0.91,-0.12,-0.24,-2.18,-4.94,-2.57
1571,-32,-0.91,-0.12,-0.23,-0.60,-4.30,1.65
1572,-32,-0.89,-0.12,-0.25,-0.79,-1.96,2.11
1573,-32,-0.91,-0.11,-0.24,-1.13,-2.40,1.27
1574,-32,-0.96,-0.12,-0.25,0.58,-3.56,1.95
1575,-32,-0.95,-0.13,-0.26,-1.95,-5.82,4.67
1576,-32,-0.94,-0.11,-0.25,-3.32,-6.64,7.87
1577,-32,-0.92,-0.10,-0.23,-4.02,-6.43,2.67
1578,-32,-0.92,-0.12,-0.23,-4.27,-6.59,0.79
1579,-32,-0.92,-0.13,-0.25,-3.92,-6.82,-0.37
1580,-32,-0.94,-0.12,-0.25,-2.50,-7.77,1.42
1581,-32,-0.94,-0.11,-0.24,-1.34,-8.34,-0.04
1582,-32,-0.94,-0.13,-0.25,-1.41,-8.68,0.31
1583,-32,-0.93,-0.10,-0.24,-1.36,-8.73,2.10
1584,-31,-0.94,-0.11,-0.23,-5.92,-6.40,-0.90
1585,-31,-0.93,-0.11,-0.23,-7.17,-7.10,3.02
1586,-31,-0.93,-0.10,-0.23,-8.39,-7.65,2.52
1587,-31,-0.92,-0.10,-0.23,-7.76,-8.11,1.26
1588,-31,-0.91,-0.10,-0.22,-9.40,-6.85,1.26
1589,-31,-0.92,-0.10,-0.21,-10.46,-5.16,0.37
1590,-31,-0.93,-0.12,-0.24,-11.58,-4.92,0.18
1591,-31,-0.91,-0.11,-0.24,-12.44,-4.90,0.30
1592,-30,-0.91,-0.10,-0.23,-10.69,-4.69,0.71
1593,-30,-0.93,-0.10,-0.24,-10.60,-4.33,-0.45
1594,-30,-0.92,-0.10,-0.28,-11.21,-4.79,-1.23
1595,-30,-0.93,-0.11,-0.28,-5.99,-6.17,-0.63
1596,-30,-0.92,-0.11,-0.27,-5.04,-6.33,0.13
1597,-30,-0.91,-0.10,-0.26,-3.20,-4.89,0.87
1598,-30,-0.92,-0.10,-0.27,-2.73,-3.69,-1.37
1599,-30,-0.93,-0.12,-0.26,-3.61,-2.89,0.51
1600,-30,-0.91,-0.10,-0.25,-3.31,-3.18,1.31
1601,-30,-0.92,-0.09,-0.25,-3.22,-3.50,0.89
1602,-30,-0.92,-0.10,-0.24,-4.00,-4.59,1.17
1603,-30,-0.92,-0.09,-0.26,-3.59,-4.92,1.38
1604,-30,-0.92,-0.10,-0.26,-3.69,-5.09,0.82
1605,-30,-0.93,-0.09,-0.26,-4.90,-4.82,1.48
1606,-30,-0.93,-0.09,-0.26,-4.97,-5.35,0.54
1607,-30,-0.92,-0.10,-0.27,-3.35,-5.54,1.41
1608,-30,-0.92,-0.10,-0.27,-2.43,-5.31,1.90
1609,-29,-0.92,-0.09,-0.27,-2.31,-5.87,1.66
1610,-30,-0.91,-0.09,-0.27,-2.08,-5.62,1.51
1611,-30,-0.92,-0.10,-0.28,-2.09,-5.17,1.70
1612,-30,-0.93,-0.10,-0.26,-1.21,-4.77,3.02
1613,-29,-0.91,-0.08,-0.28,-0.47,-4.53,1.17
1614,-30,-0.91,-0.09,-0.29,-0.97,-4.08,-1.00
1615,-29,-0.94,-0.10,-0.27,-0.43,-4.51,-0.40
1616,-30,-0.93,-0.10,-0.26,0.47,-5.21,1.77
1617,-30,-0.92,-0.08,-0.27,0.72,-5.34,1.02
1618,-30,-0.92,-0.09,-0.28,1.07,-6.85,-0.22
1619,-30,-0.92,-0.09,-0.27,-0.31,-5.50,0.51
1620,-30,-0.91,-0.08,-0.26,-0.44,-5.30,0.76
1621,-30,-0.93,-0.10,-0.28,1.67,-6.63,0.34
1622,-30,-0.93,-0.10,-0.27,3.32,-8.11,3.14
1623,-30,-0.92,-0.09,-0.26,3.58,-8.37,3.37
1624,-30,-0.94,-0.09,-0.25,3.72,-7.25,2.76
1625,-30,-0.94,-0.08,-0.26,3.09,-6.49,2.98
1626,-30,-0.93,-0.07,-0.27,1.47,-6.31,2.25
1627,-30,-0.92,-0.06,-0.26,-1.11,-5.53,-0.15
1628,-30,-0.91,-0.07,-0.25,-2.63,-5.26,-2.61
1629,-30,-0.92,-0.10,-0.27,-3.12,-5.55,-2.72
1630,-31,-0.92,-0.08,-0.24,-1.53,-7.20,0.97
1631,-31,-0.91,-0.08,-0.27,-2.10,-6.55,-0.92
1632,-31,-0.91,-0.08,-0.28,-4.71,-6.52,-2.57
1633,-31,-0.89,-0.08,-0.28,-5.80,-5.79,-6.51
1634,-31,-0.92,-0.11,-0.28,0.37,-7.87,-1.76
1635,-31,-0.93,-0.12,-0.27,3.07,-9.16,1.72
1636,-32,-0.90,-0.10,-0.27,3.80,-10.52,5.43
1637,-32,-0.88,-0.10,-0.25,5.39,-11.09,1.67
1638,-32,-0.91,-0.10,-0.23,9.15,-11.92,-0.77
1639,-32,-0.95,-0.10,-0.24,8.44,-12.08,1.19
1640,-32,-0.94,-0.09,-0.23,7.50,-12.40,6.40
1641,-33,-0.93,-0.08,-0.23,5.82,-11.89,7.44
1642,-33,-0.92,-0.06,-0.23,2.40,-10.47,3.22
1643,-33,-0.93,-0.09,-0.21,-2.33,-9.64,-1.23
1644,-33,-0.95,-0.10,-0.21,1.35,-9.48,3.25
1645,-33,-0.93,-0.07,-0.23,1.56,-8.66,6.58
1646,-33,-0.91,-0.05,-0.26,-3.17,-7.37,1.69
1647,-33,-0.94,-0.10,-0.25,-5.46,-4.53,-15.44
1648,-33,-0.96,-0.14,-0.25,-2.39,-4.86,-11.31
1649,-33,-0.97,-0.15,-0.24,0.82,-5.61,2.37
1650,-33,-0.91,-0.12,-0.23,4.10,-5.37,8.06
1651,-33,-0.91,-0.11,-0.23,5.60,-4.25,8.26
1652,-33,-0.92,-0.08,-0.25,2.85,-3.50,8.38
1653,-33,-0.93,-0.10,-0.23,2.56,-4.67,-4.10
1654,-33,-0.95,-0.11,-0.21,1.12,-4.56,-0.68
1655,-34,-0.94,-0.10,-0.21,2.76,-5.19,4.52
1656,-34,-0.92,-0.09,-0.22,3.11,-5.63,4.05
1657,-34,-0.92,-0.08,-0.23,0.87,-5.77,-0.77
1658,-33,-0.93,-0.09,-0.24,0.95,-6.79,-1.72
1659,-34,-0.93,-0.11,-0.22,2.91,-7.03,2.47
1660,-34,-0.93,-0.09,-0.23,2.89,-6.08,4.08
1661,-33,-0.92,-0.09,-0.24,1.71,-6.08,1.36
1662,-34,-0.93,-0.09,-0.24,0.39,-5.74,-0.39
1663,-33,-0.93,-0.10,-0.23,0.39,-5.46,0.40
1664,-34,-0.93,-0.10,-0.24,2.25,-5.98,0.62
1665,-34,-0.92,-0.09,-0.20,1.97,-9.38,2.31
1666,-34,-0.93,-0.09,-0.21,2.81,-10.99,1.79
1667,-34,-0.93,-0.08,-0.21,2.16,-12.49,3.17
1668,-34,-0.93,-0.08,-0.20,1.99,-12.83,3.61
1669,-34,-0.93,-0.07,-0.18,2.80,-14.02,3.95
1670,-34,-0.94,-0.07,-0.20,2.68,-14.61,5.38
1671,-34,-0.93,-0.06,-0.20,0.18,-14.12,4.72
1672,-34,-0.94,-0.08,-0.19,-1.11,-12.72,2.11
1673,-34,-0.94,-0.08,-0.19,-0.66,-10.91,0.23
1674,-34,-0.95,-0.08,-0.21,-2.95,-7.39,-0.09
1675,-34,-0.96,-0.09,-0.20,-2.13,-7.54,-0.32
1676,-34,-0.94,-0.11,-0.19,-0.45,-6.31,-4.32
1677,-34,-0.95,-0.12,-0.19,2.89,-6.13,-2.22
1678,-34,-0.96,-0.11,-0.21,4.63,-5.66,7.08
1679,-34,-0.91,-0.07,-0.20,2.72,-3.94,13.57
1680,-34,-0.90,-0.03,-0.19,2.69,-2.35,3.63
1681,-34,-0.91,-0.05,-0.19,1.96,-1.65,-8.65
1682,-34,-0.96,-0.08,-0.20,0.73,-3.56,-5.06
1683,-34,-0.94,-0.08,-0.19,1.35,-3.99,4.58
1684,-34,-0.93,-0.06,-0.19,2.60,-3.66,6.42
1685,-34,-0.94,-0.06,-0.19,4.11,-5.53,6.73
1686,-34,-0.93,-0.04,-0.19,0.37,-4.76,13.56
1687,-34,-0.91,-0.02,-0.19,0.02,-4.67,4.12
1688,-34,-0.95,-0.07,-0.20,-0.59,-4.57,2.07
1689,-34,-0.96,-0.07,-0.18,-1.86,-5.50,13.63
1690,-34,-0.90,-0.03,-0.19,1.28,-6.27,8.74
1691,-34,-0.93,-0.06,-0.20,3.03,-4.02,4.28
1692,-34,-0.95,-0.04,-0.19,-1.24,-3.72,11.34
1693,-34,-0.91,0.00,-0.20,-1.44,-3.67,6.92
1694,-34,-0.95,-0.01,-0.20,-0.27,-3.19,-0.82
1695,-34,-0.96,-0.04,-0.21,-2.80,-4.19,6.86
1696,-34,-0.91,-0.00,-0.21,-2.16,-5.52,7.98
1697,-34,-0.92,-0.01,-0.20,-0.32,-4.11,-3.38
1698,-34,-0.93,-0.01,-0.21,-1.51,-3.52,4.08
1699,-34,-0.92,-0.02,-0.21,3.29,-3.64,-4.48
1700,-34,-0.95,-0.04,-0.22,2.87,-2.75,-4.71
1701,-34,-0.94,-0.03,-0.23,1.63,-2.26,0.95
1702,-34,-0.93,-0.02,-0.22,3.79,-1.98,1.79
1703,-33,-0.93,-0.02,-0.22,3.27,-1.62,-2.44
1704,-33,-0.94,-0.03,-0.24,2.73,-1.48,-0.93
1705,-33,-0.95,-0.04,-0.22,3.63,-1.63,3.63
1706,-33,-0.92,-0.02,-0.22,3.85,-1.34,2.00
1707,-33,-0.93,-0.02,-0.22,3.53,-1.21,0.20
1708,-33,-0.94,-0.04,-0.24,5.17,-2.80,0.41
1709,-33,-0.92,-0.03,-0.24,6.04,-4.44,3.47
1710,-33,-0.90,-0.02,-0.24,5.56,-4.76,5.18
1711,-33,-0.91,-0.01,-0.25,4.54,-5.21,3.00
1712,-33,-0.93,-0.03,-0.23,5.07,-5.87,-0.16
1713,-33,-0.95,-0.03,-0.24,5.84,-6.49,2.78
1714,-33,-0.93,-0.02,-0.24,4.30,-5.78,4.89
1715,-33,-0.92,-0.02,-0.23,3.47,-4.78,0.89
1716,-33,-0.94,-0.03,-0.23,3.68,-3.79,-2.26
1717,-33,-0.95,-0.04,-0.23,4.74,-2.76,2.60
1718,-33,-0.93,-0.01,-0.24,5.38,-1.72,5.33
1719,-33,-0.90,0.02,-0.27,-1.30,1.02,0.27
1720,-33,-0.94,-0.01,-0.28,-4.26,-1.94,-10.78
1721,-33,-0.94,-0.07,-0.25,-3.72,-4.71,-4.36
1722,-33,-0.91,-0.04,-0.25,2.60,-6.82,2.80
1723,-33,-0.92,-0.05,-0.25,8.12,-7.31,5.53
1724,-34,-0.93,-0.03,-0.26,6.60,-7.44,7.54
1725,-33,-0.94,-0.00,-0.26,5.48,-7.73,6.36
1726,-33,-0.94,-0.01,-0.23,1.91,-8.27,-1.76
1727,-33,-0.93,-0.01,-0.24,1.73,-9.16,-3.06
1728,-33,-0.95,-0.05,-0.22,2.39,-8.00,-1.66
1729,-33,-0.95,-0.05,-0.24,3.18,-6.63,2.97
1730,-33,-0.92,-0.03,-0.25,2.56,-5.98,4.15
1731,-33,-0.91,-0.02,-0.25,2.33,-5.66,2.69
1732,-33,-0.92,-0.01,-0.24,2.53,-5.19,1.76
1733,-33,-0.94,-0.02,-0.25,2.95,-4.96,1.03
1734,-33,-0.92,-0.02,-0.25,2.52,-5.50,0.95
1735,-33,-0.92,-0.02,-0.25,0.36,-4.82,-2.85
1736,-33,-0.94,-0.05,-0.24,1.06,-5.50,-1.79
1737,-33,-0.94,-0.04,-0.22,4.75,-6.97,4.82
1738,-33,-0.92,-0.02,-0.24,6.83,-7.47,5.18
1739,-33,-0.93,-0.02,-0.25,4.84,-7.47,0.08
1740,-33,-0.94,-0.01,-0.23,2.41,-5.73,1.18
1741,-33,-0.93,-0.03,-0.23,3.04,-5.71,0.78
1742,-33,-0.93,-0.04,-0.23,2.38,-5.27,2.41
1743,-33,-0.92,-0.02,-0.24,3.65,-4.84,4.47
1744,-33,-0.93,-0.02,-0.24,3.42,-4.93,2.54
1745,-33,-0.95,-0.03,-0.24,2.53,-5.84,1.18
1746,-33,-0.93,-0.01,-0.24,3.89,-6.56,3.56
1747,-33,-0.93,-0.01,-0.23,4.27,-6.39,2.15
1748,-33,-0.92,-0.01,-0.24,2.65,-5.60,-0.49
1749,-33,-0.94,-0.03,-0.23,2.41,-5.53,-0.62
1750,-33,-0.94,-0.03,-0.23,4.23,-6.48,4.05
1751,-34,-0.93,-0.01,-0.23,5.16,-7.19,3.50
1752,-34,-0.93,-0.02,-0.23,4.59,-7.13,1.60
1753,-34,-0.94,-0.04,-0.22,5.72,-7.59,2.54
1754,-34,-0.95,-0.04,-0.22,8.96,-8.84,7.00
1755,-34,-0.94,-0.01,-0.23,10.11,-8.47,9.65
1756,-34,-0.93,0.02,-0.23,0.10,-4.90,-3.53
1757,-34,-0.92,-0.01,-0.23,-1.84,-5.40,-5.67
1758,-34,-0.94,-0.02,-0.22,0.60,-5.60,-2.25
1759,-34,-0.94,-0.03,-0.23,3.06,-6.04,2.05
1760,-34,-0.93,-0.01,-0.23,3.20,-5.71,1.54
1761,-34,-0.94,-0.01,-0.23,2.76,-5.59,0.09
1762,-34,-0.94,-0.01,-0.24,2.97,-6.13,1.47
1763,-34,-0.93,-0.00,-0.23,3.17,-6.40,2.86
1764,-34,-0.92,0.00,-0.24,1.89,-6.00,-1.88
1765,-34,-0.94,-0.01,-0.24,0.91,-5.11,-5.08
1766,-34,-0.95,-0.02,-0.22,0.63,-4.32,-2.69
1767,-34,-0.93,-0.03,-0.22,1.53,-4.23,-0.82
1768,-34,-0.93,-0.03,-0.23,3.46,-5.43,0.40
1769,-34,-0.94,-0.02,-0.23,3.34,-5.96,2.10
1770,-34,-0.93,-0.01,-0.23,2.87,-6.25,1.20
1771,-34,-0.92,-0.02,-0.23,3.02,-5.65,-0.78
1772,-34,-0.94,-0.03,-0.22,3.27,-5.18,-0.04
1773,-34,-0.93,-0.02,-0.23,1.59,-5.39,-0.81
1774,-34,-0.94,-0.03,-0.23,2.62,-5.44,1.55
1775,-34,-0.93,-0.01,-0.23,2.85,-5.47,2.00
1776,-34,-0.93,-0.02,-0.24,2.50,-5.66,-0.78
1777,-34,-0.93,-0.03,-0.23,1.69,-5.63,-0.06
1778,-34,-0.92,-0.02,-0.23,3.65,-6.28,3.03
1779,-34,-0.94,-0.01,-0.23,5.69,-6.67,3.63
1780,-34,-0.93,-0.01,-0.25,3.63,-6.99,1.36
1781,-34,-0.93,-0.02,-0.23,1.91,-6.77,0.61
1782,-34,-0.94,-0.02,-0.21,3.23,-6.52,0.63
1783,-34,-0.95,-0.02,-0.22,5.11,-6.45,1.19
1784,-34,-0.93,-0.02,-0.23,3.37,-5.44,1.42
1785,-34,-0.94,-0.03,-0.23,3.16,-5.60,0.76
1786,-34,-0.93,-0.02,-0.22,4.23,-5.47,2.76
1787,-34,-0.94,-0.00,-0.23,2.14,-4.99,-0.83
1788,-34,-0.95,-0.02,-0.22,1.59,-5.35,-1.62
1789,-34,-0.93,-0.03,-0.22,2.25,-5.73,1.04
1790,-34,-0.92,-0.02,-0.22,2.75,-4.82,1.32
1791,-34,-0.93,-0.02,-0.23,2.10,-4.05,-0.74
1792,-34,-0.94,-0.03,-0.23,2.09,-4.90,-0.26
1793,-34,-0.93,-0.01,-0.22,3.18,-5.69,2.76
1794,-34,-0.93,-0.00,-0.23,3.79,-5.27,1.37
1795,-34,-0.93,-0.01,-0.23,1.93,-5.38,-0.56
1796,-34,-0.93,-0.02,-0.23,1.60,-5.73,0.27
1797,-34,-0.93,-0.03,-0.22,2.61,-5.71,1.03
1798,-34,-0.94,-0.02,-0.25,3.48,-6.03,2.98
1799,-34,-0.93,-0.01,-0.23,3.56,-5.69,1.18
1800,-34,-0.93,-0.03,-0.23,3.90,-5.72,3.88
1801,-34,-0.93,-0.01,-0.22,3.40,-5.46,3.21
1802,-34,-0.93,-0.00,-0.23,3.50,-5.41,0.97
1803,-33,-0.94,-0.00,-0.24,1.80,-5.69,0.50
1804,-33,-0.92,0.01,-0.23,0.37,-6.51,-2.17
1805,-33,-0.93,-0.01,-0.21,-1.89,-6.05,-7.05
1806,-33,-0.94,-0.03,-0.22,-2.44,-5.79,-8.34
1807,-33,-0.94,-0.03,-0.22,-0.43,-5.44,-5.76
1808,-33,-0.94,-0.05,-0.23,0.22,-5.61,-4.34
1809,-33,-0.94,-0.05,-0.23,-0.60,-5.89,-2.17
1810,-33,-0.93,-0.05,-0.22,-0.05,-6.07,1.42
1811,-33,-0.94,-0.04,-0.23,3.22,-4.68,0.87
1812,-33,-0.94,-0.04,-0.23,1.60,-5.47,1.44
1813,-33,-0.93,-0.04,-0.21,3.62,-5.40,1.95
1814,-33,-0.93,-0.04,-0.23,4.18,-5.58,4.27
1815,-33,-0.94,-0.02,-0.22,3.50,-6.44,5.04
1816,-33,-0.92,-0.03,-0.22,4.12,-7.44,3.76
1817,-33,-0.93,-0.02,-0.22,2.57,-6.98,2.19
1818,-33,-0.92,-0.02,-0.23,1.51,-6.50,0.62
1819,-33,-0.93,-0.02,-0.22,1.32,-6.31,0.63
1820,-33,-0.94,-0.02,-0.22,0.89,-5.67,-1.43
1821,-33,-0.93,-0.03,-0.23,1.50,-5.97,0.00
1822,-33,-0.93,-0.03,-0.24,2.29,-5.83,0.27
1823,-33,-0.93,-0.03,-0.24,2.95,-5.82,0.91
1824,-33,-0.93,-0.03,-0.24,3.36,-6.15,1.08
1825,-33,-0.94,-0.03,-0.23,3.88,-6.11,1.92
1826,-33,-0.92,-0.03,-0.22,4.11,-6.53,3.23
1827,-34,-0.93,-0.01,-0.23,5.30,-6.82,2.24
1828,-33,-0.94,-0.03,-0.22,4.79,-6.84,1.38
1829,-34,-0.94,-0.03,-0.22,3.36,-6.96,1.74
1830,-33,-0.93,-0.02,-0.21,3.61,-6.19,1.69
1831,-34,-0.93,-0.02,-0.21,3.34,-5.46,0.90
1832,-34,-0.94,-0.02,-0.22,2.88,-5.95,1.26
1833,-34,-0.94,-0.03,-0.21,3.31,-6.43,2.00
1834,-34,-0.94,-0.01,-0.20,3.11,-6.00,2.40
1835,-34,-0.94,-0.01,-0.22,3.59,-5.62,1.72
1836,-34,-0.94,-0.02,-0.22,1.72,-5.29,0.29
1837,-34,-0.93,-0.02,-0.22,0.57,-5.47,0.79
1838,-34,-0.92,-0.01,-0.21,2.71,-5.05,-0.67
1839,-34,-0.94,-0.03,-0.22,1.87,-4.86,1.01
1840,-34,-0.94,-0.02,-0.22,4.20,-4.96,1.56
1841,-34,-0.94,-0.03,-0.22,3.05,-5.49,2.40
1842,-34,-0.93,-0.01,-0.21,2.96,-5.47,1.66
1843,-34,-0.93,-0.02,-0.22,1.73,-5.69,-0.60
1844,-34,-0.93,-0.03,-0.22,1.27,-5.47,-0.40
1845,-34,-0.94,-0.02,-0.21,2.08,-5.43,0.95
1846,-33,-0.93,-0.03,-0.22,2.96,-5.18,1.31
1847,-34,-0.95,-0.02,-0.23,1.37,-5.13,0.30
1848,-33,-0.93,-0.02,-0.23,1.31,-5.49,-0.62
1849,-33,-0.93,-0.01,-0.24,0.71,-5.08,-3.38
1850,-33,-0.94,-0.05,-0.23,-1.46,-4.73,-6.15
1851,-34,-0.95,-0.07,-0.21,0.92,-5.24,-1.48
1852,-33,-0.93,-0.06,-0.20,6.07,-5.18,4.90
1853,-34,-0.93,-0.04,-0.22,6.45,-4.31,4.89
1854,-33,-0.91,-0.03,-0.23,3.00,-3.50,4.51
1855,-34,-0.92,-0.01,-0.22,2.46,-3.36,3.35
1856,-34,-0.93,-0.03,-0.22,1.08,-4.22,2.15
1857,-34,-0.93,-0.02,-0.22,0.87,-4.98,1.03
1858,-34,-0.95,-0.03,-0.22,0.93,-6.44,0.14
1859,-34,-0.96,-0.03,-0.23,2.08,-8.08,-0.22
1860,-34,-0.94,-0.03,-0.23,1.93,-8.74,1.62
1861,-34,-0.94,-0.02,-0.22,1.06,-7.85,0.73
1862,-34,-0.93,-0.03,-0.21,0.62,-5.69,0.15
1863,-34,-0.94,-0.03,-0.21,0.61,-4.53,2.03
1864,-34,-0.92,-0.02,-0.22,2.24,-5.09,1.93
1865,-34,-0.94,-0.01,-0.22,2.11,-5.03,1.94
1866,-34,-0.94,-0.01,-0.23,2.79,-5.37,1.95
1867,-34,-0.94,-0.01,-0.22,2.50,-5.82,0.72
1868,-34,-0.94,-0.02,-0.22,2.06,-5.33,-0.40
1869,-34,-0.93,-0.01,-0.22,0.89,-5.02,0.26
1870,-34,-0.93,-0.02,-0.22,0.34,-5.33,-1.42
1871,-34,-0.92,-0.04,-0.23,1.63,-4.97,-2.09
1872,-34,-0.94,-0.04,-0.24,3.32,-5.33,1.23
1873,-34,-0.94,-0.04,-0.23,3.31,-5.50,5.24
1874,-34,-0.92,-0.02,-0.23,1.87,-5.35,4.58
1875,-34,-0.94,0.00,-0.23,2.46,-4.81,3.76
1876,-34,-0.92,0.01,-0.22,1.31,-5.04,1.01
1877,-34,-0.92,0.00,-0.23,0.11,-5.67,-0.64
1878,-34,-0.93,0.00,-0.21,0.37,-6.06,-4.84
1879,-34,-0.96,-0.01,-0.23,1.21,-8.28,-3.11
1880,-34,-0.93,-0.03,-0.23,0.55,-8.49,-7.79
1881,-34,-0.96,-0.07,-0.21,-0.98,-7.04,-10.26
1882,-34,-1.00,-0.09,-0.21,-0.12,-9.44,0.41
1883,-34,-0.97,-0.05,-0.22,3.03,-11.21,16.43
1884,-34,-0.92,0.02,-0.23,3.73,-10.35,17.53
1885,-34,-0.88,0.05,-0.22,2.21,-8.08,2.73
1886,-34,-0.90,0.03,-0.22,-0.84,-4.88,-11.86
1887,-34,-0.93,-0.02,-0.21,-3.05,-2.70,-14.00
1888,-34,-0.95,-0.03,-0.22,-4.20,-3.34,-7.14
1889,-34,-0.94,-0.02,-0.22,-5.05,-5.04,-2.68
1890,-33,-0.96,-0.06,-0.22,-2.36,-8.44,-2.65
1891,-33,-0.95,-0.05,-0.21,-0.08,-9.65,4.53
1892,-33,-0.91,-0.04,-0.22,0.50,-9.32,3.63
1893,-33,-0.92,-0.04,-0.21,0.37,-8.63,-1.83
1894,-34,-0.94,-0.06,-0.19,-0.50,-8.80,-1.63
1895,-34,-0.94,-0.05,-0.18,1.00,-9.44,2.41
1896,-34,-0.94,-0.04,-0.19,2.05,-9.27,3.54
1897,-34,-0.91,-0.03,-0.19,1.40,-9.46,2.03
1898,-34,-0.91,-0.03,-0.17,1.20,-6.37,3.94
1899,-34,-0.89,-0.01,-0.18,0.90,-4.53,1.88
1900,-34,-0.91,-0.04,-0.19,0.10,-2.98,-3.39
1901,-34,-0.94,-0.05,-0.20,0.97,-4.34,-4.45
1902,-34,-0.97,-0.04,-0.20,3.77,-7.82,-0.27
1903,-35,-0.98,-0.05,-0.19,5.55,-12.64,6.11
1904,-35,-0.93,-0.02,-0.18,4.87,-12.34,13.15
1905,-35,-0.92,0.00,-0.19,2.17,-10.62,5.52
1906,-35,-0.93,-0.05,-0.18,-2.46,-6.85,-2.14
1907,-35,-0.93,-0.02,-0.16,0.38,-5.77,0.74
1908,-35,-0.94,-0.03,-0.18,2.60,-5.47,0.60
1909,-35,-0.94,-0.03,-0.19,2.43,-5.70,3.45
1910,-35,-0.93,-0.01,-0.17,2.54,-5.23,3.40
1911,-35,-0.95,-0.03,-0.20,2.29,-6.14,-1.59
1912,-35,-0.94,-0.03,-0.19,2.23,-6.56,2.74
1913,-35,-0.95,-0.04,-0.18,1.94,-3.79,-1.97
1914,-35,-0.94,-0.05,-0.18,2.10,-3.70,0.86
1915,-35,-0.94,-0.03,-0.17,3.49,-3.44,3.81
1916,-35,-0.94,-0.01,-0.18,3.02,-4.85,2.24
1917,-35,-0.93,-0.01,-0.17,1.10,-4.84,1.03
1918,-35,-0.94,-0.01,-0.17,1.40,-4.56,-0.50
1919,-35,-0.94,-0.02,-0.17,2.24,-7.09,1.57
1920,-35,-0.93,-0.02,-0.18,1.89,-6.59,-1.10
1921,-35,-0.93,-0.03,-0.19,0.51,-5.96,-3.37
1922,-35,-0.94,-0.03,-0.17,1.51,-5.69,-3.13
1923,-35,-0.96,-0.04,-0.18,3.20,-5.75,0.79
1924,-34,-0.95,-0.03,-0.19,2.11,-6.31,3.47
1925,-34,-0.92,-0.03,-0.17,1.21,-5.77,1.08
1926,-34,-0.94,-0.03,-0.18,2.24,-4.52,-1.86
1927,-34,-0.96,-0.04,-0.18,2.87,-5.28,0.70
1928,-34,-0.94,-0.03,-0.18,2.70,-5.82,3.64
1929,-34,-0.93,-0.02,-0.18,1.93,-5.77,3.02
1930,-34,-0.93,-0.02,-0.17,2.82,-6.31,-0.27
1931,-34,-0.95,-0.04,-0.17,3.16,-6.75,2.56
1932,-34,-0.94,-0.03,-0.17,3.26,-6.42,3.73
1933,-34,-0.93,-0.02,-0.17,3.59,-6.30,2.05
1934,-34,-0.94,-0.02,-0.18,3.78,-6.08,1.45
1935,-34,-0.94,-0.02,-0.17,3.44,-6.80,2.40
1936,-34,-0.93,-0.02,-0.16,3.04,-6.42,0.79
1937,-34,-0.94,-0.02,-0.16,4.05,-6.24,0.17
1938,-34,-0.94,-0.02,-0.17,2.87,-5.96,1.08
1939,-34,-0.94,-0.01,-0.16,2.98,-4.81,0.57
1940,-34,-0.95,-0.02,-0.17,2.69,-5.06,-1.44
1941,-34,-0.94,-0.03,-0.16,2.15,-5.40,0.57
1942,-34,-0.93,-0.01,-0.16,2.45,-5.08,-0.21
1943,-34,-0.93,-0.02,-0.18,2.07,-4.57,-2.17
1944,-34,-0.94,-0.03,-0.19,1.06,-4.96,-0.66
1945,-34,-0.94,-0.03,-0.17,1.94,-5.24,0.87
1946,-34,-0.93,-0.03,-0.18,3.06,-5.40,1.10
1947,-34,-0.93,-0.03,-0.18,3.02,-5.39,-0.40
1948,-34,-0.94,-0.04,-0.16,3.26,-5.58,0.40
1949,-35,-0.94,-0.03,-0.17,2.11,-5.52,-1.17
1950,-35,-0.93,-0.03,-0.17,2.46,-5.80,-1.12
1951,-35,-0.95,-0.03,-0.17,3.30,-6.26,1.57
1952,-35,-0.94,-0.03,-0.17,2.53,-5.85,0.82
1953,-34,-0.94,-0.03,-0.18,3.43,-6.34,1.29
1954,-34,-0.93,-0.02,-0.17,3.48,-6.28,0.92
1955,-34,-0.93,-0.03,-0.18,2.02,-6.08,0.07
1956,-35,-0.93,-0.03,-0.17,1.84,-6.03,-0.16
1957,-35,-0.95,-0.04,-0.16,3.37,-6.08,0.79
1958,-35,-0.94,-0.03,-0.18,4.24,-6.98,2.24
1959,-35,-0.93,-0.03,-0.17,3.55,-6.81,2.16
1960,-35,-0.94,-0.02,-0.16,2.63,-6.07,0.91
1961,-35,-0.94,-0.03,-0.16,2.87,-6.37,0.63
1962,-35,-0.94,-0.03,-0.16,3.05,-5.48,1.43
1963,-35,-0.95,-0.02,-0.15,2.68,-5.27,1.71
1964,-34,-0.94,-0.02,-0.15,3.06,-4.75,2.06
1965,-34,-0.93,-0.02,-0.16,2.46,-4.56,1.77
1966,-34,-0.93,-0.01,-0.18,0.79,-3.88,-1.87
1967,-34,-0.94,-0.03,-0.16,0.75,-4.14,-2.68
1968,-34,-0.94,-0.04,-0.16,1.46,-4.63,0.77
1969,-34,-0.94,-0.03,-0.16,2.42,-5.06,0.40
1970,-34,-0.95,-0.04,-0.17,2.44,-5.29,-0.78
1971,-34,-0.95,-0.03,-0.17,2.44,-5.62,1.52
1972,-34,-0.94,-0.02,-0.18,1.68,-3.90,-0.72
1973,-34,-0.94,-0.02,-0.19,0.70,-3.56,-0.38
1974,-34,-0.94,-0.02,-0.17,1.69,-4.26,-0.47
1975,-34,-0.93,-0.04,-0.17,1.35,-4.66,0.00
1976,-34,-0.94,-0.04,-0.17,2.89,-5.11,0.98
1977,-34,-0.94,-0.03,-0.17,3.67,-6.20,4.34
1978,-34,-0.94,-0.02,-0.18,2.98,-5.72,1.15
1979,-34,-0.95,-0.03,-0.19,1.49,-5.32,-0.32
1980,-34,-0.94,-0.04,-0.17,1.83,-5.05,0.60
1981,-34,-0.94,-0.03,-0.17,2.07,-5.36,0.91
1982,-34,-0.94,-0.03,-0.17,3.14,-6.03,1.76
1983,-34,-0.94,-0.02,-0.18,3.51,-6.34,2.33
1984,-34,-0.94,-0.02,-0.18,2.31,-5.79,1.32
1985,-34,-0.93,-0.02,-0.17,1.96,-5.55,0.15
1986,-34,-0.94,-0.03,-0.19,3.38,-5.88,-0.34
1987,-34,-0.94,-0.03,-0.18,2.37,-6.34,0.73
1988,-34,-0.94,-0.03,-0.16,3.89,-6.07,1.86
1989,-34,-0.94,-0.02,-0.16,4.81,-6.09,3.37
1990,-34,-0.94,-0.02,-0.17,4.40,-5.95,2.23
1991,-34,-0.94,-0.02,-0.17,3.59,-6.34,1.82
1992,-34,-0.94,-0.02,-0.16,3.69,-6.29,3.55
1993,-34,-0.94,-0.02,-0.16,5.10,-7.47,2.94
1994,-34,-0.92,-0.01,-0.18,6.37,-8.05,4.52
1995,-34,-0.92,-0.01,-0.19,4.30,-7.16,0.57
1996,-34,-0.95,-0.02,-0.17,1.44,-6.51,-1.47
1997,-34,-0.95,-0.04,-0.16,2.55,-5.41,0.34
1998,-34,-0.95,-0.04,-0.15,4.05,-4.67,1.28
1999,-34,-0.95,-0.03,-0.16,4.00,-4.73,1.25
2000,-35,-0.94,-0.03,-0.16,4.63,-5.28,3.59
2001,-34,-0.93,-0.00,-0.16,4.92,-5.77,3.85
2002,-34,-0.92,0.01,-0.17,3.60,-5.44,0.70
2003,-34,-0.95,0.00,-0.17,3.42,-4.95,-0.73
2004,-34,-0.94,-0.00,-0.16,2.76,-5.48,-1.16
2005,-34,-0.93,-0.01,-0.17,1.79,-5.08,-3.56
2006,-35,-0.94,-0.06,-0.15,3.52,-4.89,-0.20
2007,-34,-0.95,-0.04,-0.16,4.84,-5.51,4.34
2008,-35,-0.94,-0.02,-0.16,5.29,-6.46,3.46
2009,-34,-0.94,-0.02,-0.18,2.76,-6.84,1.11
2010,-35,-0.94,-0.02,-0.17,1.21,-7.04,1.53
2011,-34,-0.94,-0.02,-0.16,1.19,-5.97,0.32
2012,-35,-0.95,-0.03,-0.16,0.98,-5.18,-0.89
2013,-34,-0.96,-0.02,-0.16,2.53,-4.80,0.40
2014,-34,-0.94,-0.03,-0.18,2.03,-4.21,-0.47
2015,-34,-0.92,-0.03,-0.18,-0.14,-3.45,-2.18
2016,-34,-0.94,-0.02,-0.18,0.44,-3.22,-1.21
2017,-35,-0.95,-0.02,-0.16,5.30,-7.22,4.77
2018,-35,-0.95,-0.01,-0.16,4.40,-7.45,4.35
2019,-35,-0.93,-0.02,-0.16,1.77,-6.95,1.66
2020,-35,-0.94,-0.01,-0.17,0.89,-5.72,0.56
2021,-35,-0.94,-0.01,-0.17,2.04,-5.47,0.71
2022,-34,-0.94,-0.02,-0.17,0.95,-4.95,-2.26
2023,-34,-0.94,-0.04,-0.17,0.82,-4.21,-2.43
2024,-34,-0.96,-0.03,-0.17,2.93,-4.14,-0.98
2025,-34,-0.93,-0.03,-0.17,3.37,-3.85,0.87
2026,-34,-0.93,-0.03,-0.18,3.50,-3.66,1.16
2027,-34,-0.93,-0.02,-0.18,3.82,-3.85,0.56
2028,-34,-0.94,-0.03,-0.17,3.29,-4.46,-0.33
2029,-34,-0.94,-0.04,-0.16,3.34,-5.18,1.36
2030,-34,-0.94,-0.02,-0.16,2.93,-5.43,0.11
2031,-34,-0.94,-0.04,-0.17,2.10,-5.83,-0.57
2032,-34,-0.95,-0.04,-0.17,1.65,-6.31,1.56
2033,-34,-0.95,-0.02,-0.18,1.33,-5.63,2.15
2034,-34,-0.93,-0.01,-0.17,2.61,-6.31,2.16
2035,-34,-0.93,-0.02,-0.18,3.43,-6.89,1.81
2036,-34,-0.93,-0.02,-0.18,2.26,-6.31,1.76
2037,-34,-0.94,-0.03,-0.18,1.60,-5.67,0.02
2038,-34,-0.95,-0.04,-0.17,1.63,-5.27,-0.05
2039,-34,-0.94,-0.03,-0.17,2.69,-5.44,2.11
2040,-34,-0.94,-0.03,-0.17,3.69,-4.80,1.91
2041,-34,-0.94,-0.03,-0.18,2.56,-4.97,1.08
2042,-34,-0.94,-0.03,-0.17,2.50,-5.15,1.42
2043,-34,-0.93,-0.02,-0.18,2.24,-6.93,2.66
2044,-34,-0.92,-0.02,-0.17,3.40,-6.92,0.37
2045,-34,-0.94,-0.04,-0.18,2.72,-6.76,-0.71
2046,-34,-0.95,-0.03,-0.17,1.93,-6.44,2.44
2047,-34,-0.94,-0.03,-0.17,2.94,-6.52,1.69
2048,-34,-0.95,-0.03,-0.19,3.73,-5.98,1.17
2049,-34,-0.95,-0.03,-0.17,2.33,-4.82,0.77
2050,-34,-0.95,-0.03,-0.17,2.33,-5.60,1.03
2051,-34,-0.94,-0.02,-0.16,3.63,-5.99,3.47
2052,-34,-0.93,-0.01,-0.18,2.80,-5.83,1.30
2053,-34,-0.94,-0.01,-0.18,1.43,-6.07,-0.63
2054,-34,-0.93,-0.02,-0.16,2.18,-6.69,1.56
2055,-34,-0.93,-0.01,-0.17,4.11,-6.76,1.60
2056,-34,-0.94,-0.02,-0.17,3.24,-6.62,0.12
2057,-34,-0.94,-0.02,-0.16,3.68,-6.24,2.60
2058,-34,-0.94,-0.02,-0.17,4.13,-6.15,2.41
2059,-34,-0.94,-0.02,-0.17,3.74,-5.89,1.44
2060,-34,-0.94,-0.02,-0.17,3.00,-5.76,1.32
2061,-35,-0.94,-0.02,-0.16,2.40,-6.27,1.16
2062,-34,-0.94,-0.02,-0.16,2.43,-6.69,1.55
2063,-35,-0.95,-0.02,-0.18,2.11,-4.90,1.35
2064,-34,-0.93,0.00,-0.16,1.22,-4.40,1.79
2065,-34,-0.91,-0.01,-0.17,1.63,-3.65,-2.15
2066,-34,-0.93,-0.03,-0.17,-0.21,-4.21,-1.45
2067,-34,-0.96,-0.02,-0.14,3.79,-5.24,4.24
2068,-34,-0.97,0.01,-0.17,9.25,-7.50,3.49
2069,-34,-0.94,-0.02,-0.22,3.47,-8.89,-0.08
2070,-34,-0.91,-0.02,-0.20,-2.06,-7.16,-0.86
2071,-34,-0.94,-0.02,-0.18,1.57,-5.27,0.40
2072,-34,-0.96,-0.02,-0.21,3.44,-5.25,4.85
2073,-34,-0.93,-0.02,-0.18,0.72,-5.34,5.06
2074,-34,-0.92,0.01,-0.14,6.70,-5.92,5.06
2075,-34,-0.95,-0.00,-0.17,6.47,-6.44,0.37
2076,-34,-0.95,-0.00,-0.17,1.95,-6.89,0.54
2077,-34,-0.93,-0.01,-0.16,0.97,-5.66,-1.11
2078,-34,-0.95,-0.01,-0.16,2.25,-4.51,-2.41
2079,-34,-0.95,-0.01,-0.18,1.69,-3.86,-1.09
2080,-34,-0.94,-0.02,-0.16,2.03,-4.10,-0.08
2081,-34,-0.93,-0.02,-0.17,1.83,-4.17,-0.89
2082,-34,-0.94,-0.03,-0.16,0.97,-4.27,-1.80
2083,-34,-0.95,-0.03,-0.17,2.85,-5.11,-0.26
2084,-34,-0.95,-0.01,-0.17,2.89,-4.37,2.62
2085,-34,-0.94,-0.01,-0.17,3.37,-3.63,1.37
2086,-34,-0.94,-0.00,-0.18,1.60,-3.92,0.56
2087,-34,-0.93,-0.01,-0.17,0.97,-4.00,-0.69
2088,-34,-0.95,-0.02,-0.18,3.19,-6.08,1.63
2089,-34,-0.95,-0.02,-0.17,4.08,-7.78,1.43
2090,-34,-0.94,-0.02,-0.17,3.26,-7.40,3.13
2091,-34,-0.94,-0.02,-0.16,3.26,-4.83,-0.56
2092,-34,-0.95,-0.02,-0.18,2.53,-5.25,0.80
2093,-34,-0.94,-0.02,-0.18,2.36,-5.89,2.37
2094,-34,-0.93,-0.02,-0.16,2.51,-5.34,1.53
2095,-34,-0.95,-0.02,-0.16,2.89,-5.26,-0.21
2096,-34,-0.95,-0.03,-0.17,3.05,-5.47,1.69
2097,-34,-0.94,-0.01,-0.17,2.34,-5.34,3.81
2098,-34,-0.95,-0.01,-0.16,3.91,-5.49,4.40
2099,-34,-0.94,0.00,-0.17,3.65,-5.90,3.11
2100,-34,-0.94,-0.00,-0.18,2.62,-6.33,1.39
2101,-34,-0.94,-0.01,-0.18,3.02,-6.20,0.12
2102,-34,-0.94,-0.02,-0.18,2.76,-5.27,1.02
2103,-34,-0.94,-0.01,-0.17,2.00,-4.11,1.58
2104,-34,-0.92,-0.01,-0.16,2.69,-3.69,0.66
2105,-34,-0.94,-0.01,-0.19,3.12,-3.18,-0.56
2106,-34,-0.97,-0.02,-0.18,3.04,-4.24,0.82
2107,-34,-0.93,-0.01,-0.17,1.89,-3.55,0.79
2108,-34,-0.95,-0.01,-0.18,1.31,-4.08,0.24
2109,-34,-0.92,-0.01,-0.18,-0.06,-3.69,-0.97
2110,-34,-0.93,-0.01,-0.17,1.40,-3.89,-3.44
2111,-34,-0.95,-0.02,-0.18,2.25,-5.15,-1.90
2112,-34,-0.93,-0.02,-0.19,0.71,-5.04,-0.18
2113,-34,-0.93,-0.02,-0.17,-0.06,-4.62,-2.34
2114,-34,-0.96,-0.03,-0.17,1.82,-5.16,-1.16
2115,-34,-0.93,-0.02,-0.19,2.41,-5.00,1.43
2116,-34,-0.93,-0.03,-0.18,1.36,-4.74,0.47
2117,-34,-0.94,-0.02,-0.19,2.15,-5.21,0.89
2118,-34,-0.94,-0.02,-0.19,2.26,-5.11,0.45
2119,-34,-0.92,-0.02,-0.19,1.60,-4.92,-1.07
2120,-34,-0.94,-0.02,-0.18,2.57,-4.78,-0.08
2121,-34,-0.94,-0.02,-0.19,2.26,-4.96,1.00
2122,-34,-0.94,-0.02,-0.20,1.89,-5.26,0.12
2123,-34,-0.94,-0.03,-0.19,2.87,-5.11,0.96
2124,-34,-0.95,-0.03,-0.18,1.96,-5.00,0.07
2125,-34,-0.95,-0.03,-0.18,2.00,-5.69,0.81
2126,-34,-0.93,-0.02,-0.18,3.62,-6.44,1.61
2127,-34,-0.93,-0.02,-0.19,2.81,-5.76,1.03
2128,-34,-0.93,-0.02,-0.19,1.06,-5.28,0.41
2129,-34,-0.94,-0.02,-0.19,2.53,-6.07,0.89
2130,-34,-0.94,-0.03,-0.19,3.34,-6.58,0.82
2131,-34,-0.94,-0.02,-0.18,2.49,-6.39,0.41
2132,-34,-0.95,-0.04,-0.19,3.23,-6.64,1.22
2133,-34,-0.93,-0.02,-0.19,3.17,-6.00,1.02
2134,-34,-0.94,-0.02,-0.18,1.69,-5.43,-0.44
2135,-34,-0.94,-0.03,-0.18,1.46,-5.60,0.44
2136,-34,-0.94,-0.03,-0.18,1.50,-5.58,0.54
2137,-34,-0.95,-0.03,-0.19,3.25,-5.53,0.15
2138,-34,-0.93,-0.02,-0.18,1.54,-4.95,-0.07
2139,-34,-0.94,-0.03,-0.18,2.53,-5.01,-1.03
2140,-34,-0.93,-0.03,-0.19,3.31,-5.44,1.53
2141,-34,-0.94,-0.01,-0.20,3.11,-6.27,1.62
2142,-34,-0.92,-0.02,-0.18,2.16,-5.40,0.37
2143,-34,-0.94,-0.03,-0.18,2.20,-4.69,-1.22
2144,-34,-0.95,-0.03,-0.20,2.66,-4.63,-0.22
2145,-34,-0.94,-0.04,-0.19,0.86,-4.30,0.53
2146,-34,-0.92,-0.03,-0.18,2.40,-4.47,0.75
2147,-34,-0.93,-0.02,-0.19,1.76,-4.26,-1.73
2148,-34,-0.94,-0.04,-0.20,0.79,-4.80,-1.92
2149,-34,-0.93,-0.04,-0.17,0.76,-4.79,0.67
2150,-34,-0.94,-0.04,-0.19,3.73,-5.07,1.30
2151,-34,-0.93,-0.04,-0.20,4.35,-6.00,1.89
2152,-34,-0.93,-0.03,-0.18,3.02,-6.11,1.89
2153,-34,-0.94,-0.03,-0.18,3.42,-6.43,1.45
2154,-34,-0.93,-0.03,-0.19,3.11,-6.54,0.66
2155,-34,-0.94,-0.03,-0.19,2.29,-6.28,-0.21
2156,-34,-0.92,-0.04,-0.20,1.91,-6.19,-0.39
2157,-34,-0.94,-0.04,-0.19,2.51,-6.06,-0.50
2158,-34,-0.94,-0.04,-0.20,3.16,-6.10,1.03
2159,-34,-0.93,-0.04,-0.19,2.55,-5.87,0.60
2160,-34,-0.94,-0.05,-0.19,3.44,-6.82,2.96
2161,-34,-0.92,-0.03,-0.17,2.89,-5.93,2.16
2162,-34,-0.94,-0.03,-0.18,3.60,-6.06,1.35
2163,-34,-0.93,-0.03,-0.19,2.39,-6.05,1.32
2164,-34,-0.93,-0.04,-0.17,3.00,-5.88,1.52
2165,-34,-0.93,-0.03,-0.18,2.77,-5.26,1.17
2166,-34,-0.95,-0.04,-0.18,2.97,-5.89,0.92
2167,-34,-0.93,-0.04,-0.19,2.37,-5.85,2.40
2168,-34,-0.93,-0.03,-0.18,2.41,-5.37,1.10
2169,-34,-0.94,-0.02,-0.19,2.11,-5.68,-0.34
2170,-34,-0.93,-0.04,-0.18,1.34,-6.05,0.22
2171,-34,-0.95,-0.04,-0.18,2.26,-5.33,1.30
2172,-34,-0.93,-0.03,-0.20,2.36,-5.08,0.80
2173,-34,-0.95,-0.04,-0.19,2.24,-5.24,0.13
2174,-34,-0.93,-0.02,-0.18,2.47,-4.60,0.98
2175,-34,-0.95,-0.03,-0.20,2.21,-4.56,-0.15
2176,-34,-0.94,-0.03,-0.19,1.01,-4.60,1.59
2177,-34,-0.92,-0.03,-0.18,0.98,-4.19,-0.23
2178,-34,-0.94,-0.04,-0.19,0.97,-4.47,-0.77
2179,-34,-0.94,-0.04,-0.18,1.05,-4.78,0.27
2180,-34,-0.94,-0.03,-0.19,0.69,-4.82,0.04
2181,-33,-0.95,-0.05,-0.19,1.25,-4.88,0.47
2182,-33,-0.93,-0.04,-0.19,0.88,-5.26,0.48
2183,-33,-0.94,-0.04,-0.21,1.21,-5.07,-0.08
2184,-33,-0.95,-0.04,-0.19,1.69,-5.73,1.14
2185,-33,-0.93,-0.03,-0.19,2.10,-5.33,1.26
2186,-33,-0.93,-0.03,-0.20,1.69,-4.51,0.08
2187,-33,-0.94,-0.03,-0.22,1.03,-4.19,0.77
2188,-33,-0.93,-0.03,-0.19,3.10,-5.37,1.14
2189,-33,-0.93,-0.03,-0.20,3.13,-5.73,1.79
2190,-33,-0.94,-0.03,-0.20,2.98,-6.32,1.47
2191,-33,-0.93,-0.03,-0.20,2.58,-6.10,0.78
2192,-33,-0.94,-0.04,-0.19,2.57,-5.69,0.72
2193,-33,-0.94,-0.04,-0.20,3.56,-5.85,1.10
2194,-33,-0.94,-0.05,-0.19,3.68,-6.28,1.88
2195,-33,-0.94,-0.04,-0.19,3.34,-5.57,2.31
2196,-33,-0.94,-0.03,-0.19,3.03,-5.53,1.40
2197,-33,-0.94,-0.03,-0.19,2.51,-5.53,0.78
2198,-33,-0.95,-0.05,-0.19,2.73,-5.50,0.75
2199,-33,-0.94,-0.03,-0.19,3.47,-5.46,1.86
2200,-33,-0.93,-0.02,-0.19,3.31,-5.51,0.85
2201,-33,-0.93,-0.04,-0.19,2.08,-4.77,-0.23
2202,-33,-0.94,-0.04,-0.18,1.71,-4.85,0.27
2203,-33,-0.95,-0.04,-0.19,3.34,-5.28,1.53
2204,-33,-0.93,-0.03,-0.20,3.89,-5.92,2.05
2205,-33,-0.94,-0.04,-0.19,2.66,-5.82,0.84
2206,-33,-0.93,-0.04,-0.20,2.02,-5.27,-0.15
2207,-33,-0.94,-0.04,-0.19,2.57,-5.69,1.40
2208,-33,-0.93,-0.04,-0.20,3.90,-6.04,1.61
2209,-33,-0.94,-0.03,-0.21,2.96,-5.65,0.63
2210,-33,-0.94,-0.03,-0.19,2.15,-5.64,0.66
2211,-33,-0.95,-0.05,-0.20,2.47,-5.76,0.45
2212,-33,-0.94,-0.03,-0.19,4.44,-4.85,1.82
2213,-33,-0.95,-0.03,-0.20,3.48,-4.73,0.85
2214,-33,-0.94,-0.03,-0.20,1.48,-4.76,0.30
2215,-33,-0.92,-0.03,-0.20,1.42,-4.63,-0.69
2216,-33,-0.93,-0.04,-0.20,1.99,-4.98,-1.11
2217,-33,-0.95,-0.05,-0.21,2.90,-6.01,-0.48
2218,-33,-0.93,-0.05,-0.21,4.36,-7.46,2.25
2219,-33,-0.92,-0.05,-0.20,3.69,-7.26,2.23
2220,-33,-0.93,-0.04,-0.19,4.29,-6.57,2.26
2221,-33,-0.95,-0.04,-0.18,6.18,-6.56,4.48
2222,-33,-0.95,-0.05,-0.19,2.47,-5.53,0.24
2223,-33,-0.93,-0.01,-0.18,3.07,-5.70,0.65
2224,-33,-0.94,-0.02,-0.21,2.87,-6.78,0.05
2225,-33,-0.91,-0.04,-0.19,-1.27,-5.65,-1.76
2226,-33,-0.93,-0.03,-0.18,-0.24,-4.65,-3.82
2227,-33,-0.96,-0.04,-0.20,3.36,-6.05,-2.44
2228,-34,-0.94,-0.06,-0.21,3.11,-6.89,1.69
2229,-34,-0.92,-0.03,-0.18,2.42,-5.87,2.37
2230,-34,-0.94,-0.02,-0.20,3.22,-5.30,-1.85
2231,-34,-0.94,-0.04,-0.20,2.56,-5.24,-2.66
2232,-34,-0.93,-0.02,-0.18,3.48,-4.70,-2.91
2233,-34,-0.92,-0.04,-0.21,2.89,-6.08,-6.92
2234,-34,-0.92,-0.06,-0.20,0.65,-6.14,-4.95
2235,-34,-0.92,-0.06,-0.19,2.60,-4.42,-2.29
2236,-34,-0.94,-0.10,-0.17,-1.66,-8.27,-1.94
2237,-34,-0.92,-0.08,-0.14,2.79,-6.54,2.60
2238,-34,-0.95,-0.07,-0.18,4.50,-7.17,1.13
2239,-34,-0.96,-0.07,-0.19,3.91,-9.37,6.03
2240,-34,-0.95,-0.06,-0.19,1.94,-8.95,8.43
2241,-34,-0.94,-0.05,-0.21,-1.11,-8.95,11.71
2242,-34,-0.93,-0.03,-0.21,-3.27,-7.42,12.69
2243,-34,-0.90,-0.02,-0.20,-3.26,-6.84,7.47
2244,-34,-0.92,-0.04,-0.20,2.08,-6.63,0.93
2245,-34,-0.92,-0.03,-0.19,3.03,-6.42,1.95
2246,-33,-0.91,-0.01,-0.19,-1.20,-1.73,-0.88
2247,-32,-0.94,-0.03,-0.18,-2.08,-0.06,-9.69
2248,-32,-0.96,-0.05,-0.19,-2.43,-1.15,-11.60
2249,-32,-0.94,-0.08,-0.19,-3.56,-2.86,-9.57
2250,-32,-0.94,-0.08,-0.17,-2.45,-3.71,-6.25
2251,-32,-0.94,-0.07,-0.16,-0.40,-4.97,-3.19
2252,-32,-0.96,-0.09,-0.18,1.66,-4.95,-2.66
2253,-32,-0.96,-0.09,-0.18,1.60,-6.08,8.57
2254,-33,-0.91,-0.02,-0.18,0.64,-4.59,4.44
2255,-33,-0.92,-0.03,-0.19,-1.74,-3.94,-1.87
2256,-34,-0.91,-0.04,-0.18,-2.24,-3.21,-3.56
2257,-33,-0.90,-0.04,-0.19,-0.37,-2.77,-6.63
2258,-30,-0.91,-0.05,-0.22,1.15,-3.24,-7.85
2259,-28,-0.93,-0.06,-0.23,2.41,-4.98,-7.30
2260,-29,-0.93,-0.09,-0.22,4.01,-6.23,-5.33
2261,-30,-0.94,-0.10,-0.19,5.45,-6.14,-0.48
2262,-30,-0.95,-0.10,-0.17,5.58,-4.53,6.73
2263,-29,-0.95,-0.09,-0.16,4.70,-2.95,10.78
2264,-28,-0.95,-0.07,-0.17,2.06,-3.02,6.40
2265,-26,-0.95,-0.05,-0.16,-4.05,-4.95,1.55
2266,-28,-0.95,-0.04,-0.22,-0.83,-13.11,0.45
2267,-30,-0.94,-0.06,-0.19,-1.55,-11.96,0.96
2268,-34,-0.95,-0.06,-0.21,-0.02,-7.82,-0.16
2269,-38,-0.95,-0.07,-0.20,2.90,-7.42,1.96
2270,-40,-0.94,-0.06,-0.17,3.08,-6.92,4.06
2271,-42,-0.94,-0.05,-0.17,1.90,-5.48,2.11
2272,-40,-0.95,-0.05,-0.15,2.21,-6.08,1.76
2273,-38,-0.93,-0.05,-0.18,2.68,-8.40,4.48
2274,-38,-0.93,-0.04,-0.17,2.10,-7.39,3.04
2275,-37,-0.93,-0.04,-0.18,2.74,-6.34,1.22
2276,-37,-0.94,-0.04,-0.19,2.05,-6.44,0.83
2277,-37,-0.93,-0.04,-0.18,2.62,-6.59,2.38
2278,-36,-0.93,-0.05,-0.16,2.90,-6.47,3.51
2279,-37,-0.94,-0.04,-0.14,3.72,-5.79,3.95
2280,-37,-0.95,-0.03,-0.16,4.90,-5.87,2.71
2281,-37,-0.94,-0.03,-0.15,1.44,-6.79,2.18
2282,-37,-0.95,-0.01,-0.15,3.50,-5.95,1.61
2283,-37,-0.94,-0.03,-0.17,3.59,-6.66,0.05
2284,-37,-0.93,-0.05,-0.18,0.41,-7.05,-0.17
2285,-37,-0.93,-0.06,-0.14,-0.06,-6.50,0.05
2286,-37,-0.95,-0.04,-0.15,3.66,-6.01,1.51
2287,-37,-0.96,-0.04,-0.18,5.56,-6.79,3.11
2288,-37,-0.94,-0.03,-0.19,2.95,-6.94,3.57
2289,-36,-0.93,-0.03,-0.17,1.35,-5.82,0.08
2290,-36,-0.93,-0.03,-0.15,3.86,-3.38,3.49
2291,-36,-0.94,-0.04,-0.16,4.17,-3.74,3.14
2292,-36,-0.93,-0.02,-0.16,4.51,-4.34,3.54
2293,-37,-0.93,-0.02,-0.16,3.51,-4.35,1.48
2294,-38,-0.93,-0.02,-0.15,1.75,-3.99,-0.47
2295,-39,-0.94,-0.03,-0.15,1.95,-3.76,-0.89
2296,-40,-0.96,-0.04,-0.16,2.44,-3.76,-0.01
2297,-39,-0.94,-0.04,-0.18,2.44,-4.05,-0.78
2298,-39,-0.94,-0.05,-0.18,3.48,-4.14,0.10
2299,-38,-0.95,-0.04,-0.18,3.55,-4.44,1.44
2300,-38,-0.94,-0.04,-0.16,2.53,-4.19,1.34
2301,-38,-0.94,-0.03,-0.16,3.11,-4.24,0.53
2302,-39,-0.94,-0.03,-0.18,3.64,-4.05,1.28
2303,-40,-0.93,-0.03,-0.19,2.63,-4.47,0.86
2304,-40,-0.95,-0.04,-0.16,2.56,-3.98,-0.23
2305,-40,-0.95,-0.04,-0.19,2.93,-4.73,1.66
2306,-39,-0.94,-0.03,-0.18,3.06,-5.46,2.42
2307,-38,-0.93,-0.03,-0.17,3.36,-4.85,1.91
2308,-36,-0.94,-0.03,-0.18,2.11,-4.15,0.01
2309,-37,-0.94,-0.04,-0.18,2.37,-5.01,1.66
2310,-37,-0.93,-0.03,-0.17,4.21,-3.47,2.25
