0,-39,-0.53,-0.13,-1.08,78.47,96.02,114.22
1,-50,-0.14,0.10,-1.08,3.02,-4.76,2.85
2,-50,-0.14,0.10,-1.08,2.20,-3.47,0.06
3,-50,-0.15,0.10,-1.09,3.04,-3.42,-3.21
4,-51,-0.15,0.10,-1.08,3.02,-2.71,-4.21
5,-51,-0.15,0.09,-1.08,3.39,-3.53,-3.70
6,-51,-0.16,0.09,-1.08,2.85,-3.69,-1.03
7,-52,-0.16,0.08,-1.08,2.11,-3.92,1.10
8,-52,-0.16,0.09,-1.09,2.56,-4.11,1.76
9,-52,-0.16,0.09,-1.08,2.82,-4.94,2.54
10,-52,-0.15,0.10,-1.09,2.53,-5.21,3.08
11,-52,-0.15,0.10,-1.08,2.17,-5.35,1.84
12,-53,-0.15,0.10,-1.08,2.34,-5.07,-0.82
13,-53,-0.14,0.09,-1.08,2.69,-5.35,-2.05
14,-53,-0.15,0.09,-1.10,2.71,-5.61,-1.35
15,-53,-0.15,0.09,-1.09,2.70,-5.57,-0.10
16,-53,-0.14,0.10,-1.09,1.85,-5.45,0.67
17,-53,-0.14,0.09,-1.09,1.22,-5.79,-0.85
18,-53,-0.16,0.08,-1.08,1.21,-6.98,2.08
19,-53,-0.15,0.09,-1.08,0.54,-6.96,4.21
20,-53,-0.14,0.10,-1.07,0.65,-6.74,3.35
21,-52,-0.15,0.09,-1.08,1.43,-7.19,1.41
22,-52,-0.16,0.08,-1.08,0.84,-7.56,3.45
23,-52,-0.15,0.08,-1.08,0.93,-7.47,7.50
24,-53,-0.15,0.10,-1.08,0.76,-7.21,9.30
25,-53,-0.14,0.10,-1.07,0.85,-6.30,8.21
26,-53,-0.14,0.11,-1.08,2.70,-5.19,4.96
27,-54,-0.15,0.11,-1.08,3.99,-4.36,2.24
28,-54,-0.15,0.10,-1.07,4.76,-3.94,0.96
29,-54,-0.16,0.11,-1.08,4.82,-4.08,0.27
30,-53,-0.16,0.10,-1.08,3.69,-5.30,0.41
31,-53,-0.16,0.10,-1.08,2.53,-5.88,1.65
32,-52,-0.17,0.10,-1.07,1.82,-6.79,3.85
33,-52,-0.15,0.10,-1.09,2.12,-6.96,6.18
34,-52,-0.16,0.10,-1.08,2.66,-7.52,8.75
35,-52,-0.14,0.10,-1.07,1.71,-5.99,9.65
36,-52,-0.13,0.12,-1.08,2.56,-3.95,7.05
37,-52,-0.13,0.12,-1.08,4.21,-3.94,1.93
38,-52,-0.13,0.11,-1.08,4.24,-3.56,-2.36
39,-52,-0.15,0.11,-1.08,4.30,-3.48,-3.19
40,-52,-0.15,0.11,-1.09,3.75,-3.34,-1.35
41,-52,-0.15,0.10,-1.09,2.25,-3.25,-0.21
42,-53,-0.14,0.11,-1.09,1.83,-3.20,-1.30
43,-53,-0.14,0.11,-1.09,2.24,-3.14,-3.14
44,-54,-0.15,0.11,-1.09,3.14,-2.89,-5.15
45,-53,-0.15,0.10,-1.07,3.49,-3.37,-5.04
46,-54,-0.15,0.10,-1.10,2.96,-4.05,-3.44
47,-53,-0.14,0.10,-1.11,1.34,-5.36,-1.38
48,-53,-0.14,0.09,-1.09,-0.87,-5.67,0.67
49,-53,-0.13,0.10,-1.09,-0.44,-5.89,1.34
50,-54,-0.13,0.10,-1.08,-0.03,-6.15,1.28
51,-53,-0.14,0.09,-1.07,0.19,-5.55,0.29
52,-54,-0.13,0.10,-1.08,1.39,-4.80,-1.01
53,-54,-0.13,0.09,-1.09,2.93,-5.15,-1.95
54,-54,-0.14,0.08,-1.09,2.12,-5.25,0.60
55,-53,-0.13,0.09,-1.08,0.59,-5.95,6.10
56,-54,-0.10,0.12,-1.10,-1.11,-7.59,10.31
57,-54,-0.13,0.10,-1.07,0.50,-6.04,-2.65
58,-54,-0.15,0.10,-1.08,4.12,-4.86,-2.34
59,-53,-0.13,0.10,-1.09,5.77,-4.69,-1.95
60,-53,-0.15,0.11,-1.09,5.97,-5.79,1.44
61,-52,-0.14,0.11,-1.09,5.88,-7.16,10.40
62,-52,-0.12,0.12,-1.07,2.40,-7.35,15.36
63,-51,-0.13,0.12,-1.08,2.53,-6.61,13.24
64,-51,-0.12,0.12,-1.08,0.46,-4.84,5.46
65,-51,-0.12,0.13,-1.10,0.50,-5.74,2.66
66,-51,-0.13,0.12,-1.07,-1.75,-5.16,4.34
67,-51,-0.12,0.12,-1.08,-1.14,-4.95,6.31
68,-51,-0.12,0.11,-1.08,-0.63,-4.86,6.32
69,-52,-0.13,0.12,-1.09,0.77,-3.79,4.46
70,-52,-0.12,0.12,-1.10,2.29,-3.35,0.61
71,-52,-0.15,0.10,-1.10,3.94,-5.56,-2.17
72,-52,-0.13,0.10,-1.08,2.50,-6.50,2.96
73,-52,-0.13,0.12,-1.07,5.05,-6.34,0.67
74,-53,-0.12,0.12,-1.06,5.77,-5.92,-0.96
75,-53,-0.12,0.12,-1.08,7.73,-5.63,-1.39
76,-53,-0.13,0.11,-1.09,7.67,-6.08,0.76
77,-53,-0.11,0.11,-1.10,6.12,-5.65,3.04
78,-53,-0.12,0.10,-1.10,3.70,-5.76,3.37
79,-53,-0.12,0.11,-1.08,1.14,-5.06,7.38
80,-53,-0.13,0.11,-1.07,1.69,-5.44,7.47
81,-53,-0.13,0.12,-1.07,2.66,-5.00,6.25
82,-52,-0.15,0.11,-1.08,0.23,-8.19,1.25
83,-52,-0.14,0.12,-1.08,-0.40,-8.60,3.47
84,-52,-0.13,0.11,-1.08,0.67,-9.59,4.32
85,-52,-0.13,0.12,-1.07,0.72,-8.59,4.05
86,-52,-0.12,0.12,-1.08,0.85,-7.16,2.11
87,-52,-0.10,0.12,-1.08,1.98,-6.32,-1.49
88,-52,-0.12,0.11,-1.07,1.17,-5.38,-1.32
89,-52,-0.12,0.11,-1.08,1.06,-4.27,1.02
90,-52,-0.12,0.11,-1.08,2.04,-3.38,1.89
91,-52,-0.12,0.12,-1.08,1.93,-2.20,-0.85
92,-52,-0.14,0.11,-1.09,3.13,-1.85,-2.37
93,-52,-0.14,0.11,-1.08,3.76,-2.42,0.27
94,-52,-0.14,0.12,-1.09,3.75,-2.47,1.82
95,-52,-0.13,0.11,-1.09,3.46,-3.60,1.32
96,-52,-0.13,0.11,-1.10,2.89,-3.54,4.92
97,-53,-0.11,0.14,-1.10,4.40,-2.99,4.70
98,-53,-0.10,0.14,-1.08,5.57,-2.20,-1.94
99,-54,-0.10,0.14,-1.08,5.24,-1.59,-9.69
100,-55,-0.12,0.11,-1.10,5.02,-2.82,-10.28
101,-55,-0.12,0.11,-1.10,2.53,-4.89,2.42
102,-55,-0.10,0.12,-1.11,0.61,-5.98,3.73
103,-54,-0.11,0.11,-1.10,-1.41,-6.85,3.20
104,-55,-0.11,0.11,-1.08,-2.37,-5.26,6.08
105,-55,-0.11,0.12,-1.07,1.07,-2.75,8.34
106,-55,-0.11,0.13,-1.06,6.39,-1.82,6.61
107,-55,-0.12,0.11,-1.11,12.60,-1.74,-13.98
108,-55,-0.13,0.09,-1.14,6.89,-4.60,-10.14
109,-56,-0.15,0.09,-1.12,1.05,-7.34,-1.18
110,-56,-0.12,0.09,-1.12,-2.60,-9.63,6.12
111,-55,-0.10,0.09,-1.11,-5.05,-10.07,8.81
112,-56,-0.11,0.11,-1.08,-4.88,-10.31,6.53
113,-55,-0.08,0.12,-1.09,-2.73,-8.66,1.10
114,-55,-0.10,0.11,-1.07,-0.14,-8.08,-5.48
115,-55,-0.10,0.10,-1.06,0.58,-6.79,-8.35
116,-54,-0.11,0.10,-1.08,2.44,-5.82,-8.35
117,-54,-0.10,0.08,-1.09,2.79,-5.90,-7.12
118,-53,-0.11,0.08,-1.10,1.82,-6.37,-3.05
119,-53,-0.11,0.09,-1.08,1.61,-6.33,1.46
120,-53,-0.11,0.08,-1.08,0.73,-6.41,4.24
121,-52,-0.10,0.10,-1.08,1.22,-6.25,5.17
122,-52,-0.10,0.10,-1.09,3.44,-5.98,4.65
123,-52,-0.11,0.10,-1.07,4.22,-5.59,4.66
124,-51,-0.10,0.10,-1.07,3.69,-4.93,5.60
125,-51,-0.10,0.10,-1.08,3.15,-4.68,5.83
126,-50,-0.10,0.11,-1.06,2.69,-3.23,3.76
127,-50,-0.09,0.11,-1.07,4.92,-2.69,2.32
128,-50,-0.08,0.12,-1.10,6.23,-2.64,0.07
129,-51,-0.10,0.11,-1.12,6.27,-1.82,0.05
130,-50,-0.10,0.10,-1.12,3.94,-2.50,1.58
131,-51,-0.09,0.11,-1.11,1.85,-2.79,1.99
132,-51,-0.11,0.10,-1.12,-1.22,-5.03,2.24
133,-51,-0.11,0.11,-1.08,-2.91,-5.81,5.64
134,-51,-0.12,0.11,-1.08,-0.63,-6.76,8.44
135,-51,-0.10,0.13,-1.10,0.48,-6.92,7.21
136,-51,-0.10,0.12,-1.10,1.60,-8.02,2.34
137,-52,-0.11,0.11,-1.10,0.89,-8.54,-0.04
138,-52,-0.11,0.10,-1.11,0.00,-9.29,2.19
139,-52,-0.11,0.10,-1.10,-0.40,-10.37,5.73
140,-52,-0.10,0.10,-1.09,-0.73,-10.73,7.79
141,-52,-0.09,0.11,-1.07,0.47,-10.27,8.15
142,-52,-0.09,0.11,-1.07,4.64,-8.46,7.33
143,-51,-0.10,0.12,-1.08,6.45,-6.69,6.71
144,-51,-0.10,0.12,-1.07,7.66,-5.58,3.60
145,-52,-0.10,0.14,-1.08,6.82,-4.74,6.13
146,-52,-0.10,0.13,-1.11,5.19,-4.85,-0.24
147,-53,-0.12,0.12,-1.08,3.62,-6.34,-4.25
148,-54,-0.12,0.10,-1.09,1.11,-8.08,-4.63
149,-55,-0.12,0.10,-1.09,-0.62,-8.35,-2.89
150,-56,-0.10,0.10,-1.08,-1.20,-8.36,-2.62
151,-56,-0.10,0.12,-1.08,-0.62,-7.79,-6.08
152,-57,-0.11,0.10,-1.07,0.13,-7.21,-9.72
153,-59,-0.12,0.09,-1.10,2.20,-7.03,-4.23
154,-61,-0.12,0.10,-1.08,1.60,-5.74,-1.24
155,-62,-0.11,0.11,-1.09,2.02,-5.21,-4.31
156,-63,-0.12,0.10,-1.07,3.08,-4.37,-5.92
157,-63,-0.13,0.11,-1.09,4.13,-3.65,-4.01
158,-61,-0.13,0.10,-1.10,4.15,-4.50,-2.82
159,-60,-0.13,0.11,-1.10,2.21,-5.12,-4.63
160,-59,-0.12,0.09,-1.08,-0.44,-6.37,-3.69
161,-60,-0.13,0.08,-1.09,-1.85,-6.66,0.86
162,-59,-0.12,0.10,-1.08,-0.18,-6.55,3.60
163,-59,-0.11,0.11,-1.08,2.60,-5.27,0.33
164,-59,-0.11,0.10,-1.07,5.52,-4.74,-3.44
165,-60,-0.13,0.09,-1.07,7.12,-4.89,-2.56
166,-58,-0.13,0.10,-1.07,7.05,-4.18,0.34
167,-58,-0.13,0.11,-1.09,6.55,-4.78,0.80
168,-57,-0.12,0.10,-1.11,5.33,-5.34,0.23
169,-56,-0.14,0.10,-1.09,1.85,-6.62,5.11
170,-56,-0.12,0.11,-1.07,0.91,-6.88,4.12
171,-56,-0.12,0.11,-1.09,1.34,-7.34,1.70
172,-56,-0.13,0.10,-1.07,1.31,-7.03,2.03
173,-56,-0.12,0.10,-1.07,1.78,-6.16,3.50
174,-56,-0.12,0.11,-1.08,2.66,-6.05,1.67
175,-56,-0.12,0.10,-1.08,1.86,-5.80,1.09
176,-56,-0.12,0.11,-1.09,1.97,-5.85,2.16
177,-56,-0.13,0.10,-1.08,1.69,-6.07,2.47
178,-57,-0.12,0.11,-1.09,2.05,-5.85,2.64
179,-57,-0.13,0.10,-1.09,1.47,-5.85,2.47
180,-58,-0.12,0.11,-1.08,1.38,-6.21,2.17
181,-58,-0.12,0.11,-1.09,2.03,-5.95,-0.34
182,-58,-0.11,0.10,-1.08,1.60,-5.48,0.16
183,-58,-0.12,0.10,-1.09,2.12,-5.37,-0.27
184,-58,-0.12,0.10,-1.10,1.91,-5.12,-1.46
185,-58,-0.13,0.10,-1.09,1.69,-5.27,-3.34
186,-59,-0.13,0.09,-1.08,1.76,-5.56,-1.85
187,-58,-0.13,0.09,-1.09,2.09,-5.95,0.20
188,-58,-0.11,0.11,-1.10,2.70,-5.77,-0.79
189,-60,-0.12,0.10,-1.09,2.98,-5.30,-1.85
190,-59,-0.12,0.09,-1.08,3.39,-4.61,-2.31
191,-58,-0.13,0.10,-1.07,4.24,-4.20,-1.51
192,-56,-0.13,0.10,-1.10,5.22,-4.26,-0.98
193,-56,-0.14,0.09,-1.12,4.87,-4.85,0.77
194,-54,-0.14,0.09,-1.11,3.08,-5.97,3.81
195,-55,-0.14,0.10,-1.09,1.87,-6.85,6.86
196,-54,-0.13,0.11,-1.07,2.63,-8.40,3.11
197,-55,-0.12,0.10,-1.09,4.19,-8.65,2.49
198,-54,-0.13,0.09,-1.08,5.95,-10.12,4.16
199,-54,-0.12,0.09,-1.09,5.24,-9.14,5.90
200,-55,-0.11,0.10,-1.08,4.07,-8.78,4.88
201,-56,-0.11,0.11,-1.07,3.71,-6.85,-0.71
202,-57,-0.10,0.11,-1.08,4.52,-5.36,-8.76
203,-60,-0.11,0.12,-1.10,5.20,-3.43,-17.37
204,-64,-0.12,0.12,-1.09,5.65,-2.34,-27.36
205,-69,-0.12,0.11,-1.08,4.59,-2.03,-39.36
206,-70,-0.13,0.10,-1.10,3.05,-2.56,-46.69
207,-66,-0.11,0.11,-1.14,3.76,-2.89,-47.53
208,-62,-0.16,0.07,-1.11,-1.85,-3.23,-44.60
209,-59,-0.14,0.03,-1.13,-2.47,-7.45,-42.94
210,-57,-0.16,0.04,-1.09,-8.84,-8.87,-43.08
211,-50,-0.17,0.04,-1.06,-1.26,-7.82,-69.92
212,-48,-0.19,0.00,-1.10,2.72,-10.59,-63.87
213,-48,-0.19,-0.01,-1.09,1.36,-11.96,-52.69
214,-47,-0.20,-0.00,-1.09,3.33,-14.84,-38.97
215,-47,-0.20,-0.00,-1.10,3.82,-15.76,-24.58
216,-47,-0.19,-0.01,-1.09,1.39,-16.27,-12.96
217,-47,-0.18,0.02,-1.08,-1.28,-15.15,-5.52
218,-47,-0.20,0.01,-1.11,-2.63,-16.44,-10.07
219,-47,-0.20,-0.00,-1.09,-7.98,-16.99,-9.70
220,-47,-0.22,0.03,-1.10,-7.82,-16.60,-14.88
221,-48,-0.22,0.05,-1.11,-9.78,-15.09,-24.62
222,-49,-0.22,0.06,-1.10,-16.13,-13.47,-40.76
223,-50,-0.20,0.05,-1.08,-14.95,-13.59,-55.49
224,-51,-0.25,0.04,-1.07,-11.66,-17.04,-61.93
225,-52,-0.28,0.02,-1.08,-12.02,-19.45,-55.99
226,-52,-0.28,0.03,-1.07,-12.46,-21.69,-47.89
227,-52,-0.29,0.03,-1.05,-9.35,-23.21,-44.32
228,-50,-0.29,0.05,-1.07,-10.25,-22.62,-39.55
229,-49,-0.29,0.04,-1.09,-13.02,-24.39,-35.62
230,-48,-0.30,0.03,-1.07,-13.95,-26.10,-31.15
231,-47,-0.32,0.08,-1.01,-16.80,-24.17,-14.69
232,-46,-0.29,0.11,-0.98,-17.70,-16.36,-12.98
233,-46,-0.29,0.13,-0.97,-16.89,-14.60,-19.31
234,-45,-0.32,0.12,-0.99,-17.32,-12.78,-24.81
235,-44,-0.33,0.11,-0.96,-19.82,-12.40,-16.11
236,-42,-0.34,0.13,-0.98,-17.73,-10.42,-9.43
237,-42,-0.35,0.13,-1.00,-18.11,-9.18,-8.79
238,-41,-0.37,0.14,-0.98,-19.68,-13.56,-20.64
239,-42,-0.40,0.11,-0.98,-17.27,-19.23,-38.57
240,-42,-0.46,0.01,-1.00,-16.65,-21.58,-18.91
241,-42,-0.46,0.05,-0.94,-10.06,-22.34,14.68
242,-42,-0.41,0.10,-0.93,0.81,-19.94,17.56
243,-42,-0.39,0.10,-0.98,-0.98,-13.79,12.85
244,-41,-0.37,0.13,-0.96,-2.73,-11.37,2.59
245,-41,-0.39,0.16,-0.97,4.23,-10.44,-8.71
246,-41,-0.41,0.11,-1.00,1.71,-7.92,-12.84
247,-41,-0.42,0.13,-0.94,-1.32,-7.69,-2.94
248,-43,-0.46,0.11,-0.95,5.69,-7.46,14.51
249,-43,-0.42,0.13,-0.94,12.21,-11.44,16.31
250,-43,-0.43,0.10,-0.93,15.64,-11.50,17.32
251,-44,-0.41,0.10,-0.91,19.03,-6.98,20.28
252,-44,-0.41,0.11,-0.92,22.85,-3.44,23.90
253,-45,-0.32,0.15,-0.91,29.64,-5.37,8.01
254,-45,-0.43,0.06,-0.92,39.51,-6.12,-11.66
255,-45,-0.42,0.08,-0.99,39.98,-2.38,-5.20
256,-46,-0.42,0.07,-1.07,35.44,-0.01,-10.98
257,-46,-0.48,0.02,-1.17,18.15,2.19,20.72
258,-46,-0.50,0.09,-1.18,-2.42,-0.77,42.32
259,-46,-0.40,0.14,-1.05,-25.77,-4.04,31.11
260,-45,-0.40,0.17,-1.00,-30.63,-3.52,17.37
261,-44,-0.37,0.18,-0.97,-29.97,-0.21,3.50
262,-43,-0.41,0.17,-0.95,-31.24,3.08,-9.65
263,-42,-0.42,0.18,-0.96,-30.24,0.95,-19.46
264,-42,-0.45,0.16,-0.93,-23.34,-3.37,-21.84
265,-42,-0.41,0.15,-0.92,-16.89,-7.89,-21.12
266,-43,-0.43,0.13,-0.94,-11.47,-10.15,-18.68
267,-43,-0.48,0.11,-0.95,-6.90,-13.80,-1.83
268,-43,-0.49,0.13,-0.95,0.02,-17.34,23.29
269,-44,-0.43,0.17,-0.96,5.36,-17.27,28.37
270,-44,-0.43,0.16,-0.96,4.02,-15.24,24.29
271,-45,-0.45,0.19,-0.95,7.11,-11.88,55.45
272,-45,-0.38,0.23,-0.95,10.28,-11.99,58.11
273,-45,-0.38,0.26,-0.95,11.70,-11.31,43.97
274,-45,-0.38,0.26,-0.97,8.84,-10.74,32.10
275,-45,-0.36,0.29,-0.97,7.02,-12.50,20.57
276,-46,-0.34,0.31,-0.96,6.63,-12.89,2.45
277,-46,-0.38,0.26,-0.95,3.85,-11.26,-14.95
278,-46,-0.41,0.23,-0.94,3.40,-8.15,-10.02
279,-46,-0.41,0.25,-0.94,5.59,-7.29,1.13
280,-46,-0.38,0.25,-0.94,8.34,-6.82,1.28
281,-46,-0.37,0.26,-0.95,6.11,-6.02,-4.27
282,-46,-0.40,0.26,-0.95,3.92,-5.60,-12.65
283,-46,-0.40,0.22,-0.97,1.34,-2.76,-9.82
284,-47,-0.42,0.21,-0.94,0.89,-2.98,-1.47
285,-47,-0.44,0.19,-0.92,7.47,-3.16,7.53
286,-47,-0.43,0.20,-0.94,12.91,-4.48,9.98
287,-48,-0.39,0.21,-0.98,11.34,-4.19,6.29
288,-48,-0.41,0.21,-0.96,12.57,-4.99,-0.10
289,-48,-0.42,0.22,-0.99,14.80,-6.19,9.48
290,-48,-0.40,0.25,-1.01,10.04,-6.60,16.95
291,-47,-0.36,0.30,-0.98,6.89,-7.34,7.27
292,-47,-0.38,0.27,-0.95,3.50,-6.92,-3.07
293,-46,-0.37,0.25,-0.92,-1.22,-4.31,-7.92
294,-47,-0.37,0.24,-0.91,-0.84,-2.53,-9.30
295,-46,-0.38,0.25,-0.91,0.05,-1.21,-10.64
296,-47,-0.38,0.21,-0.93,-1.30,1.60,-12.21
297,-47,-0.40,0.20,-0.94,-1.34,4.33,-7.82
298,-48,-0.42,0.20,-0.95,-0.92,4.67,-3.48
299,-49,-0.38,0.18,-0.95,0.22,4.50,-0.64
300,-48,-0.40,0.16,-0.95,3.45,3.71,5.83
301,-44,-0.34,0.18,-0.91,13.57,7.09,29.75
302,-43,-0.32,0.21,-0.95,21.46,7.63,26.88
303,-43,-0.36,0.18,-0.97,20.76,11.18,31.91
304,-44,-0.30,0.21,-0.95,21.15,14.86,47.56
305,-46,-0.30,0.23,-0.91,32.15,14.31,35.39
306,-50,-0.35,0.10,-1.02,64.73,9.39,2.93
307,-48,-0.37,0.06,-1.07,72.40,8.79,25.34
308,-49,-0.21,0.07,-1.08,72.47,12.98,17.29
309,-49,-0.27,0.03,-1.15,76.07,10.95,10.19
310,-49,-0.27,-0.02,-1.25,65.76,3.43,5.03
311,-49,-0.25,-0.03,-1.13,35.98,-1.61,53.07
312,-49,-0.25,-0.04,-1.13,31.18,0.30,69.57
313,-50,-0.25,-0.04,-1.12,20.79,2.22,78.29
314,-51,-0.26,-0.07,-1.12,8.91,1.78,94.90
315,-52,-0.22,-0.01,-1.07,6.81,1.69,107.87
316,-52,-0.19,0.04,-1.06,9.37,2.40,96.44
317,-53,-0.19,0.02,-1.10,3.35,3.27,72.81
318,-53,-0.19,0.06,-1.09,1.27,3.05,50.37
319,-53,-0.22,0.06,-1.08,2.62,2.85,22.78
320,-54,-0.23,0.01,-1.11,0.12,1.69,5.98
321,-56,-0.27,-0.00,-1.06,-2.24,-2.54,5.17
322,-58,-0.26,-0.01,-1.07,-0.85,-1.82,13.71
323,-58,-0.24,0.01,-1.07,-0.22,-4.24,18.90
324,-58,-0.22,0.03,-1.07,-1.60,-3.95,18.69
325,-56,-0.22,0.04,-1.10,-1.15,-4.79,15.55
326,-55,-0.23,0.01,-1.09,0.29,-6.40,19.95
327,-53,-0.21,0.04,-1.08,4.27,-6.76,42.01
328,-53,-0.19,0.03,-1.06,3.05,-4.76,44.74
329,-53,-0.19,0.06,-1.03,4.34,-3.08,43.21
330,-53,-0.17,0.08,-1.05,9.43,-1.01,36.60
331,-54,-0.17,0.07,-1.08,11.74,-1.52,25.52
332,-54,-0.18,0.06,-1.07,8.40,-1.61,18.35
333,-53,-0.19,0.06,-1.06,8.02,-0.70,16.41
334,-53,-0.19,0.06,-1.06,11.66,-1.53,17.85
335,-52,-0.20,0.03,-1.08,8.61,-2.00,23.29
336,-51,-0.18,0.05,-1.09,7.15,-1.74,30.16
337,-50,-0.19,0.05,-1.08,9.86,-2.36,33.69
338,-50,-0.17,0.04,-1.07,6.07,-2.86,37.49
339,-50,-0.15,0.08,-1.11,6.28,-1.40,30.18
340,-50,-0.14,0.08,-1.12,4.34,-0.55,22.47
341,-50,-0.14,0.09,-1.12,3.55,-0.50,10.08
342,-50,-0.15,0.07,-1.10,-2.85,-1.14,-8.32
343,-50,-0.17,0.07,-1.08,0.03,-2.82,-9.56
344,-50,-0.18,0.06,-1.07,-0.70,-3.88,-3.76
345,-50,-0.17,0.06,-1.09,0.74,-4.64,0.82
346,-50,-0.16,0.07,-1.10,2.20,-5.24,1.56
347,-49,-0.15,0.08,-1.09,-1.80,-6.92,-0.34
348,-48,-0.15,0.05,-1.09,-2.06,-6.37,1.34
349,-48,-0.13,0.07,-1.08,-3.44,-6.12,5.16
350,-48,-0.13,0.08,-1.07,-2.00,-5.24,5.21
351,-48,-0.14,0.10,-1.06,0.41,-3.21,1.52
352,-48,-0.14,0.10,-1.07,3.39,-2.63,-1.76
353,-50,-0.13,0.08,-1.08,4.87,-3.88,-3.36
354,-50,-0.15,0.07,-1.10,2.74,-4.61,-1.72
355,-50,-0.15,0.08,-1.10,0.59,-4.89,0.76
356,-52,-0.13,0.08,-1.10,-0.65,-4.39,-0.24
357,-52,-0.14,0.08,-1.10,-0.14,-4.34,-3.60
358,-52,-0.15,0.07,-1.08,1.00,-4.18,-2.73
359,-52,-0.15,0.08,-1.07,3.62,-3.44,-0.11
360,-52,-0.15,0.08,-1.08,6.60,-4.05,1.10
361,-56,-0.14,0.09,-1.08,7.23,-4.83,-0.31
362,-55,-0.14,0.09,-1.10,6.52,-5.28,-2.50
363,-54,-0.13,0.08,-1.10,4.16,-5.99,-3.17
364,-54,-0.14,0.08,-1.09,1.72,-6.40,-2.66
365,-54,-0.14,0.08,-1.10,-0.31,-7.33,-0.66
366,-53,-0.13,0.08,-1.09,-1.51,-7.55,1.93
367,-52,-0.12,0.08,-1.08,-1.89,-7.89,3.66
368,-52,-0.12,0.09,-1.08,-2.00,-7.88,4.15
369,-52,-0.13,0.07,-1.07,-1.88,-7.34,5.75
370,-52,-0.12,0.10,-1.08,0.81,-5.63,4.49
371,-52,-0.12,0.10,-1.07,1.53,-4.71,1.44
372,-52,-0.14,0.09,-1.10,1.44,-4.27,1.89
373,-53,-0.15,0.08,-1.08,0.60,-5.13,5.33
374,-53,-0.14,0.08,-1.08,-0.56,-4.80,7.60
375,-54,-0.15,0.10,-1.08,0.27,-5.76,5.34
376,-54,-0.14,0.09,-1.07,0.72,-5.59,5.89
377,-55,-0.14,0.09,-1.09,2.82,-5.68,5.62
378,-55,-0.14,0.10,-1.08,3.94,-5.69,4.95
379,-55,-0.14,0.10,-1.08,4.31,-5.94,3.43
380,-54,-0.14,0.10,-1.08,4.36,-5.87,2.05
381,-54,-0.15,0.10,-1.09,4.95,-6.31,3.44
382,-53,-0.14,0.10,-1.09,2.88,-6.98,1.89
383,-52,-0.13,0.10,-1.10,2.37,-7.21,1.89
384,-52,-0.14,0.09,-1.08,1.34,-7.44,2.13
385,-51,-0.13,0.09,-1.08,1.53,-7.08,2.76
386,-51,-0.14,0.09,-1.08,1.78,-7.35,3.46
387,-52,-0.14,0.09,-1.08,1.92,-6.76,3.66
388,-52,-0.13,0.10,-1.08,3.31,-6.17,2.73
389,-52,-0.13,0.09,-1.09,4.44,-6.24,2.35
390,-51,-0.14,0.10,-1.09,4.53,-6.19,2.90
391,-51,-0.14,0.10,-1.07,3.78,-5.82,3.73
392,-50,-0.14,0.09,-1.08,4.92,-6.21,3.79
393,-50,-0.13,0.11,-1.08,5.08,-5.79,4.00
394,-49,-0.14,0.11,-1.08,4.53,-5.19,2.91
395,-49,-0.13,0.11,-1.09,5.11,-5.60,1.56
396,-49,-0.14,0.10,-1.09,4.24,-5.18,2.64
397,-50,-0.13,0.11,-1.10,2.72,-4.31,-0.86
398,-50,-0.13,0.10,-1.09,2.69,-4.47,-2.63
399,-50,-0.14,0.10,-1.10,1.89,-4.01,-1.94
400,-51,-0.13,0.10,-1.08,1.02,-4.44,-1.78
401,-51,-0.13,0.09,-1.09,-0.53,-4.66,-2.37
402,-51,-0.14,0.09,-1.08,-0.94,-5.47,-1.55
403,-51,-0.13,0.09,-1.08,-0.65,-5.74,0.31
404,-51,-0.15,0.09,-1.08,-0.37,-5.85,2.79
405,-51,-0.14,0.09,-1.08,-0.42,-6.05,3.60
406,-50,-0.13,0.10,-1.08,0.09,-6.65,3.82
407,-50,-0.14,0.09,-1.09,0.39,-6.30,4.26
408,-50,-0.14,0.10,-1.09,1.44,-6.41,4.45
409,-50,-0.13,0.11,-1.08,3.69,-5.99,3.08
410,-49,-0.14,0.10,-1.08,3.46,-5.95,2.33
411,-49,-0.14,0.10,-1.07,3.45,-5.79,2.22
412,-49,-0.14,0.11,-1.07,4.21,-5.35,1.24
413,-49,-0.15,0.11,-1.09,3.82,-5.84,4.56
414,-49,-0.13,0.11,-1.10,3.73,-6.02,4.44
415,-48,-0.13,0.11,-1.09,1.44,-5.93,1.43
416,-48,-0.13,0.11,-1.10,-0.61,-6.05,-0.53
417,-48,-0.14,0.11,-1.08,-0.70,-6.26,-0.76
418,-49,-0.13,0.10,-1.09,0.05,-6.61,-1.72
419,-49,-0.14,0.11,-1.09,0.28,-5.96,-2.41
420,-49,-0.13,0.10,-1.08,1.44,-5.79,-1.08
421,-49,-0.14,0.10,-1.08,3.00,-6.06,-1.96
422,-49,-0.13,0.10,-1.09,3.46,-5.45,-1.63
423,-49,-0.14,0.10,-1.10,4.77,-5.65,-1.79
424,-49,-0.15,0.09,-1.09,3.73,-5.95,0.08
425,-48,-0.14,0.10,-1.08,3.07,-5.86,1.69
426,-48,-0.14,0.10,-1.09,2.78,-5.98,1.35
427,-48,-0.15,0.11,-1.08,5.20,-6.03,0.66
428,-49,-0.14,0.10,-1.09,3.94,-6.11,2.08
429,-48,-0.13,0.10,-1.08,2.63,-6.36,2.45
430,-48,-0.13,0.11,-1.09,1.57,-5.40,3.05
431,-48,-0.13,0.11,-1.09,1.79,-5.18,2.70
432,-49,-0.13,0.11,-1.08,1.24,-4.57,2.23
433,-49,-0.13,0.11,-1.08,0.95,-5.00,0.96
434,-49,-0.13,0.11,-1.09,1.38,-4.34,-0.31
435,-49,-0.14,0.10,-1.11,1.44,-5.40,-1.08
436,-49,-0.15,0.09,-1.08,-0.76,-5.48,0.48
437,-49,-0.14,0.10,-1.09,-0.04,-5.85,-0.37
438,-49,-0.14,0.10,-1.09,0.86,-6.29,-1.35
439,-49,-0.15,0.09,-1.08,2.02,-6.00,0.79
440,-49,-0.14,0.10,-1.08,3.85,-5.87,2.42
441,-49,-0.14,0.10,-1.08,5.06,-5.53,0.98
442,-49,-0.14,0.10,-1.08,5.85,-5.18,-0.97
443,-49,-0.15,0.11,-1.09,6.23,-5.03,-2.86
444,-49,-0.15,0.10,-1.09,5.85,-5.03,-2.73
445,-49,-0.15,0.10,-1.10,5.31,-4.89,-2.56
446,-49,-0.15,0.10,-1.08,3.08,-5.92,-2.24
447,-48,-0.13,0.10,-1.08,2.76,-6.31,1.63
448,-48,-0.12,0.11,-1.08,3.29,-6.07,0.34
449,-48,-0.13,0.10,-1.07,2.97,-5.63,0.79
450,-48,-0.12,0.11,-1.10,3.16,-4.43,1.20
451,-47,-0.12,0.10,-1.09,3.34,-5.22,0.24
452,-48,-0.13,0.09,-1.05,0.80,-4.73,1.18
453,-49,-0.13,0.10,-1.03,-0.31,-4.60,5.08
454,-50,-0.11,0.12,-1.05,2.15,-3.74,6.63
455,-50,-0.10,0.14,-1.19,9.73,-1.11,0.73
456,-50,-0.12,0.10,-1.17,9.64,-4.11,-5.85
457,-50,-0.14,0.09,-1.06,-4.80,-1.21,-6.63
458,-50,-0.15,0.09,-1.07,-3.14,-3.85,-5.31
459,-50,-0.19,0.08,-1.07,0.79,-5.82,3.50
460,-49,-0.17,0.09,-1.06,7.13,-6.99,9.66
461,-49,-0.13,0.09,-1.09,7.11,-7.79,7.60
462,-49,-0.13,0.09,-1.12,1.85,-8.88,2.62
463,-49,-0.13,0.10,-1.10,0.95,-8.85,3.18
464,-50,-0.12,0.10,-1.09,3.94,-8.90,5.95
465,-50,-0.11,0.11,-1.08,4.37,-7.95,5.40
466,-50,-0.10,0.12,-1.09,4.80,-6.69,0.20
467,-51,-0.11,0.09,-1.10,4.53,-5.79,-2.60
468,-52,-0.12,0.09,-1.11,2.90,-5.76,-1.05
469,-52,-0.11,0.09,-1.09,0.08,-4.63,0.26
470,-53,-0.11,0.09,-1.09,-2.35,-3.46,-2.85
471,-52,-0.12,0.09,-1.08,-2.38,-2.76,-5.78
472,-52,-0.14,0.08,-1.07,-0.15,-2.75,-4.48
473,-52,-0.15,0.08,-1.06,3.21,-2.55,-0.17
474,-52,-0.13,0.09,-1.08,6.40,-3.34,1.56
475,-52,-0.14,0.10,-1.10,6.34,-4.39,2.92
476,-52,-0.13,0.10,-1.10,6.30,-4.20,3.56
477,-52,-0.13,0.12,-1.11,5.13,-4.24,1.27
478,-53,-0.12,0.12,-1.10,4.40,-4.24,-2.73
479,-54,-0.10,0.12,-1.10,4.71,-3.69,-9.89
480,-55,-0.12,0.08,-1.09,1.02,-3.18,-16.08
481,-54,-0.12,0.07,-1.09,-0.53,-4.03,-8.19
482,-55,-0.11,0.07,-1.08,-0.96,-4.78,-3.70
483,-54,-0.10,0.07,-1.10,-0.57,-4.61,-0.77
484,-55,-0.12,0.07,-1.09,-0.98,-4.72,-0.51
485,-54,-0.11,0.08,-1.08,-0.73,-5.05,-1.41
486,-55,-0.12,0.07,-1.07,1.66,-5.31,1.10
487,-53,-0.13,0.08,-1.08,3.38,-5.40,0.37
488,-54,-0.12,0.07,-1.09,3.31,-5.64,-0.04
489,-53,-0.12,0.09,-1.09,3.08,-6.76,7.10
490,-53,-0.11,0.09,-1.10,2.61,-7.47,6.21
491,-52,-0.12,0.09,-1.09,1.15,-7.49,3.77
492,-53,-0.10,0.09,-1.08,1.79,-7.36,1.61
493,-53,-0.11,0.08,-1.10,2.07,-6.82,3.37
494,-53,-0.11,0.08,-1.09,2.55,-6.47,3.42
495,-53,-0.12,0.08,-1.09,2.50,-6.56,3.27
496,-52,-0.13,0.08,-1.09,2.53,-6.44,5.50
497,-50,-0.14,0.09,-1.13,3.69,-6.62,7.96
498,-48,-0.13,0.11,-1.07,5.19,-9.39,10.89
499,-49,-0.11,0.13,-1.07,7.36,-7.04,0.53
500,-49,-0.13,0.14,-1.06,7.77,-6.24,-12.71
501,-49,-0.12,0.12,-1.07,7.61,-6.39,-23.44
502,-48,-0.15,0.08,-1.09,6.21,-9.97,-20.17
503,-48,-0.16,0.06,-1.10,0.73,-12.10,-4.16
504,-48,-0.09,0.14,-1.08,-0.03,-10.81,0.84
505,-48,-0.09,0.13,-1.08,1.41,-11.15,-10.91
506,-47,-0.13,0.11,-1.09,1.60,-9.39,-12.01
507,-47,-0.15,0.09,-1.09,-0.03,-7.73,-3.14
508,-46,-0.12,0.10,-1.09,-3.24,-5.63,2.34
509,-46,-0.10,0.12,-1.09,-4.05,-4.29,-3.88
510,-45,-0.12,0.11,-1.08,-4.90,-3.50,-12.94
511,-44,-0.16,0.07,-1.06,-8.67,-4.32,-2.49
512,-43,-0.15,0.09,-1.09,-8.94,-5.59,3.85
513,-43,-0.16,0.08,-1.08,-7.67,-6.62,4.33
514,-44,-0.18,0.08,-1.08,-4.18,-7.44,5.82
515,-45,-0.17,0.10,-1.05,2.86,-8.15,6.22
516,-45,-0.17,0.10,-1.04,8.57,-7.66,3.32
517,-46,-0.18,0.10,-1.09,16.34,-8.55,10.47
518,-48,-0.15,0.13,-1.08,9.59,-8.34,12.89
519,-49,-0.13,0.15,-1.05,12.79,-4.44,-6.69
520,-50,-0.14,0.12,-1.05,12.69,-4.33,-9.16
521,-50,-0.16,0.10,-1.07,11.52,-4.23,-3.72
522,-50,-0.15,0.12,-1.09,9.15,-4.31,1.60
523,-49,-0.13,0.11,-1.11,4.03,-5.33,2.65
524,-48,-0.13,0.11,-1.11,-4.54,-5.31,2.08
525,-47,-0.14,0.11,-1.10,-6.10,-4.72,0.47
526,-47,-0.14,0.11,-1.09,-7.11,-5.45,0.24
527,-47,-0.14,0.10,-1.09,-6.42,-5.18,2.41
528,-47,-0.14,0.11,-1.08,-4.15,-5.27,2.40
529,-46,-0.15,0.11,-1.07,-3.47,-4.25,-0.92
530,-46,-0.16,0.09,-1.08,-2.71,-3.66,-2.32
531,-46,-0.16,0.08,-1.09,-1.61,-5.52,0.00
532,-46,-0.17,0.08,-1.07,-0.76,-7.19,5.12
533,-46,-0.16,0.08,-1.07,-1.22,-7.42,10.95
534,-46,-0.13,0.10,-1.05,0.42,-7.48,11.59
535,-46,-0.12,0.13,-1.11,14.30,-1.79,-4.79
536,-47,-0.15,0.09,-1.10,13.76,-0.02,-8.38
537,-46,-0.17,0.08,-1.09,10.88,-0.62,-3.74
538,-48,-0.17,0.08,-1.07,7.30,-3.31,5.44
539,-48,-0.17,0.09,-1.09,4.82,-4.60,11.89
540,-49,-0.14,0.11,-1.07,3.93,-3.86,6.99
541,-50,-0.13,0.14,-1.11,7.18,-2.73,-2.82
542,-49,-0.16,0.10,-1.10,9.96,-4.05,-10.29
543,-48,-0.14,0.11,-1.05,1.45,-11.68,10.38
544,-48,-0.12,0.12,-1.05,8.82,-9.69,-16.11
545,-47,-0.15,0.06,-1.11,3.87,-8.93,-4.18
546,-47,-0.13,0.07,-1.11,-1.34,-8.88,2.93
547,-47,-0.12,0.09,-1.09,-5.08,-8.44,2.21
548,-47,-0.12,0.09,-1.07,-7.08,-7.54,-1.45
549,-47,-0.12,0.08,-1.07,-7.37,-6.53,-2.72
550,-47,-0.12,0.09,-1.05,-6.31,-5.79,-5.76
551,-47,-0.16,0.05,-1.07,0.12,-3.99,-1.44
552,-47,-0.17,0.06,-1.10,-0.35,-3.34,5.79
553,-47,-0.16,0.09,-1.10,-0.40,-3.15,5.13
554,-47,-0.17,0.09,-1.09,0.23,-4.62,0.36
555,-46,-0.19,0.08,-1.06,0.69,-7.73,7.77
556,-46,-0.18,0.09,-1.08,3.42,-8.67,9.63
557,-46,-0.17,0.10,-1.09,4.53,-10.05,8.08
558,-46,-0.17,0.10,-1.07,5.63,-10.56,6.14
559,-46,-0.16,0.11,-1.07,7.01,-9.77,6.00
560,-46,-0.16,0.11,-1.08,8.59,-9.76,4.09
561,-46,-0.15,0.11,-1.07,7.25,-8.38,2.35
562,-46,-0.15,0.12,-1.08,7.18,-7.61,-0.62
563,-46,-0.15,0.11,-1.09,6.75,-7.44,-1.25
564,-46,-0.17,0.11,-1.08,5.71,-7.42,0.50
565,-46,-0.17,0.10,-1.08,4.20,-6.44,3.79
566,-46,-0.16,0.10,-1.10,1.62,-6.52,7.05
567,-46,-0.16,0.11,-1.09,-0.66,-6.50,7.85
568,-46,-0.16,0.11,-1.07,-2.21,-6.88,7.46
569,-46,-0.17,0.11,-1.05,-3.81,-5.73,7.16
570,-47,-0.16,0.12,-1.07,-2.61,-5.23,4.11
571,-47,-0.16,0.11,-1.07,-1.51,-5.17,1.49
572,-47,-0.16,0.10,-1.07,-0.95,-4.53,2.05
573,-47,-0.16,0.09,-1.09,-0.42,-4.18,3.79
574,-49,-0.15,0.10,-1.06,1.98,-2.24,3.66
575,-50,-0.16,0.10,-1.07,4.99,-2.11,4.73
576,-50,-0.16,0.10,-1.09,7.16,-2.21,7.43
577,-50,-0.16,0.10,-1.09,8.00,-2.16,10.89
578,-50,-0.16,0.11,-1.07,7.32,-2.81,12.27
579,-50,-0.16,0.12,-1.08,5.72,-2.91,10.56
580,-50,-0.16,0.13,-1.07,5.41,-3.38,8.09
581,-49,-0.16,0.13,-1.08,6.38,-4.31,7.05
582,-49,-0.17,0.12,-1.09,6.85,-4.83,6.38
583,-49,-0.15,0.12,-1.09,5.18,-5.11,6.84
584,-49,-0.13,0.12,-1.08,2.71,-5.78,6.07
585,-48,-0.13,0.13,-1.10,0.84,-6.10,5.34
586,-49,-0.13,0.13,-1.09,0.31,-6.20,4.82
587,-49,-0.13,0.13,-1.08,0.70,-5.19,3.47
588,-49,-0.13,0.13,-1.08,1.09,-4.92,1.18
589,-49,-0.13,0.13,-1.08,1.76,-4.39,-2.12
590,-50,-0.14,0.11,-1.09,2.22,-3.37,-3.23
591,-50,-0.14,0.12,-1.09,3.31,-3.60,-3.57
592,-50,-0.13,0.11,-1.07,3.48,-5.37,-5.60
593,-50,-0.18,0.10,-1.09,4.19,-5.85,-7.60
594,-50,-0.17,0.11,-1.08,3.84,-5.03,1.70
595,-50,-0.14,0.11,-1.09,2.15,-4.89,1.31
596,-51,-0.13,0.11,-1.09,1.72,-6.37,1.34
597,-51,-0.13,0.11,-1.09,0.51,-6.58,-0.10
598,-52,-0.13,0.10,-1.07,0.56,-5.98,0.22
599,-52,-0.13,0.11,-1.08,0.76,-5.96,1.76
600,-52,-0.12,0.11,-1.08,2.53,-6.05,1.83
601,-52,-0.12,0.11,-1.09,2.74,-5.60,1.56
602,-52,-0.11,0.11,-1.08,1.60,-4.50,3.38
603,-52,-0.12,0.11,-1.09,2.10,-3.68,3.53
604,-52,-0.12,0.12,-1.09,3.86,-2.85,2.48
605,-52,-0.12,0.11,-1.08,4.88,-1.75,1.02
606,-52,-0.12,0.11,-1.09,5.32,-1.05,0.30
607,-52,-0.14,0.11,-1.09,4.96,-1.36,0.20
608,-53,-0.14,0.12,-1.09,5.01,-2.15,0.50
609,-53,-0.15,0.12,-1.09,4.98,-3.50,-0.02
610,-54,-0.14,0.11,-1.09,4.83,-4.60,-1.77
611,-53,-0.14,0.11,-1.09,3.58,-5.89,-1.66
612,-53,-0.12,0.11,-1.09,2.62,-8.05,0.19
613,-52,-0.11,0.11,-1.09,1.44,-8.20,-0.17
614,-52,-0.11,0.11,-1.08,1.21,-8.15,-0.28
615,-52,-0.11,0.10,-1.09,1.67,-7.73,-0.85
616,-52,-0.12,0.10,-1.08,0.48,-7.53,-0.91
617,-51,-0.12,0.10,-1.08,2.26,-6.58,-2.70
618,-51,-0.13,0.10,-1.08,3.63,-6.23,-1.77
619,-51,-0.14,0.09,-1.08,3.87,-6.56,-0.66
620,-51,-0.14,0.09,-1.08,3.99,-6.68,1.46
621,-51,-0.13,0.09,-1.09,3.72,-6.48,1.79
622,-51,-0.12,0.11,-1.09,2.59,-6.79,1.72
623,-52,-0.12,0.10,-1.09,2.74,-6.81,2.05
624,-52,-0.12,0.10,-1.08,3.35,-6.31,2.67
625,-52,-0.12,0.11,-1.09,3.99,-6.35,2.70
626,-52,-0.12,0.11,-1.09,3.84,-6.30,1.79
627,-53,-0.12,0.09,-1.08,2.29,-6.31,2.87
628,-54,-0.13,0.10,-1.08,1.06,-6.67,4.38
629,-56,-0.12,0.11,-1.09,2.77,-5.97,2.33
630,-56,-0.15,0.10,-1.10,2.60,-5.44,-0.85
631,-55,-0.15,0.10,-1.09,2.64,-5.62,0.28
632,-54,-0.15,0.10,-1.08,2.69,-6.45,1.56
633,-53,-0.13,0.10,-1.09,3.20,-5.99,0.75
634,-52,-0.13,0.10,-1.08,3.18,-6.19,-1.03
635,-51,-0.13,0.10,-1.08,3.79,-6.27,-1.21
636,-49,-0.15,0.09,-1.09,4.11,-6.94,1.23
637,-49,-0.13,0.09,-1.09,3.09,-6.98,4.82
638,-48,-0.12,0.10,-1.11,2.88,-6.18,5.03
639,-48,-0.12,0.11,-1.09,2.59,-5.53,0.58
640,-49,-0.14,0.10,-1.07,4.24,-3.89,-6.64
641,-49,-0.14,0.10,-1.09,5.44,-3.81,-5.58
642,-49,-0.15,0.08,-1.07,3.92,-6.25,-2.21
643,-50,-0.13,0.10,-1.09,5.03,-6.40,-5.17
644,-50,-0.12,0.09,-1.07,5.31,-6.46,-8.40
645,-50,-0.13,0.09,-1.07,5.89,-5.53,-8.76
646,-51,-0.13,0.08,-1.07,7.10,-4.50,-7.84
647,-52,-0.12,0.10,-1.07,5.95,-4.49,-6.97
648,-52,-0.13,0.09,-1.09,5.03,-4.32,-7.68
649,-51,-0.13,0.08,-1.09,2.61,-4.79,-7.33
650,-50,-0.12,0.08,-1.09,0.52,-5.68,-3.93
651,-50,-0.13,0.07,-1.09,-1.94,-5.92,1.87
652,-50,-0.13,0.07,-1.10,-4.15,-5.71,5.80
653,-50,-0.11,0.08,-1.10,-5.89,-5.98,4.69
654,-50,-0.13,0.06,-1.08,-7.20,-6.40,4.40
655,-51,-0.13,0.07,-1.08,-6.50,-6.10,6.18
656,-51,-0.13,0.09,-1.09,-4.34,-5.05,5.43
657,-51,-0.13,0.09,-1.07,-1.06,-4.22,-0.07
658,-51,-0.14,0.09,-1.08,2.80,-3.35,-2.62
659,-52,-0.16,0.08,-1.11,6.28,-3.18,-2.59
660,-52,-0.15,0.07,-1.10,6.31,-3.47,-2.18
661,-54,-0.14,0.08,-1.09,4.47,-3.63,-4.05
662,-55,-0.15,0.09,-1.09,5.09,-3.80,-6.97
663,-56,-0.15,0.08,-1.07,7.37,-5.08,-7.09
664,-57,-0.15,0.08,-1.09,9.89,-5.31,-5.88
665,-57,-0.15,0.08,-1.10,11.47,-6.49,-4.53
666,-57,-0.12,0.09,-1.09,8.96,-7.29,-3.72
667,-57,-0.12,0.08,-1.10,6.67,-6.97,-5.00
668,-58,-0.11,0.09,-1.09,4.70,-6.04,-6.84
669,-57,-0.12,0.09,-1.09,4.53,-5.47,-8.92
670,-57,-0.12,0.10,-1.08,5.15,-4.09,-11.89
671,-55,-0.13,0.08,-1.08,4.62,-3.69,-13.48
672,-54,-0.14,0.07,-1.09,1.38,-3.73,-12.24
673,-52,-0.14,0.06,-1.10,-2.08,-5.14,-7.86
674,-51,-0.15,0.04,-1.09,-5.97,-6.17,-1.56
675,-49,-0.14,0.06,-1.10,-8.73,-7.48,5.42
676,-49,-0.12,0.06,-1.10,-9.01,-7.68,5.21
677,-49,-0.11,0.06,-1.06,-7.95,-7.83,1.40
678,-49,-0.12,0.06,-1.04,-4.29,-6.43,-0.61
679,-49,-0.13,0.05,-1.09,5.72,-5.14,4.84
680,-50,-0.13,0.06,-1.09,6.93,-4.26,6.98
681,-50,-0.15,0.05,-1.11,3.60,-5.08,9.78
682,-50,-0.15,0.06,-1.10,2.13,-6.03,11.68
683,-52,-0.14,0.07,-1.09,1.45,-6.21,11.93
684,-53,-0.14,0.10,-1.10,3.73,-7.65,4.06
685,-52,-0.15,0.08,-1.11,5.95,-10.69,-5.50
686,-52,-0.16,0.07,-1.11,3.93,-12.00,-3.40
687,-52,-0.15,0.08,-1.11,1.33,-12.31,-3.24
688,-52,-0.15,0.08,-1.09,-0.60,-13.79,-4.84
689,-51,-0.17,0.08,-1.10,0.83,-14.20,-0.83
690,-50,-0.16,0.09,-1.07,4.27,-12.53,-1.97
691,-50,-0.16,0.07,-1.07,3.99,-12.44,-0.88
692,-50,-0.17,0.07,-1.05,4.26,-12.18,2.74
693,-50,-0.17,0.07,-1.05,4.28,-11.15,5.98
694,-50,-0.17,0.08,-1.07,9.70,-5.82,-0.36
695,-50,-0.19,0.07,-1.08,8.00,-5.13,1.25
696,-50,-0.19,0.07,-1.07,7.41,-5.10,4.64
697,-50,-0.19,0.09,-1.08,6.48,-6.02,2.64
698,-50,-0.20,0.08,-1.08,5.39,-6.22,1.60
699,-50,-0.20,0.07,-1.08,5.51,-6.87,3.12
700,-49,-0.20,0.08,-1.09,5.17,-8.64,3.64
701,-49,-0.21,0.06,-1.08,2.71,-9.26,4.98
702,-48,-0.19,0.06,-1.08,2.68,-10.06,6.12
703,-48,-0.19,0.06,-1.09,3.62,-9.41,3.64
704,-47,-0.19,0.06,-1.06,3.85,-9.16,-0.63
705,-48,-0.19,0.07,-1.07,5.02,-8.42,-5.58
706,-47,-0.19,0.05,-1.08,6.98,-8.57,-11.05
707,-48,-0.20,0.02,-1.08,3.21,-7.14,-8.79
708,-48,-0.20,0.05,-1.08,2.80,-6.31,-9.60
709,-48,-0.19,0.04,-1.10,2.45,-7.31,-14.46
710,-48,-0.20,0.03,-1.09,0.47,-8.95,-15.64
711,-49,-0.21,0.04,-1.08,0.76,-8.72,-16.56
712,-49,-0.20,0.03,-1.09,2.44,-8.83,-18.69
713,-50,-0.21,0.03,-1.12,1.92,-8.98,-19.84
714,-52,-0.22,0.02,-1.08,3.11,-8.92,-18.27
715,-52,-0.22,0.01,-1.07,3.32,-7.00,-17.05
716,-53,-0.22,0.02,-1.05,2.56,-6.06,-17.73
717,-54,-0.22,0.02,-1.06,3.37,-6.05,-20.93
718,-54,-0.23,0.02,-1.09,4.62,-5.17,-22.79
719,-53,-0.23,0.00,-1.06,5.69,-6.14,-23.41
720,-52,-0.23,-0.00,-1.03,2.74,-5.74,-23.52
721,-52,-0.23,-0.00,-1.04,2.24,-7.40,-20.24
722,-52,-0.25,-0.00,-1.03,5.11,-8.34,-12.56
723,-52,-0.26,-0.01,-1.04,7.18,-8.31,-3.18
724,-52,-0.24,-0.00,-1.06,7.69,-7.82,4.53
725,-51,-0.23,0.01,-1.06,8.91,-8.06,8.53
726,-50,-0.22,0.00,-1.05,8.57,-8.90,10.88
727,-51,-0.22,-0.00,-1.04,5.23,-7.73,11.69
728,-51,-0.22,0.02,-1.04,3.07,-6.54,9.66
729,-52,-0.21,0.03,-1.05,4.07,-5.54,5.68
730,-51,-0.23,0.01,-1.07,5.53,-5.44,3.42
731,-51,-0.23,-0.01,-1.06,3.32,-5.32,8.64
732,-52,-0.23,-0.01,-1.05,2.05,-5.38,18.30
733,-54,-0.20,0.03,-1.08,0.19,-2.34,14.34
734,-54,-0.20,0.04,-1.07,-1.13,-1.38,3.02
735,-56,-0.22,0.01,-1.08,-2.31,-1.24,-1.82
736,-57,-0.23,0.01,-1.08,-5.92,-0.90,2.70
737,-56,-0.21,0.01,-1.08,-6.10,-1.56,-0.62
738,-57,-0.22,0.01,-1.07,-6.76,-2.04,-2.53
739,-56,-0.23,0.02,-1.07,-3.40,-2.25,-1.80
740,-56,-0.23,0.01,-1.07,-2.69,-2.09,-1.03
741,-55,-0.21,0.01,-1.08,-2.58,-2.76,-0.08
742,-55,-0.21,0.02,-1.07,0.02,-3.91,1.43
743,-55,-0.22,0.02,-1.08,1.60,-3.63,4.60
744,-56,-0.20,0.02,-1.07,2.39,-2.66,5.50
745,-56,-0.19,0.04,-1.07,3.15,-1.47,3.09
746,-56,-0.19,0.03,-1.07,3.53,-1.39,-0.87
747,-56,-0.20,0.02,-1.08,3.13,-0.96,-0.35
748,-56,-0.20,0.02,-1.08,2.50,-1.65,4.20
749,-56,-0.20,0.03,-1.07,3.04,-1.16,7.05
750,-57,-0.19,0.04,-1.08,4.27,-1.30,4.82
751,-57,-0.18,0.04,-1.08,3.79,-0.76,1.82
752,-57,-0.19,0.03,-1.09,4.31,-1.57,2.43
753,-57,-0.18,0.03,-1.09,4.62,-1.66,5.49
754,-57,-0.18,0.04,-1.10,4.17,-2.32,4.78
755,-56,-0.17,0.03,-1.10,3.15,-2.80,2.48
756,-56,-0.17,0.03,-1.09,2.00,-3.70,1.65
757,-56,-0.18,0.03,-1.10,1.68,-3.92,0.48
758,-55,-0.17,0.02,-1.09,-0.22,-5.00,1.37
759,-55,-0.18,0.03,-1.08,-0.50,-5.75,3.08
760,-55,-0.18,0.03,-1.07,0.69,-6.56,3.94
761,-55,-0.18,0.03,-1.08,0.45,-7.24,4.18
762,-55,-0.17,0.03,-1.07,1.37,-7.31,5.78
763,-56,-0.17,0.04,-1.07,3.05,-8.15,6.61
764,-56,-0.17,0.04,-1.07,3.85,-7.37,6.32
765,-56,-0.17,0.04,-1.07,4.35,-6.70,5.10
766,-57,-0.17,0.04,-1.09,3.84,-5.21,-0.88
767,-57,-0.17,0.04,-1.09,3.95,-5.34,-0.56
768,-56,-0.17,0.05,-1.09,3.73,-5.08,-0.73
769,-56,-0.17,0.04,-1.09,4.05,-4.70,-0.93
770,-56,-0.18,0.04,-1.08,3.04,-5.06,-0.27
771,-56,-0.17,0.04,-1.07,2.29,-4.54,-0.21
772,-56,-0.18,0.05,-1.08,2.92,-4.76,-1.65
773,-56,-0.19,0.03,-1.08,3.03,-5.29,-0.90
774,-56,-0.19,0.03,-1.07,3.31,-4.79,3.63
775,-56,-0.17,0.04,-1.07,4.79,-4.37,5.92
776,-56,-0.16,0.06,-1.09,5.05,-3.45,2.12
777,-56,-0.16,0.05,-1.09,4.79,-3.95,-3.39
778,-55,-0.19,0.04,-1.09,4.27,-4.21,-5.68
779,-54,-0.18,0.04,-1.11,3.49,-5.47,-4.38
780,-52,-0.19,0.03,-1.10,0.60,-8.10,-1.00
781,-51,-0.19,0.03,-1.09,-3.79,-12.01,5.60
782,-50,-0.18,0.03,-1.07,-5.41,-11.84,6.18
783,-50,-0.17,0.05,-1.07,-4.26,-11.02,4.56
784,-49,-0.17,0.04,-1.05,-1.06,-9.89,1.50
785,-49,-0.17,0.04,-1.07,1.00,-8.24,-0.44
786,-49,-0.18,0.03,-1.08,2.10,-6.82,-2.10
787,-48,-0.17,0.04,-1.08,3.02,-5.87,-4.57
788,-47,-0.18,0.03,-1.07,2.32,-5.14,-0.67
789,-47,-0.18,0.04,-1.07,3.31,-4.18,-1.98
790,-47,-0.18,0.04,-1.07,4.98,-3.15,-5.37
791,-47,-0.18,0.03,-1.08,5.45,-3.46,-8.02
792,-47,-0.17,0.03,-1.07,5.37,-3.40,-7.37
793,-47,-0.20,0.04,-1.08,6.09,-4.28,-4.87
794,-47,-0.18,0.03,-1.09,5.25,-4.95,-1.97
795,-47,-0.19,0.03,-1.08,3.56,-5.34,-1.77
796,-47,-0.19,0.04,-1.08,1.12,-6.62,-1.28
797,-47,-0.19,0.02,-1.08,-0.08,-7.65,-1.08
798,-47,-0.20,0.02,-1.07,-0.84,-7.69,3.88
799,-46,-0.19,0.04,-1.09,0.40,-7.62,4.40
800,-46,-0.18,0.04,-1.08,-0.64,-6.80,-0.91
801,-46,-0.19,0.03,-1.08,-0.34,-6.97,-5.16
802,-46,-0.20,0.03,-1.06,1.14,-6.84,-6.34
803,-46,-0.20,0.03,-1.07,1.40,-7.35,-6.14
804,-46,-0.20,0.03,-1.07,2.34,-7.18,-5.27
805,-46,-0.20,0.02,-1.05,1.10,-8.42,-3.78
806,-46,-0.20,0.02,-1.05,1.63,-7.62,0.65
807,-46,-0.19,0.03,-1.05,2.81,-7.01,2.76
808,-46,-0.19,0.04,-1.06,3.07,-5.41,1.28
809,-46,-0.19,0.03,-1.07,5.18,-4.88,0.07
810,-46,-0.19,0.05,-1.09,6.40,-3.32,0.00
811,-46,-0.20,0.05,-1.09,8.11,-2.51,-2.00
812,-46,-0.20,0.03,-1.09,7.15,-2.94,-3.37
813,-46,-0.20,0.02,-1.10,6.31,-5.82,-1.83
814,-46,-0.22,0.00,-1.07,2.44,-8.79,5.05
815,-45,-0.22,0.01,-1.07,-1.19,-9.35,14.46
816,-45,-0.19,0.05,-1.08,0.95,-10.26,17.23
817,-45,-0.20,0.03,-1.07,0.78,-10.52,10.49
818,-45,-0.21,0.05,-1.07,2.21,-10.43,10.44
819,-45,-0.20,0.04,-1.08,2.48,-9.35,7.15
820,-44,-0.19,0.04,-1.05,1.95,-9.01,4.39
821,-44,-0.20,0.05,-1.06,4.17,-8.98,3.18
822,-44,-0.22,0.03,-1.07,3.72,-8.05,5.43
823,-44,-0.20,0.04,-1.09,2.04,-8.72,7.90
824,-44,-0.19,0.04,-1.07,1.37,-8.10,7.79
825,-44,-0.20,0.05,-1.09,0.93,-6.69,3.25
826,-44,-0.21,0.04,-1.08,0.95,-5.90,-1.21
827,-45,-0.20,0.04,-1.08,3.35,-4.25,4.92
828,-45,-0.20,0.05,-1.07,2.53,-3.55,-0.49
829,-45,-0.22,0.05,-1.06,2.40,-3.37,-5.73
830,-46,-0.23,0.00,-1.08,1.79,-8.53,5.85
831,-46,-0.19,0.08,-1.05,7.15,-2.76,-5.52
832,-46,-0.18,0.07,-1.08,0.43,2.47,-8.85
833,-46,-0.20,0.05,-1.10,-1.68,1.88,-15.64
834,-46,-0.23,0.04,-1.07,-3.53,1.08,-13.80
835,-46,-0.22,0.03,-1.08,-1.61,0.10,-7.11
836,-47,-0.21,0.05,-1.08,-0.34,-0.23,-7.60
837,-47,-0.20,0.06,-1.07,0.78,-0.08,-12.82
838,-48,-0.19,0.03,-1.09,1.63,-0.73,-15.80
839,-48,-0.19,0.03,-1.08,0.51,-1.17,-14.76
840,-49,-0.19,0.03,-1.09,0.85,-1.45,-12.94
841,-49,-0.19,0.04,-1.10,0.81,-2.60,-12.64
842,-48,-0.18,0.03,-1.09,-0.21,-3.76,-12.89
843,-49,-0.18,0.03,-1.09,-0.67,-5.45,-12.08
844,-49,-0.19,0.03,-1.10,-1.24,-6.60,-9.15
845,-47,-0.17,0.03,-1.08,1.23,-7.05,-7.79
846,-47,-0.18,0.02,-1.06,1.33,-7.06,-6.47
847,-47,-0.18,0.03,-1.06,2.08,-6.53,-4.47
848,-47,-0.18,0.02,-1.09,4.25,-5.88,-4.61
849,-47,-0.18,0.02,-1.08,3.70,-6.51,-1.72
850,-47,-0.19,0.02,-1.08,3.08,-5.70,0.61
851,-47,-0.16,0.03,-1.08,2.08,-4.11,1.82
852,-47,-0.17,0.04,-1.07,4.36,-3.30,-0.20
853,-47,-0.17,0.04,-1.08,4.62,-0.72,-1.15
854,-48,-0.17,0.04,-1.06,4.80,0.10,-0.48
855,-48,-0.16,0.04,-1.08,4.78,0.40,-1.61
856,-48,-0.16,0.04,-1.08,3.85,0.23,-1.56
857,-49,-0.18,0.04,-1.10,3.69,-0.19,1.09
858,-49,-0.18,0.03,-1.10,3.33,-1.33,3.89
859,-49,-0.17,0.03,-1.09,1.56,-2.76,4.63
860,-49,-0.16,0.03,-1.08,-0.95,-4.49,6.73
861,-49,-0.15,0.03,-1.07,2.21,-4.47,-0.32
862,-50,-0.17,0.02,-1.09,2.23,-4.34,2.51
863,-51,-0.17,0.03,-1.09,3.59,-4.58,7.02
864,-52,-0.15,0.04,-1.08,2.69,-3.85,2.15
865,-52,-0.17,0.03,-1.10,3.75,-4.37,-2.18
866,-53,-0.17,0.02,-1.08,3.55,-5.19,-1.95
867,-51,-0.17,0.02,-1.09,4.79,-5.63,3.18
868,-50,-0.17,0.03,-1.09,3.66,-6.21,0.33
869,-49,-0.16,0.03,-1.08,2.64,-6.41,-2.53
870,-48,-0.17,0.03,-1.08,2.06,-6.88,-4.47
871,-47,-0.16,0.03,-1.07,1.89,-6.65,-4.92
872,-47,-0.16,0.03,-1.07,2.10,-5.92,-4.79
873,-47,-0.15,0.03,-1.08,1.32,-6.50,-4.18
874,-47,-0.17,0.02,-1.07,-0.71,-7.15,-3.35
875,-48,-0.17,0.03,-1.06,-1.55,-7.85,-0.21
876,-48,-0.16,0.03,-1.06,-1.93,-7.85,2.20
877,-48,-0.15,0.04,-1.08,-1.92,-7.48,4.47
878,-49,-0.16,0.03,-1.10,-1.22,-3.44,0.72
879,-50,-0.15,0.04,-1.11,-0.09,-4.84,3.89
880,-49,-0.15,0.04,-1.09,-0.34,-5.48,6.02
881,-50,-0.15,0.04,-1.09,-0.24,-6.09,8.55
882,-50,-0.15,0.05,-1.10,1.25,-6.76,10.35
883,-50,-0.15,0.05,-1.09,3.44,-7.66,10.79
884,-52,-0.15,0.06,-1.09,6.71,-6.61,8.35
885,-57,-0.16,0.06,-1.08,7.48,-5.98,3.22
886,-58,-0.14,0.06,-1.10,6.87,-6.28,3.47
887,-57,-0.15,0.06,-1.10,7.45,-6.96,4.96
888,-56,-0.16,0.05,-1.10,6.64,-7.66,7.63
889,-56,-0.15,0.05,-1.09,5.17,-7.77,11.00
890,-57,-0.15,0.07,-1.08,4.62,-7.38,10.79
891,-60,-0.16,0.07,-1.09,3.21,-6.85,7.09
892,-64,-0.15,0.07,-1.09,3.92,-5.54,4.82
893,-63,-0.15,0.06,-1.10,4.05,-6.40,4.21
894,-54,-0.15,0.05,-1.09,3.49,-6.88,1.59
895,-53,-0.16,0.04,-1.09,3.00,-7.21,1.77
896,-53,-0.15,0.05,-1.08,1.36,-6.95,1.65
897,-54,-0.15,0.04,-1.06,-0.02,-6.86,-2.33
898,-54,-0.16,0.03,-1.06,-2.05,-6.96,-4.04
899,-54,-0.16,0.03,-1.06,-2.84,-7.31,0.64
900,-55,-0.15,0.04,-1.08,-2.03,-6.34,5.81
901,-56,-0.12,0.05,-1.09,-2.94,-5.15,6.18
902,-57,-0.12,0.06,-1.09,-3.02,-3.63,-0.15
903,-61,-0.14,0.05,-1.08,-1.40,-0.66,-12.21
904,-61,-0.15,0.03,-1.08,0.98,-0.92,-10.61
905,-61,-0.16,0.04,-1.08,5.47,-2.63,3.30
906,-60,-0.15,0.04,-1.07,7.02,-3.49,6.95
907,-61,-0.16,0.06,-1.07,7.59,-5.18,4.00
908,-62,-0.16,0.06,-1.09,9.99,-6.50,3.94
909,-62,-0.16,0.07,-1.12,10.73,-6.27,6.03
910,-61,-0.16,0.08,-1.13,10.96,-6.16,5.73
911,-60,-0.14,0.07,-1.12,1.35,-5.79,-2.94
912,-58,-0.14,0.06,-1.10,-3.87,-7.05,-7.89
913,-56,-0.15,0.05,-1.10,-7.68,-8.50,-7.70
914,-55,-0.16,0.04,-1.08,-7.08,-9.84,-1.37
915,-54,-0.15,0.05,-1.07,-3.52,-9.40,10.38
916,-54,-0.13,0.06,-1.06,-1.55,-7.59,8.65
917,-55,-0.13,0.07,-1.07,0.18,-5.86,2.84
918,-55,-0.14,0.06,-1.08,1.42,-4.78,-1.71
919,-56,-0.16,0.05,-1.09,3.71,-4.37,-3.13
920,-56,-0.17,0.04,-1.08,4.53,-4.79,-1.24
921,-56,-0.18,0.05,-1.08,4.18,-6.04,1.11
922,-56,-0.17,0.05,-1.09,4.14,-6.54,1.90
923,-57,-0.17,0.04,-1.09,3.46,-7.36,2.59
924,-57,-0.17,0.05,-1.09,4.22,-7.80,3.66
925,-57,-0.16,0.05,-1.08,4.98,-7.99,4.65
926,-55,-0.15,0.06,-1.07,8.05,-3.92,-3.60
927,-53,-0.16,0.05,-1.09,6.73,-3.44,1.97
928,-53,-0.15,0.06,-1.08,4.84,-3.56,3.40
929,-52,-0.15,0.07,-1.09,4.19,-4.08,0.89
930,-52,-0.16,0.06,-1.10,4.14,-4.61,-0.79
931,-52,-0.16,0.07,-1.07,3.36,-5.50,2.68
932,-52,-0.16,0.07,-1.08,4.50,-5.89,-2.22
933,-51,-0.16,0.06,-1.08,2.47,-7.04,-4.22
934,-51,-0.18,0.04,-1.07,-0.15,-8.20,0.93
935,-52,-0.16,0.05,-1.08,-1.83,-7.52,6.35
936,-52,-0.14,0.06,-1.08,-3.25,-6.15,4.39
937,-53,-0.13,0.06,-1.08,-5.34,-4.75,-0.24
938,-54,-0.15,0.05,-1.07,-5.31,-3.43,-2.63
939,-54,-0.16,0.05,-1.08,-4.30,-2.87,-5.16
940,-54,-0.16,0.04,-1.08,-3.57,-4.77,-1.82
941,-54,-0.16,0.04,-1.11,-1.89,-6.08,0.11
942,-50,-0.15,0.06,-1.09,5.73,-8.38,-3.23
943,-49,-0.16,0.06,-1.10,7.37,-8.40,-4.18
944,-49,-0.15,0.06,-1.07,8.56,-8.37,-4.18
945,-49,-0.17,0.06,-1.08,8.71,-8.92,-2.57
946,-49,-0.16,0.06,-1.07,8.20,-9.31,0.61
947,-48,-0.16,0.06,-1.08,8.24,-9.46,4.18
948,-48,-0.17,0.07,-1.09,6.95,-8.50,6.63
949,-48,-0.15,0.08,-1.08,3.42,-5.18,1.79
950,-48,-0.15,0.08,-1.06,1.17,-4.01,-1.76
951,-48,-0.17,0.07,-1.07,0.04,-3.54,-2.13
952,-48,-0.16,0.07,-1.08,1.18,-3.08,-0.16
953,-48,-0.18,0.06,-1.08,1.78,-3.74,1.03
954,-48,-0.17,0.07,-1.09,0.56,-4.54,1.15
955,-48,-0.17,0.06,-1.09,0.10,-4.92,-0.26
956,-48,-0.18,0.06,-1.12,-0.49,-5.94,-1.11
957,-47,-0.18,0.06,-1.11,-0.61,-6.94,-2.54
958,-47,-0.18,0.06,-1.10,0.24,-7.37,-5.32
959,-47,-0.17,0.05,-1.09,1.95,-9.34,-7.23
960,-48,-0.18,0.03,-1.08,2.77,-11.65,3.48
961,-47,-0.16,0.05,-1.08,3.10,-10.48,6.05
962,-48,-0.16,0.04,-1.07,4.94,-4.29,-7.49
963,-48,-0.17,0.04,-1.08,4.76,-3.04,-5.01
964,-49,-0.16,0.04,-1.07,4.46,-2.94,-2.85
965,-50,-0.16,0.04,-1.08,3.38,-2.13,-0.54
966,-52,-0.16,0.05,-1.07,1.68,-0.94,0.36
967,-56,-0.19,0.03,-1.08,2.45,-3.63,6.62
968,-60,-0.19,0.04,-1.08,1.59,-7.33,3.56
969,-60,-0.19,0.04,-1.09,1.44,-8.21,5.51
970,-59,-0.17,0.04,-1.08,0.85,-8.45,8.51
971,-57,-0.16,0.05,-1.07,0.29,-8.68,8.18
972,-55,-0.15,0.06,-1.08,0.80,-7.30,6.71
973,-53,-0.15,0.06,-1.08,4.39,-3.43,-2.66
974,-53,-0.15,0.06,-1.08,4.60,-2.41,-3.73
975,-52,-0.15,0.06,-1.09,6.14,-1.80,-4.43
976,-52,-0.17,0.06,-1.09,5.45,-1.78,-6.34
977,-52,-0.16,0.06,-1.10,4.36,-1.51,-7.98
978,-51,-0.18,0.04,-1.09,3.34,-2.34,-7.23
979,-51,-0.18,0.06,-1.08,4.21,-1.99,-8.55
980,-50,-0.18,0.02,-1.08,5.29,-3.51,-13.52
981,-49,-0.17,0.04,-1.07,5.53,-4.08,-11.53
982,-48,-0.17,0.04,-1.09,5.37,-4.73,-10.54
983,-47,-0.16,0.03,-1.08,4.25,-6.24,-9.93
984,-46,-0.16,0.03,-1.08,4.35,-6.74,-6.70
985,-46,-0.16,0.04,-1.09,4.53,-6.18,-6.21
986,-46,-0.17,0.05,-1.07,5.11,-7.32,-12.64
987,-46,-0.16,0.02,-1.07,3.18,-8.89,-14.71
988,-46,-0.18,-0.00,-1.09,0.30,-12.95,-5.12
989,-47,-0.19,-0.01,-1.10,-4.08,-13.69,9.69
990,-47,-0.13,0.05,-1.08,-9.83,-9.61,9.64
991,-47,-0.16,0.01,-1.05,-11.31,-7.99,-8.69
992,-47,-0.18,0.00,-1.05,-9.41,-6.92,-2.60
993,-47,-0.18,0.00,-1.08,-4.79,-5.68,6.84
994,-47,-0.18,-0.01,-1.11,-2.54,-5.66,14.40
995,-47,-0.17,0.01,-1.09,-2.63,-4.98,19.02
996,-46,-0.17,0.03,-1.07,1.10,-3.92,17.44
997,-46,-0.16,0.06,-1.05,11.66,-3.44,10.70
998,-47,-0.15,0.05,-1.05,15.68,-3.63,6.08
999,-47,-0.15,0.04,-1.08,18.46,-3.71,4.85
1000,-47,-0.17,0.03,-1.10,19.08,-3.41,8.39
1001,-47,-0.14,0.05,-1.11,11.71,-0.93,12.58
1002,-47,-0.13,0.06,-1.10,9.35,-1.00,6.72
1003,-48,-0.19,0.03,-1.09,3.39,-2.33,5.88
1004,-48,-0.15,0.06,-1.08,4.95,-4.18,10.10
1005,-48,-0.17,0.05,-1.09,1.99,-4.15,9.85
1006,-48,-0.16,0.06,-1.09,-0.52,-4.83,8.85
1007,-50,-0.18,0.06,-1.08,0.03,-4.55,6.70
1008,-51,-0.15,0.09,-1.08,0.75,-4.26,-6.26
1009,-52,-0.17,0.07,-1.10,-0.80,-4.73,-23.31
1010,-53,-0.19,0.02,-1.09,-3.11,-8.53,-25.11
1011,-55,-0.21,0.01,-1.09,-3.20,-11.01,-13.95
1012,-58,-0.21,0.02,-1.08,-4.03,-12.63,-1.24
1013,-63,-0.18,0.03,-1.06,-2.39,-13.96,6.25
1014,-66,-0.15,0.04,-1.06,-0.54,-13.75,8.47
1015,-52,-0.15,0.06,-1.08,2.25,-6.73,7.14
1016,-51,-0.16,0.05,-1.08,2.41,-6.01,5.05
1017,-50,-0.18,0.03,-1.08,2.47,-5.67,7.74
1018,-50,-0.17,0.05,-1.08,2.23,-5.82,10.71
1019,-49,-0.17,0.05,-1.09,3.89,-6.62,10.00
1020,-49,-0.17,0.05,-1.09,3.34,-6.96,9.87
1021,-48,-0.16,0.05,-1.09,4.15,-6.82,10.64
1022,-48,-0.17,0.06,-1.10,5.45,-7.18,9.82
1023,-47,-0.16,0.05,-1.09,5.15,-7.48,10.28
1024,-47,-0.16,0.06,-1.08,6.27,-7.46,10.69
1025,-47,-0.15,0.06,-1.09,6.55,-7.24,9.44
1026,-47,-0.15,0.06,-1.09,7.02,-6.78,8.15
1027,-46,-0.15,0.06,-1.09,7.21,-5.89,7.35
1028,-46,-0.14,0.07,-1.08,6.75,-0.91,1.03
1029,-47,-0.14,0.06,-1.07,6.98,0.06,-2.66
1030,-48,-0.15,0.06,-1.07,6.89,1.30,-3.70
1031,-48,-0.16,0.06,-1.07,8.07,1.79,-3.23
1032,-48,-0.15,0.05,-1.09,7.31,1.26,0.34
1033,-47,-0.17,0.04,-1.11,4.05,0.66,5.78
1034,-48,-0.17,0.06,-1.09,-1.16,0.36,6.78
1035,-48,-0.12,0.07,-1.10,1.71,-1.11,-1.87
1036,-49,-0.16,0.05,-1.10,-3.84,-2.12,-7.92
1037,-49,-0.17,0.04,-1.08,-3.80,-2.15,-3.53
1038,-48,-0.16,0.04,-1.09,-0.24,-4.44,-6.22
1039,-48,-0.18,0.03,-1.09,0.70,-6.15,-5.69
1040,-48,-0.15,0.04,-1.09,4.11,-8.11,6.42
1041,-48,-0.13,0.05,-1.09,4.11,-8.68,6.26
1042,-48,-0.12,0.05,-1.08,4.76,-6.95,10.73
1043,-48,-0.12,0.06,-1.09,4.92,-5.92,10.08
1044,-48,-0.12,0.06,-1.08,4.88,-4.79,7.34
1045,-49,-0.12,0.07,-1.09,4.55,-2.82,2.55
1046,-49,-0.13,0.07,-1.08,5.06,-2.31,-1.99
1047,-48,-0.14,0.05,-1.09,4.96,-2.52,-2.38
1048,-49,-0.14,0.05,-1.08,-0.89,-6.42,4.01
1049,-49,-0.14,0.05,-1.09,-2.57,-6.95,5.35
1050,-49,-0.13,0.05,-1.09,-2.60,-6.52,6.52
1051,-49,-0.11,0.07,-1.08,-0.76,-3.50,1.92
1052,-49,-0.11,0.07,-1.09,0.69,-1.55,-4.22
1053,-49,-0.13,0.06,-1.10,1.58,-1.50,-7.25
1054,-49,-0.14,0.06,-1.10,-0.30,-1.43,-6.89
1055,-49,-0.13,0.04,-1.11,-2.08,-2.61,-3.82
1056,-49,-0.14,0.04,-1.10,-2.40,-4.77,5.60
1057,-49,-0.13,0.06,-1.08,-1.02,-4.41,6.64
1058,-49,-0.11,0.07,-1.08,1.56,-3.04,1.73
1059,-50,-0.12,0.07,-1.07,4.41,-2.67,-4.95
1060,-50,-0.13,0.06,-1.08,7.02,-3.10,-7.17
1061,-50,-0.14,0.04,-1.09,7.29,-4.16,-2.68
1062,-50,-0.12,0.05,-1.12,4.36,-6.82,4.22
1063,-51,-0.11,0.06,-1.11,1.30,-8.01,3.72
1064,-51,-0.14,0.07,-1.09,-0.05,-9.63,7.49
1065,-51,-0.11,0.06,-1.08,-0.37,-6.65,4.31
1066,-51,-0.08,0.07,-1.09,-0.08,-6.89,0.31
1067,-51,-0.12,0.05,-1.10,-0.24,-6.87,-0.79
1068,-51,-0.13,0.06,-1.09,-1.37,-7.68,3.42
1069,-52,-0.12,0.06,-1.09,0.58,-8.42,8.23
1070,-54,-0.12,0.06,-1.09,2.84,-6.89,9.35
1071,-54,-0.11,0.08,-1.08,3.42,-5.28,6.98
1072,-54,-0.12,0.09,-1.07,5.13,-3.64,-0.45
1073,-54,-0.12,0.08,-1.08,6.38,-2.53,-6.51
1074,-55,-0.13,0.07,-1.10,7.54,-3.59,-2.98
1075,-54,-0.12,0.08,-1.10,5.50,-5.53,-0.37
1076,-53,-0.13,0.07,-1.09,3.24,-6.34,-0.51
1077,-52,-0.13,0.07,-1.09,2.06,-5.79,0.03
1078,-52,-0.12,0.07,-1.09,0.44,-5.85,-4.40
1079,-52,-0.12,0.07,-1.10,-0.09,-5.64,-4.40
1080,-52,-0.13,0.06,-1.08,-1.89,-7.82,3.11
1081,-52,-0.13,0.07,-1.11,-0.28,-8.98,5.10
1082,-52,-0.13,0.07,-1.09,-2.06,-9.54,5.57
1083,-52,-0.12,0.07,-1.09,-4.28,-8.64,4.98
1084,-53,-0.12,0.08,-1.09,-3.00,-8.88,1.47
1085,-53,-0.12,0.06,-1.09,-3.92,-8.34,-0.47
1086,-53,-0.13,0.06,-1.09,-2.87,-8.21,0.73
1087,-52,-0.14,0.07,-1.09,2.77,-8.48,4.49
1088,-51,-0.14,0.08,-1.09,5.75,-7.80,3.27
1089,-50,-0.13,0.08,-1.11,9.63,-4.63,2.42
1090,-50,-0.13,0.09,-1.09,10.74,-2.61,-5.11
1091,-49,-0.13,0.08,-1.08,8.27,-1.34,-14.31
1092,-49,-0.17,0.05,-1.08,8.27,-4.60,-10.48
1093,-48,-0.17,0.05,-1.09,7.63,-5.82,-1.11
1094,-48,-0.15,0.05,-1.09,7.84,-7.31,6.73
1095,-48,-0.14,0.07,-1.08,7.64,-7.53,8.05
1096,-47,-0.13,0.09,-1.08,5.41,-6.76,3.18
1097,-47,-0.14,0.06,-1.08,3.30,-5.07,-5.18
1098,-47,-0.14,0.06,-1.09,2.59,-5.31,0.55
1099,-48,-0.14,0.06,-1.09,0.96,-5.39,0.37
1100,-48,-0.13,0.06,-1.08,-0.26,-5.94,-0.31
1101,-47,-0.13,0.06,-1.09,-0.95,-5.63,0.42
1102,-47,-0.13,0.05,-1.08,-1.42,-6.08,0.73
1103,-47,-0.13,0.06,-1.08,-1.70,-5.21,1.21
1104,-46,-0.13,0.06,-1.09,-1.17,-5.57,1.02
1105,-47,-0.13,0.06,-1.08,-0.21,-5.20,1.40
1106,-47,-0.14,0.06,-1.08,0.76,-5.67,2.38
1107,-47,-0.14,0.05,-1.09,1.03,-5.95,5.33
1108,-47,-0.13,0.07,-1.10,3.04,-6.03,6.11
1109,-47,-0.13,0.07,-1.08,2.73,-5.56,3.60
1110,-47,-0.14,0.06,-1.10,3.11,-5.21,2.56
1111,-47,-0.15,0.07,-1.11,3.58,-5.09,2.77
1112,-47,-0.14,0.07,-1.09,3.71,-5.27,-1.08
1113,-46,-0.15,0.07,-1.10,3.98,-5.77,-2.63
1114,-46,-0.15,0.05,-1.09,3.87,-7.70,0.79
1115,-46,-0.14,0.06,-1.08,3.95,-7.94,1.79
1116,-46,-0.08,0.08,-1.09,4.92,-7.85,-2.73
1117,-46,-0.17,0.04,-1.07,7.56,-6.95,-9.00
1118,-46,-0.16,0.05,-1.09,5.12,-7.48,6.46
1119,-47,-0.14,0.07,-1.07,2.63,-6.82,4.69
1120,-47,-0.13,0.07,-1.09,5.27,-6.10,0.76
1121,-47,-0.15,0.06,-1.08,1.74,-5.76,-0.03
1122,-47,-0.13,0.07,-1.08,1.89,-5.17,1.01
1123,-48,-0.13,0.07,-1.08,2.86,-5.58,0.11
1124,-48,-0.13,0.06,-1.08,1.53,-5.23,0.00
1125,-49,-0.13,0.07,-1.08,1.89,-5.08,2.66
1126,-48,-0.13,0.07,-1.09,0.97,-5.54,-0.53
1127,-48,-0.13,0.07,-1.09,-0.74,-4.28,4.86
1128,-48,-0.13,0.07,-1.09,-0.20,-3.11,2.59
1129,-48,-0.13,0.07,-1.09,0.54,-1.57,-2.03
1130,-47,-0.15,0.06,-1.08,4.78,-1.52,-1.30
1131,-47,-0.16,0.05,-1.10,3.72,-2.76,-0.20
1132,-47,-0.15,0.06,-1.11,2.40,-5.81,1.85
1133,-47,-0.14,0.05,-1.10,0.82,-6.33,2.64
1134,-47,-0.14,0.06,-1.09,0.35,-6.87,2.77
1135,-47,-0.13,0.07,-1.10,1.51,-7.36,2.43
1136,-47,-0.13,0.05,-1.09,1.33,-8.11,3.52
1137,-47,-0.13,0.06,-1.09,1.37,-7.85,5.35
1138,-47,-0.13,0.05,-1.08,2.16,-8.00,7.73
1139,-47,-0.13,0.06,-1.09,3.56,-8.04,7.94
1140,-47,-0.13,0.07,-1.08,5.01,-7.76,4.90
1141,-47,-0.15,0.07,-1.09,5.14,-7.48,3.74
1142,-47,-0.15,0.07,-1.09,5.64,-7.18,4.92
1143,-46,-0.15,0.08,-1.09,3.79,-9.05,2.40
1144,-46,-0.15,0.07,-1.10,2.55,-9.39,2.14
1145,-47,-0.14,0.07,-1.08,2.60,-9.72,3.89
1146,-47,-0.13,0.07,-1.08,0.96,-7.72,1.49
1147,-47,-0.14,0.07,-1.09,2.05,-8.14,1.21
1148,-48,-0.16,0.07,-1.09,0.96,-6.88,1.60
1149,-47,-0.15,0.07,-1.08,1.11,-6.08,0.03
1150,-48,-0.16,0.07,-1.07,2.36,-6.11,-2.11
1151,-47,-0.16,0.06,-1.07,2.90,-5.87,-2.00
1152,-47,-0.17,0.07,-1.07,3.60,-5.94,-1.71
1153,-47,-0.16,0.06,-1.07,4.14,-5.00,-3.64
1154,-47,-0.15,0.06,-1.08,4.72,-5.26,-5.50
1155,-48,-0.15,0.06,-1.08,2.44,-4.37,-0.63
1156,-48,-0.17,0.06,-1.09,2.15,-4.08,1.18
1157,-48,-0.16,0.07,-1.08,3.08,-5.20,0.65
1158,-48,-0.16,0.07,-1.08,3.35,-5.32,-1.34
1159,-49,-0.16,0.07,-1.09,2.02,-5.44,-2.85
1160,-49,-0.15,0.08,-1.08,3.02,-5.16,-2.53
1161,-49,-0.14,0.07,-1.08,2.67,-4.82,-2.65
1162,-49,-0.13,0.08,-1.08,2.41,-4.55,-3.82
1163,-48,-0.13,0.07,-1.10,1.73,-3.76,-3.16
1164,-48,-0.13,0.07,-1.09,-1.60,-3.56,-0.66
1165,-48,-0.13,0.07,-1.08,-1.76,-3.71,-1.24
1166,-48,-0.14,0.06,-1.09,-1.91,-3.56,0.02
1167,-48,-0.12,0.06,-1.08,-0.98,-2.98,0.90
1168,-48,-0.13,0.07,-1.09,-0.59,-1.87,0.16
1169,-48,-0.13,0.07,-1.08,0.05,-1.51,-1.91
1170,-49,-0.14,0.08,-1.10,3.27,-2.47,-0.50
1171,-50,-0.14,0.07,-1.09,3.57,-5.55,2.05
1172,-50,-0.14,0.08,-1.10,4.27,-6.16,1.59
1173,-49,-0.14,0.08,-1.09,4.86,-7.21,0.54
1174,-49,-0.13,0.07,-1.11,4.05,-7.46,0.54
1175,-49,-0.14,0.08,-1.10,3.18,-8.42,0.23
1176,-49,-0.13,0.08,-1.09,2.22,-8.51,0.29
1177,-49,-0.13,0.07,-1.08,1.93,-8.49,1.10
1178,-49,-0.13,0.08,-1.08,3.11,-8.28,0.89
1179,-49,-0.12,0.06,-1.08,2.40,-7.87,1.58
1180,-49,-0.13,0.08,-1.08,2.88,-6.68,2.31
1181,-49,-0.13,0.08,-1.08,2.98,-6.65,0.59
1182,-48,-0.14,0.08,-1.09,2.75,-6.14,-1.91
1183,-48,-0.13,0.08,-1.09,3.13,-5.67,-2.19
1184,-47,-0.13,0.06,-1.08,2.91,-5.34,-2.08
1185,-47,-0.13,0.08,-1.09,2.16,-4.23,-0.59
1186,-47,-0.13,0.07,-1.08,2.85,-4.44,-0.60
1187,-47,-0.13,0.08,-1.10,4.05,-4.98,-0.94
1188,-47,-0.12,0.08,-1.09,4.98,-4.81,-2.68
1189,-46,-0.12,0.07,-1.09,4.02,-5.15,-1.47
1190,-46,-0.12,0.07,-1.10,4.31,-5.15,-1.34
1191,-47,-0.11,0.07,-1.09,5.08,-4.90,0.44
1192,-47,-0.11,0.07,-1.10,5.38,-4.79,1.17
1193,-49,-0.13,0.07,-1.09,3.78,-5.37,0.35
1194,-51,-0.13,0.07,-1.09,4.35,-6.57,0.40
1195,-52,-0.15,0.06,-1.09,2.05,-6.08,-4.73
1196,-52,-0.15,0.05,-1.09,2.26,-7.49,-4.80
1197,-54,-0.15,0.05,-1.08,2.82,-7.31,-2.90
1198,-55,-0.14,0.04,-1.08,2.37,-8.44,3.84
1199,-55,-0.14,0.06,-1.08,2.33,-8.46,2.91
1200,-54,-0.13,0.05,-1.08,2.18,-7.98,-0.05
1201,-52,-0.13,0.04,-1.10,2.56,-7.12,-0.59
1202,-52,-0.15,0.05,-1.10,1.50,-6.77,0.02
1203,-52,-0.14,0.06,-1.10,2.09,-5.82,-2.21
1204,-52,-0.13,0.05,-1.08,2.93,-6.05,-5.37
1205,-52,-0.17,0.04,-1.09,1.76,-5.67,-6.16
1206,-52,-0.17,0.03,-1.08,1.51,-7.66,-3.70
1207,-52,-0.15,0.03,-1.08,2.82,-6.24,-8.38
1208,-52,-0.16,0.03,-1.10,1.18,-6.36,-9.79
1209,-52,-0.17,0.03,-1.08,0.37,-6.02,-8.18
1210,-51,-0.15,0.04,-1.08,1.24,-5.51,-6.06
1211,-50,-0.16,0.03,-1.07,0.97,-5.53,-3.66
1212,-50,-0.13,0.06,-1.12,2.82,-0.29,-1.25
1213,-49,-0.20,-0.01,-1.06,0.05,-8.76,-1.55
1214,-48,-0.15,0.03,-1.08,-0.02,-7.88,12.09
1215,-48,-0.11,0.04,-1.09,0.44,-7.54,6.11
1216,-49,-0.13,0.04,-1.14,-2.73,-4.69,1.10
1217,-50,-0.15,0.06,-1.13,-2.51,-2.05,-12.95
1218,-50,-0.17,0.05,-1.12,-1.45,-3.31,-19.87
1219,-51,-0.18,0.03,-1.09,-0.95,-6.71,-17.79
1220,-52,-0.17,0.03,-1.07,-0.79,-9.00,-8.94
1221,-53,-0.17,0.04,-1.06,-1.37,-10.63,-2.86
1222,-56,-0.16,0.05,-1.05,4.31,-13.72,0.41
1223,-56,-0.16,0.04,-1.04,5.25,-13.66,0.83
1224,-55,-0.16,0.06,-1.07,7.79,-13.45,-3.24
1225,-54,-0.17,0.06,-1.11,10.82,-14.65,-9.32
1226,-52,-0.18,0.03,-1.11,10.57,-17.18,-10.09
1227,-51,-0.20,0.01,-1.11,7.75,-18.30,-0.85
1228,-51,-0.21,0.03,-1.09,5.90,-18.98,6.68
1229,-51,-0.18,0.04,-1.09,3.34,-18.96,6.49
1230,-50,-0.17,0.04,-1.06,1.55,-18.54,4.68
1231,-49,-0.20,0.03,-1.05,4.28,-8.38,6.96
1232,-49,-0.21,0.05,-1.06,4.51,-7.16,3.85
1233,-50,-0.22,0.04,-1.07,4.86,-5.90,2.13
1234,-50,-0.23,0.04,-1.07,5.08,-5.18,0.38
1235,-50,-0.23,0.03,-1.06,3.76,-5.08,0.54
1236,-50,-0.23,0.03,-1.06,2.55,-5.82,1.79
1237,-50,-0.24,0.03,-1.07,3.18,-6.82,5.57
1238,-52,-0.24,0.02,-1.07,1.88,-6.95,10.41
1239,-52,-0.23,0.04,-1.07,0.98,-6.41,10.84
1240,-53,-0.23,0.03,-1.08,0.28,-3.35,-11.32
1241,-51,-0.23,0.04,-1.08,2.60,-3.92,-17.07
1242,-50,-0.23,0.04,-1.08,3.89,-2.10,-20.78
1243,-50,-0.23,0.02,-1.09,4.43,-0.85,-24.37
1244,-49,-0.24,0.03,-1.07,3.89,2.38,-33.00
1245,-48,-0.23,-0.00,-1.09,5.73,2.71,-28.11
1246,-48,-0.23,0.00,-1.14,11.66,3.16,-26.28
1247,-49,-0.24,-0.01,-1.11,8.87,2.93,-31.92
1248,-48,-0.21,-0.01,-1.07,2.50,4.60,-35.00
1249,-48,-0.22,-0.02,-1.05,8.08,0.08,-32.63
1250,-47,-0.23,-0.05,-1.03,14.34,-3.07,-24.73
1251,-47,-0.24,-0.06,-1.02,17.62,-3.45,-16.58
1252,-47,-0.19,-0.07,-1.06,19.75,-6.01,-6.49
1253,-51,-0.15,-0.04,-1.12,5.75,-10.28,0.88
1254,-52,-0.17,-0.04,-1.10,-6.18,-12.56,-5.18
1255,-52,-0.20,-0.04,-1.05,-3.09,-12.92,11.19
1256,-52,-0.18,-0.03,-1.07,-7.40,-10.84,13.32
1257,-54,-0.19,-0.02,-1.02,-7.30,-11.45,12.20
1258,-55,-0.22,-0.04,-1.04,-9.84,-9.76,8.06
1259,-55,-0.20,-0.03,-1.05,-11.71,-10.94,4.37
1260,-55,-0.23,-0.02,-1.06,-7.48,-10.60,3.08
1261,-55,-0.23,-0.03,-1.05,-1.31,-11.88,7.34
1262,-54,-0.23,-0.04,-1.04,-1.90,-8.63,12.14
1263,-54,-0.23,-0.02,-1.05,-2.16,-6.21,11.50
1264,-52,-0.22,0.00,-1.05,-0.14,-6.82,5.21
1265,-52,-0.22,-0.02,-1.05,1.74,-5.39,1.44
1266,-50,-0.24,-0.02,-1.08,5.90,-6.47,6.68
1267,-50,-0.23,-0.02,-1.07,6.26,-6.15,9.01
1268,-51,-0.21,-0.01,-1.08,4.85,-5.31,5.92
1269,-51,-0.21,0.00,-1.06,4.01,-5.59,-0.51
1270,-51,-0.23,-0.01,-1.06,3.31,-6.44,-4.13
1271,-51,-0.23,-0.02,-1.08,2.55,-6.30,-0.53
1272,-51,-0.23,-0.00,-1.08,3.22,-6.28,2.24
1273,-50,-0.23,-0.00,-1.07,3.76,-7.45,1.13
1274,-50,-0.23,-0.00,-1.08,2.98,-6.18,-0.85
1275,-50,-0.23,-0.01,-1.08,1.15,-6.74,-2.11
1276,-50,-0.24,-0.01,-1.07,0.38,-6.77,-2.21
1277,-50,-0.23,-0.01,-1.07,-0.10,-5.79,-1.82
1278,-50,-0.23,-0.01,-1.08,-0.66,-6.19,-2.63
1279,-50,-0.23,-0.01,-1.07,-2.09,-5.39,-4.86
1280,-50,-0.23,-0.02,-1.06,-2.79,-7.15,-1.40
1281,-49,-0.23,-0.01,-1.06,-1.40,-6.85,0.31
1282,-49,-0.23,-0.02,-1.06,-0.80,-6.05,-0.20
1283,-48,-0.22,-0.02,-1.06,0.11,-5.89,-0.72
1284,-48,-0.22,-0.01,-1.07,1.60,-4.65,-1.67
1285,-47,-0.23,-0.02,-1.06,2.36,-4.45,-2.81
1286,-47,-0.23,-0.02,-1.05,2.63,-4.11,-0.89
1287,-47,-0.22,-0.01,-1.06,3.94,-4.13,2.02
1288,-46,-0.21,-0.01,-1.07,4.02,-4.11,6.43
1289,-46,-0.22,-0.01,-1.08,3.40,-3.90,8.20
1290,-46,-0.20,0.01,-1.07,1.96,-1.25,7.04
1291,-46,-0.20,0.02,-1.07,2.37,0.37,0.37
1292,-46,-0.20,0.01,-1.07,2.18,1.20,-6.60
1293,-46,-0.23,-0.00,-1.07,2.43,0.65,-6.79
1294,-46,-0.24,-0.01,-1.08,3.72,-0.67,-1.60
1295,-46,-0.23,-0.01,-1.09,2.73,-2.09,3.18
1296,-46,-0.22,0.01,-1.09,1.60,-4.03,4.14
1297,-46,-0.22,0.00,-1.09,1.00,-4.66,1.76
1298,-46,-0.22,0.00,-1.08,0.49,-5.44,-1.25
1299,-47,-0.23,0.00,-1.07,2.18,-9.89,-0.68
1300,-47,-0.23,0.01,-1.07,2.10,-9.27,-0.80
1301,-48,-0.23,0.01,-1.07,3.37,-9.85,-0.86
1302,-48,-0.23,-0.01,-1.07,2.63,-9.69,0.85
1303,-48,-0.22,0.01,-1.05,2.53,-9.15,0.73
1304,-49,-0.22,0.01,-1.06,3.15,-7.64,-3.02
1305,-48,-0.23,0.01,-1.05,4.40,-7.11,-4.23
1306,-48,-0.23,0.00,-1.07,5.43,-6.74,-2.08
1307,-48,-0.22,0.01,-1.05,5.07,-5.50,-1.20
1308,-49,-0.22,0.00,-1.07,3.44,-5.61,-2.06
1309,-48,-0.22,0.00,-1.08,3.07,-5.26,-1.51
1310,-48,-0.22,-0.00,-1.08,0.98,-4.69,-1.31
1311,-48,-0.22,0.00,-1.07,-0.70,-4.98,-1.85
1312,-48,-0.22,-0.01,-1.06,-1.69,-4.68,-1.66
1313,-47,-0.23,-0.00,-1.06,-3.08,-3.84,-2.71
1314,-47,-0.22,-0.00,-1.06,-3.15,-3.30,-3.08
1315,-46,-0.22,-0.01,-1.06,-2.12,-3.76,-2.60
1316,-46,-0.22,-0.01,-1.07,-1.36,-3.37,-0.97
1317,-45,-0.22,-0.01,-1.08,-1.89,-4.28,-0.98
1318,-45,-0.23,-0.01,-1.07,-1.50,-6.60,0.60
1319,-45,-0.22,-0.02,-1.08,-1.22,-7.14,3.27
1320,-45,-0.22,-0.01,-1.07,0.76,-7.60,4.06
1321,-45,-0.22,-0.01,-1.08,1.45,-7.73,3.76
1322,-46,-0.22,-0.01,-1.09,3.95,-6.27,5.69
1323,-46,-0.20,0.02,-1.08,5.92,-1.86,-2.59
1324,-46,-0.21,0.00,-1.09,6.75,-4.73,-7.50
1325,-46,-0.24,-0.05,-1.07,3.30,-8.56,-2.69
1326,-46,-0.26,-0.03,-1.05,3.56,-9.57,10.37
1327,-47,-0.23,-0.01,-1.06,2.88,-10.65,15.47
1328,-48,-0.21,-0.00,-1.04,2.85,-11.57,11.91
1329,-48,-0.22,0.01,-1.05,7.36,-10.97,8.02
1330,-49,-0.24,-0.01,-1.06,8.53,-9.98,10.25
1331,-50,-0.23,0.00,-1.07,7.21,-8.64,13.11
1332,-50,-0.21,0.02,-1.05,7.05,-7.31,10.66
1333,-50,-0.21,0.03,-1.04,9.29,1.84,1.16
1334,-49,-0.22,0.03,-1.07,10.14,2.11,-5.34
1335,-49,-0.27,-0.04,-1.06,7.11,-1.44,11.29
1336,-48,-0.25,0.00,-1.05,8.98,-1.95,24.60
1337,-48,-0.22,0.03,-1.07,10.56,-1.95,21.75
1338,-47,-0.22,0.01,-1.10,7.23,-3.40,14.40
1339,-47,-0.24,0.00,-1.09,4.31,-4.63,11.90
1340,-47,-0.23,0.01,-1.09,1.34,-5.55,9.64
1341,-47,-0.21,0.00,-1.10,-3.59,-6.40,5.43
1342,-48,-0.22,0.01,-1.09,-5.75,-7.65,1.57
1343,-47,-0.22,0.00,-1.07,-7.32,-8.44,1.42
1344,-47,-0.21,0.01,-1.07,-4.23,-8.58,1.69
1345,-47,-0.21,0.02,-1.06,-2.66,-7.82,1.40
1346,-47,-0.20,0.02,-1.08,-1.84,-6.33,-0.19
1347,-47,-0.20,0.02,-1.07,-1.50,-5.08,-2.34
1348,-47,-0.20,0.02,-1.07,-0.34,-4.24,-4.19
1349,-47,-0.21,0.01,-1.07,0.90,-3.34,-5.70
1350,-47,-0.21,0.01,-1.08,2.63,-3.39,-4.06
1351,-47,-0.21,0.01,-1.08,3.60,-3.31,-1.93
1352,-47,-0.21,0.02,-1.07,4.69,-3.25,-1.53
1353,-47,-0.21,0.02,-1.09,6.21,-3.32,-2.12
1354,-48,-0.21,0.01,-1.07,6.05,-4.39,-0.01
1355,-47,-0.21,0.02,-1.08,5.68,-4.43,-0.93
1356,-48,-0.22,0.02,-1.08,5.54,-4.67,-2.54
1357,-48,-0.23,0.01,-1.08,4.79,-5.79,-1.82
1358,-50,-0.24,0.00,-1.09,2.58,-7.17,3.23
1359,-52,-0.23,0.03,-1.09,-3.05,-11.22,7.53
1360,-53,-0.23,0.04,-1.07,-1.82,-13.50,6.97
1361,-55,-0.23,0.04,-1.06,-1.02,-13.27,5.05
1362,-51,-0.22,0.04,-1.05,-0.45,-12.50,2.56
1363,-50,-0.22,0.04,-1.05,0.71,-12.01,-1.57
1364,-48,-0.21,0.02,-1.06,0.06,-11.74,-2.63
1365,-48,-0.20,0.00,-1.19,0.57,-8.92,-3.05
1366,-47,-0.13,0.03,-1.06,2.14,-10.96,-0.30
1367,-47,-0.23,-0.00,-1.06,1.39,-7.95,-0.31
1368,-46,-0.19,0.02,-1.06,1.73,-6.87,-0.44
1369,-47,-0.21,0.02,-1.07,3.80,-6.31,0.25
1370,-47,-0.22,0.01,-1.06,7.74,-0.57,0.83
1371,-46,-0.22,0.01,-1.06,7.59,-0.19,1.75
1372,-46,-0.22,0.01,-1.06,8.17,-0.63,1.44
1373,-46,-0.23,-0.01,-1.07,7.99,-0.79,4.24
1374,-46,-0.22,0.01,-1.06,6.31,-1.62,7.79
1375,-46,-0.20,0.02,-1.07,6.19,-1.36,6.99
1376,-47,-0.23,0.00,-1.08,4.28,-2.89,1.78
1377,-48,-0.23,-0.01,-1.08,3.65,-4.35,9.71
1378,-50,-0.22,0.01,-1.07,2.19,-4.26,12.55
1379,-48,-0.21,0.02,-1.06,2.08,-3.64,9.42
1380,-48,-0.21,0.02,-1.07,1.60,-4.14,5.51
1381,-49,-0.23,0.02,-1.09,-1.11,-4.67,2.96
1382,-46,-0.21,0.01,-1.07,-1.21,-4.20,0.54
1383,-46,-0.22,0.01,-1.08,-1.31,-4.02,-2.74
1384,-45,-0.23,-0.01,-1.07,3.37,-5.33,-1.80
1385,-46,-0.21,-0.01,-1.08,2.25,-6.76,-1.32
1386,-46,-0.22,0.01,-1.07,2.96,-6.88,-1.82
1387,-46,-0.22,0.01,-1.08,4.59,-6.89,-2.82
1388,-46,-0.24,-0.01,-1.08,3.67,-7.18,-1.77
1389,-45,-0.21,0.00,-1.06,5.09,-6.69,-0.37
1390,-46,-0.21,0.01,-1.06,6.21,-6.73,0.56
1391,-46,-0.21,0.01,-1.07,5.33,-6.38,1.57
1392,-46,-0.21,0.01,-1.07,5.93,-6.26,2.84
1393,-46,-0.19,0.02,-1.08,5.90,-5.01,-0.58
1394,-46,-0.21,0.01,-1.09,4.01,-5.41,-2.32
1395,-46,-0.21,0.01,-1.09,2.70,-4.79,-2.39
1396,-48,-0.24,-0.01,-1.14,3.62,-7.37,-4.39
1397,-46,-0.23,-0.02,-1.09,-1.67,-10.21,-0.12
1398,-46,-0.25,-0.01,-1.06,-5.19,-11.63,-4.63
1399,-46,-0.22,0.01,-1.04,-4.08,-12.05,-14.57
1400,-46,-0.24,-0.02,-1.05,1.52,-15.80,-15.08
1401,-46,-0.24,-0.02,-1.02,4.78,-15.99,-6.08
1402,-45,-0.21,0.03,-1.07,14.22,-13.25,-8.59
1403,-46,-0.23,-0.03,-1.12,16.45,-16.27,-6.90
1404,-46,-0.23,-0.02,-1.09,1.29,-15.43,12.68
1405,-43,-0.15,-0.05,-0.98,-3.03,-10.55,-3.50
1406,-42,-0.23,0.01,-1.00,-6.66,-2.14,-5.34
1407,-43,-0.22,0.03,-1.02,2.35,-0.02,-23.70
1408,-43,-0.22,-0.04,-1.04,4.47,-0.54,-30.02
1409,-43,-0.25,-0.04,-1.05,4.76,-4.48,-23.95
1410,-43,-0.31,-0.06,-1.06,6.53,-3.57,-11.46
1411,-44,-0.29,-0.09,-1.05,2.59,-3.66,0.31
1412,-44,-0.27,-0.05,-1.04,1.50,-1.21,11.29
1413,-44,-0.27,0.00,-1.03,5.92,2.77,4.06
1414,-44,-0.24,0.00,-1.02,8.05,3.69,-12.59
1415,-43,-0.27,-0.03,-1.04,8.63,2.18,-21.25
1416,-44,-0.27,-0.04,-1.09,2.24,-8.75,12.28
1417,-43,-0.25,-0.05,-1.05,-3.27,-9.00,-8.96
1418,-44,-0.25,-0.06,-1.06,-4.47,-9.18,-9.42
1419,-45,-0.25,-0.06,-1.06,-4.31,-12.89,-6.53
1420,-46,-0.25,-0.06,-1.06,-4.11,-13.76,-1.95
1421,-46,-0.22,-0.05,-1.05,-2.98,-12.93,1.53
1422,-44,-0.18,-0.04,-1.05,-1.85,-13.80,-3.49
1423,-43,-0.25,-0.05,-1.05,1.08,-14.18,-1.08
1424,-45,-0.26,-0.08,-1.06,-1.10,-15.18,4.92
1425,-46,-0.26,-0.07,-1.05,-2.61,-16.34,13.73
1426,-44,-0.26,-0.05,-1.04,-0.27,-14.63,18.47
1427,-44,-0.25,-0.05,-1.03,0.49,-12.49,18.81
1428,-44,-0.25,-0.04,-1.01,-0.31,-7.54,14.84
1429,-45,-0.26,-0.03,-1.00,4.07,-3.00,11.41
1430,-45,-0.28,-0.02,-0.98,6.92,1.39,7.47
1431,-45,-0.27,-0.03,-0.98,9.51,5.18,8.73
1432,-46,-0.28,-0.01,-1.00,18.28,11.36,8.60
1433,-47,-0.27,-0.02,-1.04,18.83,12.04,8.14
1434,-49,-0.28,-0.03,-1.06,20.08,9.50,13.15
1435,-50,-0.28,-0.03,-1.07,17.08,7.82,21.69
1436,-52,-0.23,-0.02,-1.12,10.14,4.63,27.91
1437,-53,-0.23,-0.00,-1.11,6.46,2.42,33.25
1438,-53,-0.25,0.00,-1.09,-2.49,0.24,29.76
1439,-54,-0.24,0.02,-1.08,-3.81,-0.76,26.67
1440,-54,-0.21,0.02,-1.08,-4.23,-1.24,14.86
1441,-56,-0.23,0.02,-1.05,-2.44,-1.93,9.14
1442,-57,-0.25,-0.01,-1.07,-4.82,-2.80,14.47
1443,-57,-0.24,0.01,-1.08,-2.71,-3.02,18.85
1444,-54,-0.23,0.02,-1.10,-1.52,-2.24,16.99
1445,-53,-0.22,0.01,-1.09,-3.02,-3.21,12.14
1446,-53,-0.22,0.01,-1.12,-2.99,-4.02,12.15
1447,-55,-0.25,0.01,-1.12,-1.59,-6.79,11.05
1448,-57,-0.25,0.01,-1.09,-3.79,-8.65,11.01
1449,-58,-0.22,0.01,-1.06,-1.46,-9.98,11.92
1450,-59,-0.21,0.03,-1.07,8.61,-6.40,12.61
1451,-56,-0.21,0.03,-1.08,6.47,-5.69,15.02
1452,-53,-0.20,0.04,-1.10,6.08,-5.36,14.55
1453,-52,-0.20,0.03,-1.11,4.48,-6.01,12.40
1454,-51,-0.22,0.03,-1.06,1.63,-4.94,10.78
1455,-50,-0.21,0.04,-1.05,3.44,-2.96,7.79
1456,-49,-0.21,0.05,-1.07,5.63,-1.89,4.49
1457,-48,-0.20,0.04,-1.06,6.33,-2.62,3.66
1458,-47,-0.21,0.04,-1.09,7.87,-2.74,12.10
1459,-46,-0.21,0.05,-1.09,7.40,-1.95,13.70
1460,-46,-0.20,0.06,-1.08,7.53,-1.09,12.08
1461,-46,-0.19,0.06,-1.09,7.08,-1.36,9.05
1462,-46,-0.21,0.05,-1.09,5.72,-2.50,7.40
1463,-45,-0.22,0.04,-1.08,4.32,-2.97,8.54
1464,-45,-0.21,0.04,-1.09,1.98,-4.02,10.38
1465,-45,-0.21,0.05,-1.08,1.34,-4.80,10.96
1466,-46,-0.20,0.05,-1.08,0.97,-5.08,10.98
1467,-46,-0.21,0.05,-1.07,0.95,-5.63,9.38
1468,-47,-0.20,0.05,-1.06,0.92,-5.95,7.21
1469,-47,-0.20,0.05,-1.07,2.14,-5.98,1.27
1470,-47,-0.19,0.04,-1.08,2.16,-6.63,0.86
1471,-46,-0.19,0.04,-1.09,1.92,-7.07,2.79
1472,-47,-0.19,0.04,-1.09,0.92,-7.37,5.55
1473,-48,-0.19,0.05,-1.09,-0.18,-7.95,7.17
1474,-48,-0.18,0.05,-1.08,-0.74,-7.10,6.20
1475,-48,-0.18,0.06,-1.08,-1.13,-6.40,3.07
1476,-47,-0.18,0.05,-1.09,-0.28,-5.94,-0.79
1477,-47,-0.19,0.04,-1.08,1.03,-5.80,-1.86
1478,-47,-0.19,0.04,-1.09,3.90,-6.25,4.36
1479,-47,-0.19,0.04,-1.08,4.40,-6.05,4.68
1480,-48,-0.19,0.05,-1.08,5.26,-6.19,4.34
1481,-49,-0.20,0.05,-1.07,5.61,-6.47,4.22
1482,-49,-0.20,0.06,-1.07,6.64,-6.16,3.73
1483,-49,-0.20,0.05,-1.08,6.85,-6.47,3.19
1484,-49,-0.20,0.05,-1.07,6.20,-6.45,3.47
1485,-49,-0.20,0.05,-1.08,5.31,-6.61,3.53
1486,-49,-0.19,0.06,-1.08,5.08,-6.49,2.33
1487,-48,-0.21,0.05,-1.07,3.22,-7.78,4.60
1488,-48,-0.20,0.06,-1.06,4.29,-8.11,6.72
1489,-48,-0.20,0.06,-1.07,3.21,-7.56,5.84
1490,-48,-0.19,0.06,-1.05,2.95,-6.45,3.40
1491,-48,-0.19,0.07,-1.06,3.84,-5.56,-0.14
1492,-47,-0.20,0.06,-1.07,3.47,-5.82,-0.40
1493,-47,-0.21,0.06,-1.07,1.96,-6.25,4.21
1494,-46,-0.20,0.06,-1.07,1.71,-6.69,6.47
1495,-46,-0.19,0.06,-1.07,-0.03,-6.66,5.24
1496,-46,-0.19,0.07,-1.07,-0.17,-6.06,3.50
1497,-44,-0.21,0.05,-1.08,-0.87,-5.92,0.53
1498,-44,-0.22,0.04,-1.10,-1.24,-7.34,4.15
1499,-44,-0.21,0.05,-1.08,-2.31,-8.49,8.79
1500,-44,-0.21,0.05,-1.07,-2.99,-8.63,7.62
1501,-44,-0.20,0.05,-1.08,-2.71,-8.57,4.38
1502,-44,-0.21,0.06,-1.06,-0.08,-7.73,2.35
1503,-44,-0.21,0.05,-1.05,2.75,-6.30,2.49
1504,-44,-0.21,0.07,-1.07,4.98,-5.22,-0.20
1505,-44,-0.20,0.05,-1.07,5.83,-4.85,-1.51
1506,-44,-0.22,0.04,-1.08,5.08,-5.45,1.63
1507,-44,-0.21,0.06,-1.07,5.39,-4.94,3.30
1508,-44,-0.22,0.07,-1.07,5.44,-4.44,1.85
1509,-44,-0.22,0.07,-1.07,5.69,-4.49,0.18
1510,-44,-0.21,0.07,-1.07,6.40,-5.37,-1.03
1511,-44,-0.22,0.05,-1.08,4.58,-5.67,0.37
1512,-44,-0.22,0.07,-1.07,2.82,-6.15,1.61
1513,-44,-0.22,0.07,-1.07,2.24,-6.53,0.02
1514,-44,-0.21,0.07,-1.07,2.85,-7.18,0.04
1515,-44,-0.22,0.06,-1.07,3.11,-7.74,2.00
1516,-44,-0.20,0.07,-1.07,1.08,-6.37,-0.16
1517,-44,-0.20,0.07,-1.07,1.34,-5.54,-3.22
1518,-44,-0.21,0.06,-1.05,2.50,-5.41,-3.81
1519,-45,-0.21,0.05,-1.06,1.58,-6.75,-0.24
1520,-45,-0.21,0.06,-1.07,0.54,-6.75,4.33
1521,-45,-0.19,0.08,-1.07,1.28,-5.59,0.05
1522,-45,-0.19,0.07,-1.07,0.03,-4.93,-5.92
1523,-45,-0.21,0.05,-1.06,0.63,-4.49,-5.76
1524,-45,-0.22,0.06,-1.08,1.33,-3.82,-2.69
1525,-46,-0.21,0.06,-1.08,1.01,-4.07,-2.49
1526,-45,-0.22,0.05,-1.08,1.57,-4.95,-4.65
1527,-45,-0.22,0.04,-1.07,0.47,-5.60,-3.27
1528,-45,-0.22,0.06,-1.08,1.45,-5.89,-0.75
1529,-45,-0.22,0.05,-1.06,1.74,-6.83,0.86
1530,-45,-0.21,0.06,-1.05,1.71,-6.76,-0.24
1531,-45,-0.22,0.05,-1.07,2.63,-6.45,-3.00
1532,-45,-0.22,0.05,-1.07,2.87,-6.29,-2.07
1533,-44,-0.22,0.05,-1.07,2.56,-6.41,1.11
1534,-46,-0.21,0.05,-1.07,2.33,-7.33,1.74
1535,-44,-0.20,0.05,-1.07,1.83,-7.55,1.59
1536,-44,-0.21,0.05,-1.06,2.82,-6.88,7.07
1537,-44,-0.20,0.06,-1.06,3.81,-6.17,7.46
1538,-43,-0.19,0.08,-1.07,4.83,-4.48,3.27
1539,-43,-0.22,0.05,-1.08,3.93,-3.44,-0.68
1540,-43,-0.21,0.06,-1.08,2.58,-4.87,1.89
1541,-43,-0.23,0.06,-1.08,1.66,-5.37,-1.44
1542,-43,-0.22,0.06,-1.08,1.63,-6.03,0.85
1543,-43,-0.21,0.07,-1.07,1.70,-6.80,2.03
1544,-43,-0.20,0.06,-1.07,1.29,-6.76,-0.93
1545,-43,-0.19,0.05,-1.07,0.41,-6.13,-4.37
1546,-43,-0.21,0.06,-1.07,0.60,-4.76,-4.44
1547,-43,-0.20,0.05,-1.07,2.10,-3.52,-2.50
1548,-43,-0.20,0.06,-1.07,3.36,-3.02,-1.31
1549,-43,-0.19,0.07,-1.06,4.33,-1.87,-3.32
1550,-44,-0.21,0.06,-1.08,2.66,-3.02,-8.69
1551,-44,-0.22,0.05,-1.08,1.82,-5.58,-8.63
1552,-44,-0.24,0.04,-1.07,2.15,-8.07,-3.68
1553,-44,-0.21,0.05,-1.08,1.54,-8.79,-0.05
1554,-44,-0.19,0.06,-1.07,0.98,-9.70,-2.23
1555,-44,-0.19,0.06,-1.09,0.48,-9.41,-4.57
1556,-44,-0.20,0.05,-1.09,1.03,-9.50,-4.40
1557,-44,-0.20,0.04,-1.07,-0.44,-8.82,-2.02
1558,-44,-0.19,0.05,-1.06,-1.17,-8.47,-1.47
1559,-44,-0.20,0.04,-1.08,1.25,-7.51,-4.23
1560,-44,-0.22,0.04,-1.07,1.18,-7.03,-0.42
1561,-44,-0.21,0.04,-1.06,2.42,-6.46,-2.12
1562,-44,-0.21,0.04,-1.07,3.21,-5.73,-1.73
1563,-44,-0.21,0.04,-1.07,3.06,-5.95,-0.01
1564,-44,-0.21,0.04,-1.08,2.34,-5.97,0.92
1565,-44,-0.21,0.04,-1.07,1.72,-5.76,0.95
1566,-43,-0.21,0.04,-1.07,2.86,-4.89,0.93
1567,-43,-0.21,0.05,-1.07,2.66,-4.24,0.89
1568,-43,-0.21,0.05,-1.08,3.44,-4.63,0.92
1569,-43,-0.21,0.05,-1.07,3.24,-4.52,0.54
1570,-43,-0.22,0.04,-1.07,2.00,-4.32,0.47
1571,-43,-0.22,0.05,-1.06,1.95,-4.86,0.57
1572,-43,-0.21,0.05,-1.07,2.03,-4.88,1.08
1573,-43,-0.22,0.06,-1.07,2.44,-4.25,-0.66
1574,-43,-0.22,0.05,-1.08,3.48,-4.65,-3.77
1575,-43,-0.23,0.04,-1.08,2.42,-6.14,-1.76
1576,-43,-0.23,0.04,-1.08,2.40,-7.76,3.57
1577,-43,-0.22,0.05,-1.08,1.47,-8.55,6.38
1578,-43,-0.21,0.05,-1.06,2.84,-7.50,4.04
1579,-43,-0.20,0.06,-1.06,3.62,-6.67,0.18
1580,-43,-0.22,0.05,-1.05,3.93,-6.99,-1.89
1581,-43,-0.21,0.05,-1.08,4.14,-6.56,4.44
1582,-43,-0.21,0.06,-1.07,3.51,-5.59,2.57
1583,-43,-0.21,0.05,-1.07,3.22,-5.55,-0.08
1584,-43,-0.23,0.05,-1.09,3.37,-6.03,1.56
1585,-43,-0.22,0.04,-1.08,2.02,-6.73,3.44
1586,-43,-0.22,0.04,-1.06,1.21,-7.45,4.38
1587,-43,-0.22,0.05,-1.05,1.72,-7.43,3.79
1588,-43,-0.21,0.05,-1.05,3.72,-7.44,3.30
1589,-43,-0.20,0.06,-1.05,5.22,-6.18,3.89
1590,-43,-0.20,0.06,-1.06,6.08,-4.68,2.48
1591,-43,-0.21,0.05,-1.06,0.70,-2.59,0.82
1592,-44,-0.22,0.06,-1.06,-0.07,-3.11,3.49
1593,-44,-0.22,0.06,-1.08,1.29,-4.09,4.14
1594,-44,-0.22,0.06,-1.08,0.02,-3.27,3.94
1595,-44,-0.21,0.07,-1.08,-0.85,-2.82,0.41
1596,-45,-0.22,0.06,-1.09,-0.31,-3.48,-4.23
1597,-45,-0.23,0.04,-1.08,-1.00,-4.25,-4.18
1598,-45,-0.24,0.04,-1.07,-0.53,-5.95,-0.66
1599,-45,-0.23,0.05,-1.08,0.34,-7.27,1.50
1600,-44,-0.23,0.05,-1.08,1.01,-8.39,1.50
1601,-44,-0.22,0.05,-1.07,1.27,-8.80,0.78
1602,-46,-0.20,0.05,-1.06,3.31,-7.50,-0.89
1603,-45,-0.21,0.05,-1.06,3.62,-7.15,-0.51
1604,-46,-0.21,0.06,-1.06,4.35,-5.95,-0.08
1605,-45,-0.22,0.05,-1.06,3.59,-4.90,-0.05
1606,-46,-0.22,0.06,-1.06,3.11,-4.83,0.08
1607,-47,-0.21,0.07,-1.07,3.61,-4.85,-1.08
1608,-48,-0.22,0.06,-1.07,3.18,-5.24,-1.54
1609,-47,-0.22,0.06,-1.08,2.34,-5.19,-0.05
1610,-46,-0.21,0.06,-1.07,2.11,-5.34,0.08
1611,-46,-0.21,0.06,-1.08,1.03,-5.74,-1.20
1612,-46,-0.22,0.05,-1.07,0.58,-5.73,-0.70
1613,-46,-0.21,0.05,-1.07,1.13,-5.18,1.51
1614,-47,-0.21,0.05,-1.07,0.64,-5.30,1.30
1615,-48,-0.20,0.05,-1.06,1.98,-4.33,1.47
1616,-47,-0.21,0.05,-1.07,3.51,-3.73,1.95
1617,-46,-0.22,0.05,-1.08,3.19,-3.58,3.44
1618,-46,-0.21,0.06,-1.08,3.63,-3.53,1.76
1619,-46,-0.22,0.07,-1.07,4.10,-4.44,0.34
1620,-46,-0.22,0.06,-1.07,4.24,-5.11,1.85
1621,-46,-0.22,0.06,-1.08,3.94,-5.58,2.99
1622,-46,-0.21,0.06,-1.07,4.06,-6.60,1.65
1623,-46,-0.21,0.06,-1.08,1.55,-7.53,-0.11
1624,-45,-0.21,0.06,-1.09,0.88,-6.82,-1.11
1625,-45,-0.20,0.06,-1.08,0.01,-6.49,0.11
1626,-45,-0.21,0.05,-1.07,0.74,-6.05,-0.29
1627,-45,-0.21,0.04,-1.07,0.97,-5.50,-0.92
1628,-45,-0.21,0.04,-1.06,2.40,-5.80,0.16
1629,-45,-0.22,0.05,-1.06,3.34,-5.71,1.01
1630,-45,-0.21,0.05,-1.06,3.71,-5.13,-0.61
1631,-44,-0.22,0.05,-1.07,3.36,-5.54,-1.14
1632,-44,-0.23,0.05,-1.07,4.12,-6.12,1.21
1633,-44,-0.22,0.06,-1.07,3.93,-6.48,3.65
1634,-44,-0.21,0.07,-1.07,3.59,-6.83,3.08
1635,-44,-0.22,0.06,-1.08,3.15,-7.04,1.95
1636,-44,-0.21,0.07,-1.07,2.40,-7.18,3.30
1637,-44,-0.22,0.07,-1.06,1.67,-6.72,2.38
1638,-44,-0.21,0.06,-1.07,2.11,-6.45,-0.28
1639,-44,-0.21,0.05,-1.07,1.79,-6.37,-0.39
1640,-44,-0.22,0.06,-1.05,2.36,-6.40,1.23
1641,-44,-0.21,0.06,-1.06,3.37,-5.81,0.92
1642,-44,-0.21,0.06,-1.08,3.16,-5.87,1.20
1643,-44,-0.21,0.06,-1.08,2.18,-5.86,2.02
1644,-44,-0.21,0.06,-1.08,1.27,-5.39,1.82
1645,-44,-0.21,0.05,-1.07,1.03,-5.78,1.59
1646,-44,-0.21,0.05,-1.06,2.90,-3.89,-0.55
1647,-45,-0.22,0.06,-1.06,3.76,-2.84,-1.66
1648,-45,-0.22,0.05,-1.06,5.10,-3.13,-1.80
1649,-45,-0.22,0.06,-1.06,5.20,-2.38,-1.90
1650,-46,-0.20,0.06,-1.08,4.98,-2.40,-4.37
1651,-46,-0.21,0.06,-1.08,0.94,-3.21,-3.89
1652,-47,-0.20,0.06,-1.08,0.22,-4.06,-2.71
1653,-46,-0.19,0.05,-1.08,-1.47,-4.39,-1.42
1654,-46,-0.19,0.05,-1.08,-2.60,-5.21,-1.52
1655,-46,-0.19,0.05,-1.07,-2.20,-4.94,-1.79
1656,-47,-0.19,0.04,-1.08,-1.06,-5.49,-0.53
1657,-46,-0.19,0.04,-1.07,-0.15,-5.42,2.23
1658,-46,-0.18,0.04,-1.07,0.56,-5.70,2.24
1659,-46,-0.19,0.05,-1.08,0.54,-5.71,1.24
1660,-47,-0.20,0.05,-1.08,1.85,-5.72,2.56
1661,-46,-0.20,0.05,-1.08,2.50,-5.33,4.43
1662,-46,-0.19,0.06,-1.07,6.71,-5.05,0.45
1663,-46,-0.20,0.06,-1.08,6.61,-5.31,-0.66
1664,-46,-0.20,0.06,-1.07,5.97,-5.20,-0.86
1665,-46,-0.20,0.06,-1.08,4.79,-5.73,0.37
1666,-46,-0.20,0.05,-1.08,3.44,-6.51,2.80
1667,-46,-0.20,0.06,-1.08,2.21,-6.89,4.82
1668,-46,-0.20,0.07,-1.08,1.03,-7.09,3.76
1669,-46,-0.20,0.07,-1.07,-0.22,-7.15,-0.43
1670,-46,-0.20,0.05,-1.07,-0.66,-6.98,-1.76
1671,-46,-0.22,0.05,-1.07,0.21,-7.49,0.22
1672,-46,-0.20,0.06,-1.06,0.00,-7.01,1.58
1673,-47,-0.19,0.05,-1.08,0.08,-6.47,-4.99
1674,-47,-0.20,0.05,-1.06,0.62,-6.44,-3.34
1675,-47,-0.19,0.05,-1.06,1.63,-5.36,-0.55
1676,-47,-0.18,0.05,-1.08,2.71,-5.39,-1.90
1677,-48,-0.19,0.05,-1.08,2.34,-4.00,-3.22
1678,-48,-0.20,0.05,-1.07,2.21,-3.51,-1.56
1679,-48,-0.19,0.05,-1.06,3.23,-3.51,-0.29
1680,-48,-0.19,0.06,-1.07,4.27,-4.11,-1.72
1681,-48,-0.20,0.06,-1.08,3.68,-3.40,-1.81
1682,-48,-0.21,0.05,-1.08,3.07,-3.44,-0.27
1683,-48,-0.21,0.06,-1.09,1.47,-6.53,1.76
1684,-48,-0.19,0.06,-1.09,1.24,-7.26,1.60
1685,-47,-0.21,0.05,-1.08,1.30,-8.43,3.14
1686,-47,-0.19,0.07,-1.05,4.43,-7.33,1.82
1687,-47,-0.20,0.06,-1.08,6.54,-7.17,0.13
1688,-47,-0.21,0.05,-1.08,4.27,-6.50,3.12
1689,-47,-0.20,0.08,-1.09,3.14,-6.79,3.11
1690,-47,-0.20,0.07,-1.09,2.71,-7.18,-0.17
1691,-47,-0.22,0.06,-1.07,0.65,-8.27,0.81
1692,-47,-0.23,0.06,-1.07,0.81,-8.74,2.74
1693,-47,-0.21,0.07,-1.06,1.28,-9.44,1.66
1694,-47,-0.22,0.06,-1.08,0.83,-10.25,1.97
1695,-46,-0.23,0.06,-1.08,0.33,-11.44,4.11
1696,-46,-0.23,0.05,-1.07,-1.57,-12.66,6.85
1697,-46,-0.20,0.06,-1.05,0.50,-9.14,2.93
1698,-46,-0.21,0.07,-1.04,4.44,-3.87,-4.83
1699,-46,-0.21,0.07,-1.04,5.51,-2.73,-6.82
1700,-46,-0.23,0.06,-1.06,6.83,-2.91,-4.24
1701,-46,-0.21,0.07,-1.08,4.62,-3.45,0.97
1702,-46,-0.23,0.06,-1.10,2.43,-4.21,3.35
1703,-46,-0.23,0.06,-1.08,0.67,-5.10,7.17
1704,-46,-0.22,0.08,-1.05,0.21,-3.38,4.71
1705,-46,-0.21,0.08,-1.06,1.70,-1.37,-3.15
1706,-46,-0.24,0.05,-1.06,5.54,-0.71,-3.45
1707,-46,-0.22,0.06,-1.07,4.28,-0.36,-2.99
1708,-46,-0.22,0.07,-1.07,3.45,-1.01,-4.25
1709,-46,-0.21,0.07,-1.08,3.73,-1.77,-4.28
1710,-46,-0.21,0.06,-1.08,2.66,-2.35,-5.18
1711,-46,-0.21,0.06,-1.07,1.49,-3.09,-5.68
1712,-46,-0.20,0.05,-1.08,1.01,-3.85,-2.53
1713,-46,-0.19,0.05,-1.07,1.50,-3.99,0.88
1714,-46,-0.18,0.06,-1.08,1.39,-3.73,0.82
1715,-46,-0.17,0.06,-1.06,1.36,-3.60,-1.69
1716,-46,-0.18,0.05,-1.08,1.46,-3.05,-1.01
1717,-46,-0.19,0.05,-1.07,1.76,-2.99,1.27
1718,-46,-0.18,0.06,-1.07,4.36,-0.63,3.64
1719,-45,-0.17,0.06,-1.07,4.85,-0.25,1.40
1720,-46,-0.17,0.07,-1.08,5.31,0.62,-1.85
1721,-46,-0.18,0.06,-1.07,5.66,0.66,-3.47
1722,-46,-0.19,0.06,-1.09,6.11,0.14,-2.45
1723,-46,-0.19,0.06,-1.09,5.81,-1.19,-1.82
1724,-46,-0.18,0.06,-1.06,3.82,-1.80,-2.37
1725,-46,-0.18,0.07,-1.09,2.97,-2.52,-2.10
1726,-46,-0.18,0.07,-1.08,3.62,-3.53,-2.49
1727,-46,-0.17,0.06,-1.08,2.25,-3.87,-2.13
1728,-47,-0.17,0.05,-1.11,-0.08,-5.97,-0.31
1729,-47,-0.16,0.06,-1.09,-2.93,-7.07,0.85
1730,-47,-0.15,0.07,-1.10,-3.76,-7.73,-0.86
1731,-46,-0.16,0.05,-1.12,-4.39,-9.53,-2.11
1732,-47,-0.16,0.04,-1.10,-6.70,-12.18,6.03
1733,-47,-0.16,0.05,-1.08,-6.95,-12.37,7.98
1734,-47,-0.16,0.05,-1.07,-5.25,-11.52,7.30
1735,-46,-0.17,0.06,-1.07,6.21,-6.56,2.59
1736,-46,-0.17,0.07,-1.08,6.90,-7.15,2.05
1737,-46,-0.17,0.06,-1.09,7.40,-7.04,1.87
1738,-45,-0.18,0.07,-1.08,7.95,-8.00,6.89
1739,-45,-0.18,0.08,-1.07,7.50,-8.05,6.70
1740,-45,-0.18,0.08,-1.08,7.66,-8.21,7.85
1741,-45,-0.19,0.09,-1.08,8.24,-8.46,7.00
1742,-45,-0.19,0.08,-1.09,7.05,-8.74,5.95
1743,-45,-0.20,0.08,-1.10,5.21,-8.91,5.30
1744,-46,-0.19,0.08,-1.11,1.88,-8.83,3.56
1745,-46,-0.18,0.07,-1.10,-2.36,-8.19,1.29
1746,-46,-0.19,0.08,-1.07,-4.15,-7.86,-2.97
1747,-45,-0.19,0.06,-1.07,-4.78,-7.07,-3.76
1748,-45,-0.20,0.07,-1.05,0.62,-6.36,5.24
1749,-45,-0.18,0.08,-1.06,3.68,-5.06,0.95
1750,-45,-0.20,0.06,-1.07,5.94,-5.40,-0.54
1751,-45,-0.21,0.05,-1.07,7.02,-4.78,4.35
1752,-46,-0.18,0.08,-1.08,7.95,-2.62,3.46
1753,-46,-0.18,0.09,-1.08,7.78,-0.89,-6.98
1754,-46,-0.19,0.07,-1.07,7.31,-1.20,-13.21
1755,-46,-0.19,0.07,-1.08,5.70,-5.50,3.05
1756,-46,-0.20,0.07,-1.09,3.56,-6.45,-0.84
1757,-46,-0.20,0.06,-1.08,0.74,-7.24,-1.47
1758,-46,-0.20,0.06,-1.08,-0.95,-7.75,1.56
1759,-46,-0.19,0.05,-1.07,-1.76,-8.37,2.75
1760,-46,-0.18,0.06,-1.08,-1.56,-8.21,2.02
1761,-46,-0.19,0.05,-1.06,-1.29,-8.56,2.77
1762,-46,-0.19,0.05,-1.08,-1.52,-7.54,4.35
1763,-46,-0.18,0.06,-1.07,-0.57,-7.15,2.96
1764,-46,-0.19,0.05,-1.08,0.15,-6.34,1.82
1765,-46,-0.19,0.05,-1.07,1.46,-6.49,1.67
1766,-46,-0.19,0.05,-1.07,1.24,-5.76,2.70
1767,-44,-0.20,0.07,-1.07,7.08,-4.71,0.70
1768,-45,-0.21,0.06,-1.08,6.98,-4.89,1.42
1769,-45,-0.22,0.06,-1.07,7.05,-5.34,1.63
1770,-45,-0.21,0.07,-1.08,7.13,-6.20,0.89
1771,-45,-0.21,0.07,-1.08,6.15,-7.18,2.21
1772,-45,-0.17,0.06,-1.09,8.26,-9.47,-1.31
1773,-45,-0.20,0.06,-1.08,-0.82,-5.56,6.83
1774,-46,-0.18,0.07,-1.06,2.66,-2.87,6.11
1775,-46,-0.16,0.08,-1.08,4.45,-2.76,-0.59
1776,-46,-0.21,0.05,-1.08,3.53,-1.86,-0.16
1777,-45,-0.21,0.05,-1.07,4.65,-0.92,3.13
1778,-45,-0.20,0.03,-1.09,5.10,-2.85,3.57
1779,-45,-0.21,0.03,-1.08,1.43,-9.50,10.06
1780,-44,-0.20,0.04,-1.07,0.91,-11.44,8.27
1781,-44,-0.20,0.05,-1.08,4.89,-11.55,10.66
1782,-44,-0.19,0.05,-1.07,5.06,-11.38,10.52
1783,-44,-0.19,0.05,-1.06,4.69,-10.04,9.88
1784,-43,-0.18,0.06,-1.05,5.08,-8.22,6.11
1785,-43,-0.20,0.04,-1.07,6.24,-5.92,3.80
1786,-45,-0.19,0.04,-1.07,3.21,-7.79,11.97
1787,-43,-0.19,0.05,-1.04,-2.50,-5.56,13.84
1788,-43,-0.17,0.09,-1.05,1.45,-3.35,8.22
1789,-46,-0.18,0.09,-1.06,4.88,0.49,-2.47
1790,-46,-0.19,0.06,-1.06,7.49,0.63,-6.56
1791,-41,-0.21,0.05,-1.08,7.22,1.00,-1.31
1792,-42,-0.20,0.05,-1.09,4.47,-0.31,2.84
1793,-51,-0.20,0.05,-1.09,1.11,-1.10,4.37
1794,-47,-0.21,0.05,-1.08,-0.19,-3.36,6.80
1795,-41,-0.21,0.06,-1.07,-0.52,-4.02,9.82
1796,-40,-0.19,0.06,-1.07,0.86,-4.31,9.74
1797,-63,-0.19,0.05,-1.08,3.64,-0.91,1.66
1798,-47,-0.18,0.05,-1.08,0.77,-3.08,7.79
1799,-45,-0.17,0.06,-1.07,0.06,-2.08,7.68
1800,-44,-0.18,0.08,-1.08,2.74,-0.90,1.76
1801,-44,-0.17,0.07,-1.07,3.32,-1.56,-2.74
1802,-45,-0.20,0.07,-1.09,4.56,-2.02,-2.66
1803,-46,-0.20,0.05,-1.13,5.71,-4.26,-0.51
1804,-47,-0.19,0.05,-1.10,1.34,-5.86,4.17
1805,-49,-0.18,0.08,-1.10,0.61,-6.66,1.79
1806,-53,-0.20,0.04,-1.10,0.66,-10.38,2.17
1807,-56,-0.21,0.04,-1.08,0.41,-12.48,12.35
1808,-55,-0.16,0.08,-1.07,-0.37,-11.90,9.54
1809,-53,-0.15,0.08,-1.07,1.15,-11.67,-0.31
1810,-52,-0.19,0.04,-1.08,2.35,-12.27,0.37
1811,-52,-0.18,0.04,-1.09,3.11,-11.89,10.30
1812,-52,-0.17,0.08,-1.06,5.02,-6.92,3.04
1813,-53,-0.17,0.06,-1.07,7.63,-5.85,4.31
1814,-53,-0.18,0.06,-1.07,6.31,-5.69,9.50
1815,-54,-0.17,0.08,-1.07,5.55,-4.80,10.18
1816,-54,-0.17,0.08,-1.08,5.47,-4.58,5.98
1817,-54,-0.18,0.07,-1.08,4.11,-3.30,4.33
1818,-54,-0.18,0.09,-1.06,4.48,-2.31,3.21
1819,-55,-0.17,0.09,-1.06,5.56,-2.09,-1.03
1820,-55,-0.20,0.06,-1.09,4.81,-3.24,-0.61
1821,-55,-0.18,0.07,-1.09,1.79,-2.49,3.11
1822,-56,-0.17,0.07,-1.09,0.81,-3.89,2.98
1823,-56,-0.18,0.06,-1.09,0.79,-4.21,2.86
1824,-55,-0.18,0.07,-1.10,0.00,-4.23,1.13
1825,-56,-0.17,0.07,-1.08,-0.14,-3.63,-3.02
1826,-56,-0.17,0.06,-1.08,0.85,-4.53,-4.69
1827,-56,-0.19,0.05,-1.07,1.55,-4.75,-4.14
1828,-56,-0.19,0.05,-1.08,2.21,-5.27,-1.06
1829,-57,-0.19,0.05,-1.07,2.71,-5.16,0.98
1830,-58,-0.17,0.06,-1.08,4.25,-5.70,-1.71
1831,-59,-0.18,0.06,-1.08,3.69,-5.57,-6.34
1832,-62,-0.19,0.05,-1.08,5.86,-6.89,-1.84
1833,-62,-0.19,0.06,-1.08,6.52,-7.44,0.45
1834,-62,-0.17,0.06,-1.08,5.17,-8.28,0.66
1835,-62,-0.17,0.06,-1.08,3.59,-8.38,1.43
1836,-62,-0.17,0.05,-1.09,3.66,-9.44,2.81
1837,-59,-0.17,0.05,-1.09,2.31,-8.89,5.21
1838,-56,-0.81,0.09,-2.00,-0.34,56.66,3.84
1839,-54,-0.11,0.07,-1.08,1.06,-7.69,4.15
1840,-53,-0.18,0.06,-1.08,1.93,-4.96,0.37
1841,-52,-0.17,0.04,-1.08,0.74,-4.18,-4.71
1842,-52,-0.19,0.06,-1.08,1.15,-4.05,-1.05
1843,-53,-0.19,0.06,-1.08,3.67,-3.66,0.16
1844,-51,-0.18,0.05,-1.09,4.06,-4.77,0.12
1845,-48,-0.21,0.05,-1.09,3.30,-5.27,0.68
