0,-38,-0.86,0.20,-0.23,59.21,26.54,-3.86
1,-61,-0.10,-0.16,-1.10,-7.40,-12.94,0.85
2,-57,-0.10,-0.17,-1.10,-8.46,-12.37,5.98
3,-53,-0.07,-0.15,-1.08,-7.59,-9.57,-2.56
4,-54,-0.07,-0.17,-1.08,-3.70,-7.64,-7.22
5,-54,-0.09,-0.20,-1.09,0.80,-5.76,-3.82
6,-54,-0.08,-0.18,-1.09,4.94,-3.79,0.25
7,-52,-0.08,-0.17,-1.08,7.33,-2.21,-3.02
8,-52,-0.08,-0.17,-1.08,10.21,-1.95,-8.36
9,-52,-0.08,-0.18,-1.09,12.04,-3.47,-10.09
10,-52,-0.09,-0.19,-1.09,11.87,-4.05,-0.14
11,-51,-0.05,-0.19,-1.09,12.63,-4.19,0.75
12,-52,-0.06,-0.17,-1.08,15.20,-3.89,-1.85
13,-53,-0.08,-0.18,-1.11,19.49,-3.38,-3.71
14,-54,-0.09,-0.19,-1.09,24.21,-2.18,-2.51
15,-55,-0.11,-0.17,-1.08,26.73,-1.82,5.46
16,-55,-0.11,-0.16,-1.07,25.08,-1.81,5.00
17,-55,-0.12,-0.16,-1.08,21.92,-2.69,2.31
18,-56,-0.11,-0.16,-1.09,20.27,-3.44,2.73
19,-56,-0.12,-0.15,-1.05,15.29,-4.70,-2.35
20,-55,-0.12,-0.15,-1.03,13.92,-4.05,-4.37
21,-56,-0.13,-0.12,-1.03,11.66,-3.20,-4.47
22,-61,-0.15,-0.07,-1.08,8.95,-3.29,-12.45
23,-62,-0.14,-0.02,-1.10,-3.25,-6.31,-27.07
24,-52,-0.15,0.02,-1.03,-12.52,-8.77,-47.17
25,-42,-0.24,0.08,-1.01,-48.42,-44.35,-128.39
26,-43,-0.31,0.08,-0.98,-56.17,-53.60,-123.97
27,-39,-0.48,0.16,-1.28,-75.21,-64.94,-75.46
28,-37,-0.51,0.25,-1.46,-93.13,-85.97,-59.79
29,-31,-0.68,0.33,-1.98,-132.65,-135.54,-77.19
30,-31,-0.67,0.21,-2.00,-174.20,-172.82,-34.83
31,-32,-0.63,0.30,-1.89,-195.11,-191.05,2.89
32,-35,-0.52,0.36,-1.65,-198.63,-184.55,10.37
33,-36,-0.36,0.25,-1.30,-194.70,-170.41,14.25
34,-50,-0.15,0.09,-0.35,-122.47,-56.58,72.11
35,-53,-0.12,0.12,-0.35,-80.98,-13.34,81.17
36,-46,-0.02,0.16,-0.51,-39.54,22.44,69.84
37,-32,-0.05,0.10,-1.14,108.47,68.99,28.22
38,-34,-0.24,0.25,-1.32,116.12,54.02,48.14
39,-34,-0.45,0.60,-1.53,142.96,26.17,104.94
40,-34,-0.86,1.05,-1.34,195.34,20.61,197.44
41,-35,-0.65,1.41,-1.37,211.91,3.63,204.58
42,-35,-0.26,1.55,-1.22,206.22,7.57,148.02
43,-37,-0.10,1.41,-1.14,160.30,-15.81,33.92
44,-40,-0.15,1.06,-0.77,97.36,-25.53,-41.15
45,-39,-0.20,0.86,-0.30,61.40,-28.28,-56.77
46,-35,-0.43,0.66,-0.46,-138.48,-30.67,3.17
47,-32,-0.13,0.94,-1.42,-153.31,-4.89,-126.97
48,-32,-0.23,0.76,-1.27,-123.31,8.10,-165.40
49,-35,-0.24,0.51,-1.06,-78.36,27.08,-167.33
50,-33,-0.29,0.20,-0.97,-20.63,19.76,-114.84
51,-33,0.05,0.07,-0.91,42.63,29.34,-81.05
52,-32,0.14,-0.12,-0.96,88.03,56.05,-61.36
53,-32,0.33,-0.19,-0.92,89.85,41.10,-72.38
54,-35,0.01,-0.30,-1.04,58.47,45.37,-41.48
55,-38,-0.32,-0.17,-1.54,75.98,71.92,20.39
56,-42,-0.49,0.18,-1.86,108.65,72.23,17.34
57,-43,-0.60,0.23,-1.88,120.14,50.09,-22.76
58,-44,-0.80,0.11,-1.63,105.51,52.08,-12.89
59,-45,-0.79,0.34,-1.28,95.73,11.92,49.92
60,-49,-0.85,0.48,-0.82,87.84,0.95,57.10
61,-50,-0.56,0.48,-0.50,-17.53,-46.61,-9.96
62,-39,-0.90,0.76,-1.96,-177.52,-141.79,-49.94
63,-37,-0.97,0.55,-2.00,-235.89,-158.85,-138.80
64,-34,-1.02,0.61,-1.74,-151.03,-170.34,-103.78
65,-31,-0.48,0.13,-1.43,-88.97,-105.43,-27.28
66,-32,-0.12,0.07,-1.00,-75.08,-75.95,-19.94
67,-32,0.26,-0.03,-0.73,-46.93,-27.49,-42.15
68,-31,0.38,-0.15,-0.64,-30.04,3.26,-43.87
69,-32,0.41,-0.22,-0.56,-14.25,22.73,-27.02
70,-34,0.35,-0.23,-0.50,7.30,37.31,3.42
71,-34,0.11,-0.11,-0.82,39.01,64.50,52.46
72,-36,-0.22,-0.05,-1.28,85.07,103.63,76.22
73,-38,-0.23,0.10,-1.47,140.67,133.30,81.25
74,-43,-0.55,0.20,-1.95,163.76,163.93,55.06
75,-50,-0.93,0.16,-2.00,122.27,155.30,14.40
76,-54,-0.94,0.14,-1.62,128.05,137.34,48.94
77,-56,-0.90,0.32,-1.05,129.55,117.65,80.73
78,-53,-0.71,0.48,-0.41,83.99,73.75,20.77
79,-43,-0.65,0.29,-0.41,-80.16,-77.93,-77.25
80,-36,-0.71,-0.01,-2.00,-119.22,-97.22,-127.13
81,-34,-1.02,0.14,-1.99,-54.28,-231.57,-13.12
82,-35,-0.69,0.06,-2.00,-65.76,-174.98,64.24
83,-34,-0.37,0.11,-1.60,-50.24,-152.31,48.68
84,-30,-0.18,0.04,-1.15,-57.51,-112.25,17.86
85,-32,0.05,0.02,-0.86,-66.89,-94.63,-8.68
86,-33,0.26,-0.03,-0.65,-59.37,-86.30,-42.79
87,-36,0.25,-0.14,-0.47,-45.05,-75.85,-54.05
88,-44,0.18,-0.18,-0.34,-30.50,-68.34,-24.63
89,-35,0.18,-0.09,-0.40,-27.37,-58.01,13.53
90,-37,0.23,-0.04,-0.52,-25.23,-35.01,-2.86
91,-38,-0.25,0.04,-1.09,65.63,57.75,49.22
92,-38,-0.21,0.06,-1.25,91.50,90.92,28.15
93,-39,-0.51,0.08,-1.40,88.92,142.90,-10.29
94,-55,-0.75,0.01,-1.83,102.98,182.18,8.34
95,-59,-0.73,-0.05,-1.68,101.63,178.63,33.79
96,-54,-0.54,-0.02,-1.39,109.70,164.52,55.22
97,-64,-0.43,-0.01,-1.00,111.69,155.60,69.88
98,-46,-0.64,0.03,-2.00,-16.08,-134.27,32.16
99,-42,-0.57,-0.05,-2.00,-65.75,-179.23,61.20
100,-45,-0.44,-0.05,-2.00,-95.01,-212.40,68.72
101,-37,-0.45,0.00,-2.00,-119.26,-238.02,54.62
102,-32,-0.36,0.03,-2.00,-138.96,-250.14,20.99
103,-34,-0.36,-0.03,-1.76,-143.20,-242.02,3.63
104,-31,-0.35,-0.09,-1.36,-142.53,-216.74,24.58
105,-38,0.11,-0.13,-0.48,-54.21,-65.49,15.39
106,-34,-0.11,0.01,-0.60,3.50,-6.15,35.57
107,-29,-0.20,0.12,-0.75,62.93,31.24,59.51
108,-31,-0.29,0.14,-0.80,106.69,75.24,69.36
109,-34,-0.31,0.19,-0.97,135.24,114.02,72.08
110,-35,-0.38,0.24,-1.17,153.82,136.23,57.05
111,-36,-0.46,0.36,-1.42,175.76,151.92,62.95
112,-37,-0.45,0.40,-1.65,200.69,152.63,77.69
113,-38,-0.48,0.40,-1.64,204.72,153.23,73.80
114,-40,-0.46,0.43,-1.74,216.19,157.90,66.60
115,-51,-0.33,0.16,-1.73,249.21,141.12,51.72
116,-63,-0.05,0.23,-0.57,88.24,40.64,27.76
117,-61,-0.06,0.24,-0.72,55.62,28.92,-19.59
118,-69,-0.08,0.27,-0.83,33.15,-0.65,-65.23
119,-62,-0.07,0.20,-0.93,10.53,-25.89,-107.89
120,-66,-0.13,0.05,-1.09,-32.80,-41.93,-111.33
121,-40,-0.10,-0.35,-2.00,-177.31,-135.93,-16.50
122,-39,-0.01,-0.32,-2.00,-250.14,-171.50,-21.95
123,-36,-0.01,-0.26,-2.00,-250.14,-179.57,-26.10
124,-37,-0.09,-0.14,-1.94,-241.21,-166.13,-30.04
125,-42,-0.15,-0.07,-1.58,-202.22,-136.56,-25.78
126,-38,-0.05,-0.01,-1.28,-165.84,-112.90,-19.29
127,-34,0.05,-0.02,-0.94,-141.47,-103.05,-22.60
128,-34,0.15,-0.10,-0.63,-140.01,-97.94,-36.63
129,-31,0.13,-0.16,-0.39,-139.96,-84.67,-49.90
130,-33,-0.01,-0.14,-0.37,-126.37,-74.18,-24.89
131,-35,0.06,-0.04,-0.53,-90.35,-38.94,-13.24
132,-38,-0.11,-0.01,-0.82,46.44,15.44,13.85
133,-34,-0.08,-0.03,-0.90,86.34,49.80,19.48
134,-33,-0.16,0.08,-1.27,190.17,114.56,50.74
135,-34,-0.27,0.12,-1.61,218.98,138.03,90.63
136,-38,-0.15,0.18,-1.83,231.76,133.54,144.87
137,-51,-0.09,0.37,-2.00,246.44,97.89,136.56
138,-47,-0.18,0.34,-2.00,250.13,91.40,118.62
139,-49,-0.20,0.28,-2.00,250.13,87.34,119.48
140,-54,-0.19,0.23,-1.90,250.13,66.92,129.55
141,-60,-0.10,0.23,-1.38,231.16,39.61,120.76
142,-56,-0.00,0.32,-0.45,102.05,33.76,-4.53
143,-62,-0.05,0.13,-1.05,-28.05,-55.03,-85.53
144,-52,-0.10,0.07,-1.27,-92.03,-51.01,-53.68
145,-44,-0.01,-0.06,-2.00,-168.18,-65.21,-24.83
146,-42,-0.04,-0.22,-2.00,-225.37,-78.60,-16.43
147,-40,0.13,-0.32,-2.00,-250.14,-84.81,-36.19
148,-35,0.14,-0.37,-2.00,-250.14,-101.08,-62.28
149,-37,0.10,-0.37,-2.00,-250.14,-107.26,-68.40
150,-37,-0.02,-0.08,-1.82,-250.14,-83.31,-41.79
151,-34,0.04,-0.02,-1.30,-250.14,-72.76,-16.65
152,-29,0.15,-0.13,-0.68,-203.98,-56.37,-7.72
153,-30,0.20,-0.17,-0.50,-195.27,-57.18,-35.76
154,-30,0.17,-0.20,-0.39,-175.37,-59.69,-60.44
155,-32,0.07,-0.15,-0.38,-140.85,-55.97,-59.50
156,-52,-0.04,0.02,-0.59,-1.89,-29.29,-3.61
157,-34,-0.19,0.07,-0.70,150.27,30.92,73.19
158,-43,-0.08,1.01,-1.88,250.13,26.33,96.35
159,-48,-0.16,1.04,-1.85,250.13,30.85,89.28
160,-44,0.12,1.05,-1.92,250.13,22.73,98.25
161,-43,0.17,0.92,-1.55,250.13,9.83,59.77
162,-48,-0.06,0.65,-0.73,184.38,12.15,-1.40
163,-53,-0.01,0.81,-0.82,-17.46,-5.09,-38.95
164,-46,0.09,0.72,-1.08,-41.44,-29.39,-38.95
165,-40,0.00,0.59,-1.29,-95.21,-58.76,-119.56
166,-37,-0.11,0.64,-1.56,-151.90,-77.13,-99.34
167,-38,-0.12,0.61,-2.00,-205.63,-70.78,-76.72
168,-35,-0.10,0.52,-2.00,-250.14,-100.24,-42.09
169,-34,-0.26,0.86,-2.00,-244.53,-95.18,17.02
170,-31,0.22,0.65,-2.00,-250.14,-62.42,4.90
171,-32,0.07,0.47,-1.89,-250.14,-33.92,-75.59
172,-34,-0.11,0.38,-1.31,-250.14,-25.84,-81.49
173,-36,-0.08,0.30,-0.96,-181.31,-24.22,-41.68
174,-43,0.04,0.31,-0.70,-133.01,-15.53,-4.10
175,-38,0.23,0.17,-0.71,-98.63,-16.11,-6.08
176,-38,0.29,-0.03,-0.63,-88.94,-33.32,-44.22
177,-38,0.28,-0.15,-0.45,-87.74,-42.75,-85.94
178,-36,0.18,-0.19,-0.35,-82.23,-46.30,-98.50
179,-37,-0.05,-0.08,-0.39,-58.64,-38.08,-50.23
180,-35,-0.09,0.13,-0.49,-10.93,-15.42,31.75
181,-34,0.02,0.25,-0.54,70.05,-3.61,95.85
182,-34,0.05,0.27,-0.68,148.42,6.48,113.60
183,-34,0.01,0.44,-1.13,236.92,30.94,111.56
184,-38,0.04,0.53,-1.32,250.13,23.89,107.59
185,-40,0.08,0.66,-1.73,250.13,7.62,104.96
186,-46,0.05,0.57,-1.78,250.13,-6.35,110.49
187,-57,-0.04,0.51,-1.67,250.13,-14.07,78.73
188,-50,-0.05,0.37,-1.57,250.13,-23.32,76.79
189,-51,-0.03,0.30,-1.51,250.13,-31.02,88.89
190,-49,0.03,0.36,-1.45,247.42,-45.66,83.95
191,-60,-0.01,0.39,-1.28,214.06,-47.40,46.65
192,-57,-0.15,0.37,-0.98,164.67,-26.41,28.15
193,-56,-0.11,0.49,-0.84,119.08,-12.35,27.23
194,-64,0.02,0.61,-0.84,79.08,-14.35,3.52
195,-52,0.10,0.63,-0.96,33.34,-13.21,-57.08
196,-50,-0.06,0.53,-1.28,-67.88,-18.61,-101.51
197,-43,-0.04,0.41,-1.69,-125.08,-25.45,-101.25
198,-42,-0.03,0.19,-1.91,-192.80,-34.76,-104.00
199,-40,-0.07,0.30,-1.92,-211.45,-60.46,-64.40
200,-38,0.01,0.26,-2.00,-228.69,-58.76,-91.08
201,-34,0.02,0.10,-2.00,-250.14,-80.98,-124.49
202,-33,-0.02,-0.01,-2.00,-250.14,-88.50,-118.50
203,-36,-0.01,-0.06,-1.76,-250.14,-89.48,-103.79
204,-45,-0.00,-0.12,-1.42,-250.14,-75.79,-96.74
205,-44,0.26,-0.24,-0.74,-171.19,-61.17,-160.27
206,-46,0.10,-0.30,-0.67,-87.92,-37.85,-151.01
207,-40,0.16,-0.32,-0.75,-12.50,1.96,-84.52
208,-36,0.36,-0.36,-0.83,49.39,28.84,-35.61
209,-34,0.19,-0.31,-1.08,101.02,58.41,30.73
210,-35,0.03,0.17,-1.96,188.52,97.48,150.65
211,-40,-0.14,0.54,-1.98,190.21,69.92,134.84
212,-39,-0.34,0.67,-1.77,194.79,42.04,105.16
213,-52,-0.35,0.56,-1.20,179.21,12.78,89.82
214,-49,-0.11,0.53,-0.47,199.11,16.00,67.17
215,-44,-0.03,0.45,-0.50,5.68,6.76,-97.28
216,-40,-0.13,0.45,-1.63,-82.02,-18.13,-125.18
217,-37,-0.19,0.15,-2.00,-172.37,-38.00,-167.72
218,-35,-0.16,0.05,-2.00,-231.06,-102.03,-96.36
219,-34,-0.21,0.06,-2.00,-202.24,-130.28,-38.63
220,-32,-0.16,-0.09,-2.00,-221.88,-146.09,12.70
221,-36,-0.11,-0.05,-1.97,-222.21,-117.18,26.27
222,-32,0.05,-0.02,-1.51,-174.92,-89.48,-5.15
223,-33,0.11,-0.07,-1.14,-140.54,-66.82,-57.56
224,-33,0.20,-0.17,-0.92,-112.15,-61.85,-94.38
225,-34,0.33,-0.31,-0.67,-78.77,-67.71,-125.44
226,-48,0.17,-0.46,-0.27,-28.31,-36.67,-27.60
227,-34,0.15,-0.33,-0.41,-11.22,-0.44,26.71
228,-34,0.02,-0.19,-0.77,42.21,42.71,90.21
229,-36,0.21,0.02,-1.30,129.66,82.05,98.99
230,-38,0.14,-0.05,-1.43,204.15,95.44,85.79
231,-45,-0.06,-0.10,-1.94,215.85,123.93,87.11
232,-44,-0.17,-0.05,-2.00,194.83,136.40,105.37
233,-57,-0.13,0.09,-2.00,183.76,118.70,114.92
234,-60,-0.20,0.16,-2.00,189.93,90.69,99.47
235,-52,-0.29,0.07,-1.92,177.04,66.88,109.60
236,-47,-0.08,0.20,-1.08,162.89,47.47,176.24
237,-49,0.02,0.34,-0.32,122.14,20.10,89.48
238,-47,-0.03,0.01,-1.57,-61.32,-53.45,-105.32
239,-51,-0.09,-0.08,-1.70,-107.08,-50.76,-64.71
240,-44,-0.06,-0.19,-2.00,-163.97,-47.40,-28.56
241,-39,-0.03,-0.29,-2.00,-217.24,-59.37,-2.35
242,-34,-0.00,-0.21,-2.00,-250.14,-38.00,-26.38
243,-36,0.06,-0.04,-1.58,-196.81,-30.61,-32.78
244,-42,0.11,-0.04,-1.26,-177.47,-33.37,-47.29
245,-44,0.15,-0.20,-0.82,-184.14,-55.53,-90.65
246,-35,-0.01,-0.12,-0.70,-104.77,-58.85,-32.06
247,-36,-0.08,-0.05,-0.70,-42.33,-41.46,0.02
248,-37,-0.27,0.30,-1.13,153.90,37.48,97.36
249,-40,-0.07,0.37,-1.33,175.09,33.87,78.60
250,-39,-0.15,0.56,-1.44,191.85,21.02,58.11
251,-40,-0.17,0.61,-1.42,214.36,26.18,25.98
252,-60,-0.26,0.53,-1.31,232.50,33.38,21.62
253,-50,-0.21,0.40,-1.28,249.80,35.54,30.85
254,-56,-0.12,0.15,-1.31,250.13,34.05,50.90
255,-61,-0.04,0.12,-0.81,179.78,11.73,25.15
256,-50,-0.09,0.10,-1.29,103.72,13.86,6.82
257,-50,-0.01,0.09,-1.54,17.82,2.79,-11.11
258,-48,0.00,0.06,-1.39,-55.21,-6.03,-44.92
259,-45,-0.04,-0.07,-1.72,-127.37,-15.76,-53.02
260,-50,-0.03,-0.18,-1.97,-190.29,-24.18,-56.14
261,-40,0.02,-0.26,-2.00,-221.80,-33.65,-61.60
262,-34,-0.02,-0.26,-2.00,-242.56,-41.45,-69.31
263,-34,-0.02,-0.20,-1.91,-248.20,-39.11,-75.76
264,-37,0.02,-0.15,-1.81,-233.15,-37.94,-83.47
265,-37,0.07,-0.14,-1.53,-221.88,-44.41,-84.08
266,-40,0.12,-0.19,-1.25,-231.17,-56.89,-85.84
267,-39,0.11,-0.31,-0.98,-250.14,-82.45,-77.05
268,-34,0.03,-0.21,-0.95,-250.14,-87.12,-59.15
269,-32,-0.06,-0.06,-0.97,-223.59,-88.90,-58.23
270,-34,-0.12,0.02,-0.94,-164.35,-93.50,-69.50
271,-49,-0.17,0.12,-0.83,-92.11,-87.36,-61.40
272,-37,-0.20,0.16,-0.71,-18.51,-61.80,-57.42
273,-33,-0.35,0.19,-0.56,89.53,6.42,-55.14
274,-31,-0.36,0.24,-0.64,144.56,40.17,-39.24
275,-32,-0.38,0.29,-0.74,192.37,67.23,0.88
276,-34,-0.28,0.31,-0.88,228.20,87.77,35.42
277,-36,-0.23,0.29,-0.98,250.13,100.40,43.92
278,-40,-0.28,0.28,-1.18,250.13,98.83,44.20
279,-48,-0.31,0.23,-1.13,213.80,93.57,44.50
280,-51,-0.20,0.08,-1.25,158.01,66.92,40.04
281,-50,-0.15,0.00,-1.47,131.72,48.32,44.16
282,-46,-0.09,0.00,-1.58,120.49,26.56,64.37
283,-47,-0.11,0.02,-1.54,105.89,7.45,51.41
284,-53,-0.10,-0.01,-1.04,13.32,3.89,24.40
285,-52,-0.09,0.12,-0.84,-42.99,18.53,8.56
286,-68,-0.05,0.16,-1.00,-46.14,12.84,-20.90
287,-43,-0.01,0.12,-1.16,-59.64,1.19,-57.36
288,-41,-0.03,0.01,-1.25,-99.92,-17.86,-114.10
289,-41,-0.09,-0.06,-1.36,-113.94,-25.31,-122.97
290,-39,-0.11,-0.15,-1.51,-126.50,-41.06,-114.28
291,-34,-0.12,-0.21,-1.31,-157.37,-57.10,-53.98
292,-34,-0.13,-0.18,-1.29,-157.46,-60.33,-22.67
293,-34,-0.04,-0.06,-1.22,-102.29,-60.50,14.67
294,-33,-0.01,-0.04,-1.09,-79.15,-63.86,22.82
295,-34,-0.07,0.01,-1.01,-52.95,-54.26,22.60
296,-35,-0.08,0.07,-1.04,-6.75,-40.44,20.04
297,-36,-0.09,0.11,-0.95,19.47,-33.00,24.30
298,-35,-0.14,0.18,-0.86,49.98,-21.89,31.30
299,-35,-0.16,0.22,-0.88,71.79,-9.05,29.95
300,-34,-0.15,0.25,-0.92,80.02,-3.32,17.61
301,-34,-0.18,0.27,-0.94,85.56,-2.05,9.38
302,-34,-0.22,0.30,-1.00,90.32,-0.81,5.98
303,-35,-0.25,0.29,-1.03,88.27,0.69,3.70
304,-37,-0.29,0.25,-1.03,72.37,4.31,13.02
305,-37,-0.30,0.24,-1.03,67.92,5.69,28.93
306,-37,-0.27,0.24,-1.04,60.42,5.80,38.61
307,-38,-0.27,0.24,-1.08,48.95,6.66,43.38
308,-38,-0.24,0.24,-1.15,38.42,7.53,48.08
309,-38,-0.19,0.22,-1.12,25.79,2.94,50.15
310,-38,-0.14,0.19,-1.16,13.21,0.23,46.06
311,-39,-0.12,0.19,-1.14,4.68,-5.85,42.15
312,-38,-0.13,0.19,-1.13,-0.45,-7.61,35.42
313,-39,-0.12,0.15,-1.17,-6.61,-11.45,25.84
314,-39,-0.12,0.11,-1.19,-12.57,-19.70,22.73
315,-39,-0.13,0.09,-1.14,-16.85,-26.47,30.21
316,-38,-0.15,0.07,-1.05,-20.40,-26.95,37.69
317,-37,-0.15,0.08,-1.02,-20.71,-23.02,46.15
0,-48,-0.19,0.03,-1.08,45.73,12.24,86.95
1,-39,0.03,-0.18,-0.36,-27.59,-34.31,-78.32
2,-34,0.01,-0.24,-0.33,16.65,-21.05,-8.99
3,-34,0.04,-0.22,-0.31,26.47,-20.73,18.55
4,-35,0.05,-0.21,-0.32,27.70,-20.50,35.85
5,-37,-0.15,-0.17,-0.63,28.22,3.44,65.53
6,-40,-0.17,-0.06,-2.00,58.84,33.35,105.74
7,-38,-0.18,0.19,-2.00,161.02,29.54,153.97
8,-40,-0.36,0.21,-2.00,151.31,61.65,116.09
9,-40,-0.32,0.38,-2.00,45.20,42.15,46.46
10,-42,-0.60,0.43,-1.63,23.24,50.02,60.91
11,-53,-0.04,0.55,-0.84,61.38,34.85,111.80
12,-38,-0.01,0.55,-0.66,27.80,12.69,41.39
13,-45,-0.03,0.38,-0.18,-12.88,-32.65,-98.08
14,-41,-0.13,0.35,-0.28,-12.27,-42.72,-94.92
15,-36,-0.28,0.38,-0.62,-33.82,-45.50,-54.75
16,-36,-0.40,0.64,-1.11,-71.78,-48.11,9.66
17,-35,-0.18,0.92,-1.65,-100.64,-43.98,-20.17
18,-34,-0.31,0.95,-2.00,-100.76,-43.33,-70.69
19,-35,-0.42,0.68,-1.98,-129.27,-58.27,-56.25
20,-36,-0.38,0.61,-1.89,-141.11,-22.92,-45.19
21,-38,-0.18,0.33,-1.36,-128.90,-53.00,-39.23
22,-35,-0.13,0.17,-0.92,-121.76,-37.87,-59.81
23,-36,-0.13,0.09,-0.71,-113.45,-19.94,-68.79
24,-33,-0.07,0.05,-0.51,-59.50,-24.60,-21.52
25,-32,-0.03,0.03,-0.37,-30.89,-25.16,-13.68
26,-32,-0.04,-0.01,-0.26,-1.44,-21.85,-11.84
27,-34,-0.17,0.05,-0.35,39.82,-10.69,22.67
28,-32,-0.41,0.22,-0.58,55.73,9.30,42.02
29,-33,-0.69,0.56,-1.11,110.27,55.73,62.60
30,-36,-0.45,0.59,-2.00,250.13,78.95,117.84
31,-49,-0.23,0.41,-1.52,207.63,69.42,53.97
32,-42,-0.33,0.30,-1.46,197.84,54.15,41.50
33,-61,-0.15,0.17,-1.05,200.95,38.36,51.95
34,-47,-0.09,0.17,-0.86,163.54,26.27,32.60
35,-56,-0.08,0.22,-0.78,138.32,18.74,7.32
36,-47,-0.08,0.18,-0.85,116.19,10.44,-8.96
37,-49,-0.08,0.13,-0.84,87.12,-5.69,-9.50
38,-50,-0.08,0.12,-0.62,55.34,-15.08,-2.08
39,-49,-0.09,0.09,-0.43,24.14,-3.44,4.55
40,-50,-0.20,0.09,-0.79,-10.05,21.86,5.44
41,-51,-0.05,0.06,-1.92,-45.92,36.03,4.58
42,-47,-0.05,0.15,-1.52,-34.21,-81.29,9.04
43,-54,-0.00,0.04,-2.00,-114.37,19.25,-103.92
44,-36,-0.09,-0.23,-2.00,-199.63,-82.45,-97.74
45,-36,-0.06,-0.15,-0.87,-250.14,-71.97,-16.69
46,-35,0.02,-0.16,-0.72,-250.14,-69.16,-1.31
47,-34,0.06,-0.21,-0.60,-250.14,-68.05,-0.07
48,-33,0.06,-0.12,-0.59,-250.14,-65.71,8.27
49,-32,0.01,0.01,-0.69,-250.14,-58.85,-8.87
50,-31,-0.16,0.35,-0.98,-246.81,-51.56,-0.65
51,-34,-0.26,0.66,-1.08,-77.82,-67.45,38.09
52,-35,-0.16,0.78,-0.90,78.41,-83.27,184.19
53,-37,-0.04,0.69,-0.79,107.69,-8.30,81.70
54,-36,-0.31,0.74,-0.78,83.40,23.50,53.26
55,-36,0.05,0.70,-0.35,143.56,-0.21,102.09
56,-47,0.14,0.73,-0.24,206.58,-6.96,62.88
57,-43,0.17,1.07,-1.73,91.05,-8.02,109.37
58,-42,0.42,1.29,-2.00,41.39,-40.48,70.44
59,-46,0.33,1.15,-1.75,0.21,-63.11,-10.92
60,-43,0.08,0.98,-1.47,-38.41,-13.20,-28.95
61,-40,0.04,0.93,-1.57,-67.34,8.36,1.33
62,-40,0.08,0.83,-1.30,-69.86,19.82,3.33
63,-37,0.08,0.64,-0.98,-67.89,27.89,-35.98
64,-35,0.09,0.49,-0.82,-85.49,38.76,-71.21
65,-34,0.08,0.39,-0.71,-103.33,37.79,-97.38
66,-34,0.06,0.29,-0.64,-107.50,32.18,-119.02
67,-33,0.03,0.19,-0.54,-101.93,17.60,-130.45
68,-33,-0.01,0.12,-0.41,-92.64,-0.08,-128.88
69,-32,-0.04,0.07,-0.38,-84.46,-10.73,-115.48
70,-32,-0.09,0.05,-0.50,-84.70,-8.39,-94.56
71,-30,-0.21,0.18,-0.75,-83.46,0.10,-72.61
72,-30,-0.00,0.59,-1.77,-3.59,25.34,-81.95
73,-31,-0.23,0.35,-1.60,205.33,-46.82,15.45
74,-31,-0.32,0.27,-1.57,213.61,15.50,71.73
75,-34,0.18,-0.02,-1.67,140.01,10.52,-88.48
76,-38,-0.04,-0.13,-1.44,158.44,-6.84,-98.47
77,-49,-0.12,-0.03,-1.23,227.97,15.61,28.16
78,-42,-0.09,-0.07,-1.24,227.64,36.03,87.99
79,-39,-0.18,-0.07,-1.11,206.47,45.60,101.22
80,-45,-0.13,-0.04,-1.10,202.92,54.39,114.76
81,-47,0.01,-0.01,-1.13,185.56,47.78,118.47
82,-46,-0.06,0.07,-1.11,146.89,39.08,76.65
83,-63,-0.06,0.09,-1.12,112.47,27.66,52.63
84,-46,-0.04,0.06,-1.67,30.86,15.56,-1.86
85,-47,-0.04,0.09,-1.59,16.01,-4.16,-22.61
86,-51,-0.08,0.07,-1.37,1.01,-15.60,-40.66
87,-50,-0.09,0.02,-1.34,-37.35,-11.74,-56.02
88,-56,-0.13,-0.06,-1.36,-91.64,-14.80,-57.25
89,-55,-0.12,-0.06,-1.28,-126.74,-19.24,-47.76
90,-38,-0.04,-0.09,-1.18,-170.00,-42.17,-32.58
91,-36,-0.06,-0.08,-1.14,-174.34,-48.51,-24.37
92,-36,-0.05,-0.06,-1.05,-169.22,-53.72,-7.56
93,-38,-0.03,-0.03,-0.89,-154.95,-54.03,8.67
94,-35,0.01,0.01,-0.73,-140.93,-50.84,16.87
95,-37,0.02,0.03,-0.61,-133.67,-44.90,11.85
96,-35,0.04,0.04,-0.55,-135.44,-39.83,-6.66
97,-33,0.01,0.07,-0.59,-146.50,-30.24,-38.82
98,-32,-0.13,0.19,-0.94,-140.66,-19.44,-86.44
99,-33,0.02,0.11,-2.00,-84.66,-16.24,-148.94
100,-34,-0.22,0.07,-1.14,140.22,24.46,37.71
101,-39,-0.09,-0.02,-1.00,133.99,40.15,6.73
102,-41,-0.09,0.00,-0.93,199.01,45.25,84.31
103,-45,0.01,0.05,-1.04,180.16,38.76,88.75
104,-58,0.03,0.05,-1.08,165.44,21.79,61.27
105,-51,-0.03,0.01,-1.04,137.18,17.05,44.94
106,-54,-0.08,-0.02,-1.39,96.16,34.85,25.28
107,-56,-0.09,0.02,-1.90,71.98,28.12,-0.98
108,-48,-0.15,-0.01,-2.00,71.74,-0.98,-28.12
109,-49,-0.08,-0.06,-1.63,34.87,-41.24,1.85
110,-50,0.01,-0.09,-1.27,-20.68,-4.55,-22.63
111,-43,-0.17,-0.11,-1.44,-65.02,6.11,-39.81
112,-49,-0.17,0.00,-1.34,-75.92,-12.68,-36.02
113,-54,-0.06,0.09,-1.01,-73.81,-17.82,-39.43
114,-55,-0.06,0.00,-1.01,-89.93,-15.05,-52.19
115,-66,-0.09,0.02,-0.96,-100.34,-20.61,-58.83
116,-44,-0.06,0.06,-0.85,-85.72,-28.79,-60.69
117,-43,-0.07,0.05,-0.78,-65.32,-38.57,-58.82
118,-44,-0.06,0.05,-0.70,-55.20,-51.32,-52.80
119,-40,-0.08,0.04,-0.68,-61.28,-62.92,-42.19
120,-37,-0.05,0.01,-0.86,-155.67,-62.88,-28.44
121,-37,-0.18,0.12,-1.33,-187.93,-39.61,-87.27
122,-36,-0.20,0.03,-2.00,-156.92,-13.92,-135.09
123,-34,-0.43,0.20,-1.69,-30.32,-101.99,-63.98
124,-34,-0.17,-0.16,-1.33,-89.99,-47.74,-14.42
125,-36,-0.22,-0.01,-1.05,-62.37,-18.86,-13.02
126,-38,-0.34,0.09,-0.79,5.28,-9.25,23.53
127,-37,-0.26,0.07,-0.67,31.74,12.21,63.16
128,-36,-0.06,0.08,-0.35,38.93,32.13,53.50
129,-44,0.07,0.15,-1.22,68.05,61.98,45.40
130,-51,-0.03,0.10,-2.00,190.60,19.18,44.89
131,-43,-0.06,0.04,-1.91,209.53,-10.89,110.94
132,-42,0.16,-0.10,-1.95,154.92,-2.80,97.24
133,-44,-0.01,-0.06,-1.64,151.31,1.14,61.81
134,-45,-0.20,-0.12,-1.57,130.44,36.51,68.84
135,-46,-0.07,0.06,-1.36,100.55,49.61,75.47
136,-50,0.04,0.12,-1.07,101.97,16.73,24.77
137,-59,0.03,0.15,-0.87,80.53,2.67,0.46
138,-65,-0.01,0.18,-0.68,63.85,-2.29,-24.02
139,-73,-0.05,0.15,-0.54,49.60,-8.49,-29.74
140,-56,-0.08,0.12,-0.39,33.58,-14.56,-24.00
141,-70,-0.10,0.07,-0.35,8.09,-9.76,-7.62
142,-65,-0.10,0.02,-0.56,-28.40,10.24,15.14
143,-61,-0.21,0.24,-1.52,57.70,-78.27,23.08
144,-56,0.04,0.04,-1.57,-11.80,-4.79,-33.48
145,-52,0.04,-0.15,-1.95,-123.73,-22.24,-111.07
146,-44,-0.07,-0.18,-1.65,-159.43,-51.62,-139.50
147,-41,-0.10,-0.27,-1.54,-192.38,-58.15,-113.23
148,-40,-0.12,-0.18,-1.43,-215.50,-67.98,-74.26
149,-39,-0.18,-0.12,-1.30,-208.31,-74.93,-45.08
150,-38,-0.14,-0.07,-1.12,-195.95,-61.04,-21.21
151,-38,-0.02,-0.00,-0.77,-186.56,-54.26,4.60
152,-39,0.06,0.05,-0.82,-204.37,-39.15,3.14
153,-39,0.08,0.28,-1.22,-179.27,-12.53,-24.98
154,-38,0.06,0.45,-1.81,-72.60,-34.69,-74.81
155,-37,-0.11,0.33,-1.56,-2.05,-45.67,-51.59
156,-38,0.04,0.13,-1.02,22.21,-33.07,-45.77
157,-37,-0.13,0.08,-0.92,58.48,-6.04,-24.09
158,-40,-0.20,0.07,-0.91,78.42,14.85,19.05
159,-40,-0.17,0.10,-0.77,94.41,31.10,55.25
160,-41,-0.07,0.11,-0.64,120.57,35.16,72.21
161,-39,-0.03,0.10,-0.55,138.37,31.72,75.73
162,-39,0.01,0.08,-0.55,140.88,28.46,67.77
163,-38,0.03,0.09,-0.52,142.48,16.90,54.97
164,-44,0.01,0.08,-0.58,139.55,2.79,43.53
165,-47,-0.02,0.06,-0.83,119.38,6.72,39.51
166,-49,-0.05,0.02,-1.50,104.35,27.39,21.97
167,-49,-0.11,0.00,-2.00,164.04,11.59,20.75
168,-52,-0.36,0.01,-2.00,234.41,17.55,82.47
169,-56,-0.26,-0.08,-2.00,180.31,28.76,137.95
170,-53,-0.01,-0.02,-1.58,135.80,29.11,96.66
171,-53,-0.15,-0.04,-1.37,101.15,35.33,38.38
172,-60,-0.12,0.08,-1.14,76.37,23.79,44.53
173,-65,-0.06,0.20,-0.81,80.31,20.03,44.95
174,-60,-0.08,0.21,-0.63,83.64,27.40,43.02
175,-58,-0.02,0.23,-0.60,66.80,22.11,22.57
176,-55,0.01,0.27,-0.60,45.89,11.44,-17.62
177,-52,-0.04,0.24,-0.54,26.34,0.02,-52.16
178,-61,-0.08,0.18,-0.52,0.52,-7.83,-70.02
179,-53,-0.08,0.18,-0.67,-23.91,-11.12,-83.54
180,-48,-0.11,0.17,-1.29,-44.63,-19.49,-104.80
181,-48,0.05,-0.23,-2.00,-108.06,-17.76,-171.62
182,-41,-0.23,-0.46,-2.00,-250.14,-112.32,-53.34
183,-39,-0.22,-0.30,-1.81,-250.14,-85.92,4.76
184,-40,0.00,-0.12,-1.36,-250.14,-67.31,47.88
185,-46,0.09,-0.08,-1.19,-240.38,-46.55,55.53
186,-46,0.12,-0.05,-1.06,-221.05,-43.44,40.53
187,-44,0.11,0.02,-0.51,-149.48,-48.82,-43.43
188,-44,0.08,0.02,-0.45,-127.81,-48.73,-53.57
189,-46,0.06,0.01,-0.42,-116.27,-41.49,-60.75
190,-46,-0.00,0.08,-0.49,-84.37,-23.67,-79.11
191,-38,-0.02,0.10,-0.88,-12.91,-13.02,-100.36
192,-35,-0.18,0.13,-1.54,129.14,14.84,-80.76
193,-37,-0.30,0.08,-1.06,216.74,51.93,20.71
194,-39,-0.10,0.01,-1.03,227.29,90.76,29.73
195,-44,0.08,-0.11,-1.32,250.13,105.36,-30.09
196,-56,-0.04,-0.19,-1.60,250.13,108.61,-33.40
197,-56,-0.03,-0.17,-1.75,250.13,110.73,6.44
198,-59,-0.20,-0.26,-1.85,250.13,103.29,61.76
199,-55,-0.15,-0.27,-1.77,205.13,102.06,117.74
200,-55,-0.11,-0.17,-1.62,163.76,95.45,144.19
201,-56,-0.11,-0.04,-1.32,143.52,72.02,162.32
202,-56,0.03,0.14,-0.69,103.92,47.75,135.69
203,-56,0.03,0.24,-0.95,77.25,40.47,83.98
204,-54,-0.07,0.13,-1.79,58.08,-56.85,-40.15
205,-59,-0.00,0.02,-1.26,-68.19,6.83,-49.05
206,-61,-0.19,-0.12,-1.80,-109.41,-20.37,-45.28
207,-61,-0.21,-0.08,-1.45,-141.40,-22.91,11.66
208,-52,0.02,0.03,-1.28,-166.60,-12.77,9.81
209,-56,0.04,0.01,-1.48,-184.73,-10.29,-21.21
210,-47,0.06,-0.01,-1.55,-202.15,-22.90,-47.15
211,-41,0.08,-0.04,-1.46,-207.90,-35.66,-77.98
212,-37,0.04,-0.11,-1.38,-211.62,-49.24,-98.16
213,-36,0.01,-0.13,-1.16,-207.82,-58.67,-99.40
214,-36,-0.00,-0.11,-0.96,-202.78,-61.15,-90.06
215,-37,-0.03,-0.11,-0.87,-208.18,-60.91,-76.60
216,-39,-0.02,0.02,-1.47,-174.70,-42.16,-102.47
217,-40,-0.07,-0.00,-2.00,-87.83,-45.60,-129.89
218,-36,-0.27,0.02,-1.17,8.71,-10.11,-59.19
219,-35,-0.06,-0.12,-1.01,-8.37,-1.40,-65.16
220,-36,-0.16,-0.05,-0.80,52.61,30.02,-6.67
221,-38,-0.20,-0.04,-0.77,79.22,43.95,64.18
222,-42,-0.16,0.00,-0.67,95.83,58.07,104.75
223,-47,-0.10,0.02,-0.65,123.31,69.45,123.48
224,-51,-0.00,0.01,-0.75,142.54,67.99,128.24
225,-58,0.06,0.03,-0.74,156.21,56.44,121.76
226,-46,0.06,0.04,-0.76,162.05,46.27,101.62
227,-50,-0.01,0.10,-1.45,146.97,48.34,17.55
228,-54,-0.08,0.01,-2.00,185.10,46.72,-71.82
229,-56,-0.02,-0.23,-1.69,94.26,2.08,46.55
230,-64,-0.18,0.07,-1.21,47.92,25.59,114.23
231,-61,0.01,0.15,-0.99,55.82,14.15,117.44
232,-53,0.09,0.16,-0.93,45.81,6.77,83.60
233,-52,0.10,0.18,-0.96,23.19,-4.77,38.34
234,-50,0.06,0.20,-0.91,14.34,-17.92,0.50
235,-60,0.00,0.17,-0.80,11.80,-21.13,-17.79
236,-50,-0.02,0.14,-0.76,-1.66,-19.92,-21.73
237,-56,-0.03,0.13,-0.73,-25.05,-19.58,-25.98
238,-57,-0.01,0.10,-0.58,-52.27,-22.67,-31.98
239,-57,0.01,0.08,-0.45,-80.03,-15.12,-30.89
240,-47,-0.02,-0.06,-2.00,-123.47,8.73,-83.80
241,-43,-0.09,-0.02,-2.00,-109.69,-59.31,-80.85
242,-42,-0.16,-0.22,-2.00,-118.49,-35.84,-94.03
243,-40,-0.18,-0.12,-1.91,-148.62,-50.40,-115.76
244,-40,-0.17,-0.25,-1.61,-182.05,-58.31,-127.20
245,-38,-0.09,-0.24,-1.37,-217.26,-57.18,-108.46
246,-36,-0.09,-0.11,-1.04,-194.84,-55.44,-88.08
247,-34,-0.17,-0.05,-0.85,-155.83,-50.79,-51.44
248,-33,-0.16,0.02,-0.67,-122.52,-30.55,-13.56
249,-33,-0.11,0.09,-0.54,-85.51,-13.17,9.83
250,-33,-0.04,0.07,-0.46,-65.27,-4.95,18.27
251,-33,0.04,0.07,-0.37,-69.40,-5.53,7.08
252,-33,0.05,0.12,-0.36,-86.72,-4.37,-10.28
253,-33,0.05,0.30,-0.57,-100.35,21.08,-25.66
254,-32,-0.09,0.60,-1.88,43.11,12.24,-105.30
255,-33,-0.26,0.52,-1.36,104.57,-20.41,-31.20
256,-35,-0.04,0.36,-1.30,86.66,4.82,-58.05
257,-37,-0.18,0.25,-1.15,92.43,28.45,-93.64
258,-40,-0.36,0.27,-1.04,136.82,41.42,-72.58
259,-41,-0.40,0.19,-1.02,137.89,30.58,-69.28
260,-42,-0.34,0.13,-0.87,104.29,22.63,-65.66
261,-44,-0.33,0.17,-0.70,98.49,28.21,-47.90
262,-49,-0.29,0.08,-0.76,92.69,-0.18,-19.27
263,-55,-0.35,0.10,-0.72,76.56,3.92,-7.95
264,-54,-0.39,0.08,-0.79,69.72,-5.27,11.12
265,-48,-0.29,0.05,-0.91,44.37,-7.78,26.50
266,-49,-0.41,0.02,-2.00,45.34,-17.28,32.68
267,-48,-0.37,-0.04,-1.68,7.67,-3.17,18.73
268,-47,-0.22,-0.06,-1.38,-30.76,16.37,-1.82
269,-47,-0.17,0.00,-1.29,-28.76,24.02,-22.08
270,-46,-0.21,0.00,-1.06,-18.44,13.90,-32.99
271,-46,-0.21,-0.02,-0.76,-15.94,17.70,-40.32
272,-47,-0.16,-0.01,-0.55,-3.23,28.18,-64.03
273,-49,-0.13,-0.02,-0.68,12.25,31.16,-92.92
274,-47,-0.07,-0.06,-0.97,12.23,25.47,-124.01
275,-48,-0.04,-0.22,-1.32,14.19,7.10,-151.95
276,-47,-0.09,-0.30,-1.26,11.02,-3.39,-132.37
277,-47,-0.12,-0.31,-1.04,-4.69,1.03,-110.79
278,-47,-0.12,-0.30,-0.94,-7.36,3.80,-83.37
279,-48,-0.11,-0.25,-1.03,-3.05,-0.42,-45.79
280,-47,-0.05,-0.19,-1.13,0.10,-11.21,-17.02
281,-48,-0.03,-0.17,-1.16,-2.72,-27.88,14.27
282,-48,-0.02,-0.16,-1.09,-16.76,-26.11,17.14
283,-47,-0.04,-0.14,-1.03,-21.40,-20.37,13.15
284,-48,-0.03,-0.13,-1.10,-20.50,-15.45,11.91
285,-47,0.01,-0.12,-1.15,-17.85,-13.89,7.96
286,-46,0.00,-0.11,-1.08,-12.40,-13.02,-2.18
287,-46,-0.00,-0.12,-1.09,-11.15,-11.27,-13.05
288,-46,-0.02,-0.12,-1.04,-11.01,-8.73,-18.53
289,-46,-0.04,-0.13,-1.10,-1.60,-7.06,-12.81
290,-47,-0.03,-0.13,-1.09,-0.84,-6.72,-5.81
291,-48,-0.05,-0.11,-1.10,1.36,-5.47,-0.94
292,-47,-0.04,-0.11,-1.07,-0.04,-3.00,1.81
293,-48,-0.04,-0.10,-1.09,-0.05,1.80,-2.49
294,-49,-0.05,-0.12,-1.12,-0.44,1.05,-7.43
295,-48,-0.05,-0.12,-1.08,-0.83,1.83,-6.26
296,-47,-0.08,-0.11,-1.08,4.21,4.46,-5.31
297,-46,-0.08,-0.10,-1.10,6.30,6.07,-5.78
298,-46,-0.06,-0.09,-1.08,5.95,5.21,-9.89
299,-46,-0.08,-0.09,-1.08,7.48,3.80,-15.78
300,-46,-0.10,-0.09,-1.09,6.64,2.26,-16.44
301,-46,-0.10,-0.10,-1.13,6.28,-2.43,-8.91
302,-46,-0.10,-0.10,-1.13,5.08,-4.53,-5.14
303,-46,-0.10,-0.11,-1.12,0.74,-5.87,-2.58
304,-46,-0.10,-0.10,-1.07,-0.82,-5.84,-1.79
305,-46,-0.08,-0.08,-1.07,2.22,-6.08,-3.65
306,-47,-0.07,-0.09,-1.06,3.49,-7.72,-4.89
307,-46,-0.07,-0.08,-1.08,6.31,-7.69,-8.51
308,-46,-0.07,-0.09,-1.12,3.60,-8.15,-8.68
309,-47,-0.07,-0.09,-1.11,0.74,-8.06,-6.87
310,-48,-0.06,-0.09,-1.09,-0.27,-8.27,-4.67
311,-47,-0.06,-0.08,-1.11,-2.44,-6.63,-5.54
312,-47,-0.05,-0.10,-1.09,-6.77,-7.95,-8.93
313,-46,-0.08,-0.10,-1.09,-7.40,-7.06,-6.84
314,-46,-0.07,-0.11,-1.12,-6.95,-7.82,-3.10
315,-49,-0.05,-0.10,-1.11,-7.04,-7.28,-4.57
316,-49,-0.07,-0.11,-1.09,-7.27,-6.85,-4.63
317,-48,-0.07,-0.10,-1.08,-3.92,-6.69,-2.64
318,-48,-0.07,-0.10,-1.08,-0.63,-5.18,-0.34
319,-48,-0.06,-0.09,-1.08,1.90,-5.01,-0.51
320,-47,-0.08,-0.08,-1.10,4.30,-4.63,-3.15
321,-47,-0.08,-0.08,-1.11,4.08,-5.60,-0.63
322,-47,-0.08,-0.07,-1.10,3.15,-4.99,1.40
323,-47,-0.08,-0.07,-1.12,2.18,-5.79,3.00
324,-48,-0.08,-0.06,-1.09,1.34,-5.71,2.72
325,-48,-0.07,-0.05,-1.09,1.23,-5.30,1.72
326,-48,-0.09,-0.04,-1.09,2.44,-5.14,0.56
327,-49,-0.08,-0.04,-1.09,2.48,-5.15,-0.84
328,-50,-0.08,-0.04,-1.10,3.47,-4.63,-3.05
329,-50,-0.09,-0.04,-1.09,2.45,-4.82,-5.08
0,-56,-0.08,-0.24,-1.14,-6.54,-23.27,-58.32
1,-58,-0.03,0.05,-2.00,236.31,113.93,138.02
2,-57,-0.06,0.06,-2.00,241.95,105.26,77.07
3,-49,-0.12,-0.02,-1.99,214.02,72.63,35.70
4,-55,-0.18,0.08,-1.41,187.87,54.71,42.41
5,-56,-0.22,0.16,-0.98,176.36,49.21,45.09
6,-52,-0.21,0.13,-0.74,150.50,46.08,53.05
7,-58,-0.05,0.17,-0.48,52.64,22.76,80.16
8,-55,-0.08,0.21,-0.64,40.33,13.15,79.38
9,-55,0.04,0.28,-0.95,25.34,-11.69,60.77
10,-53,0.15,0.20,-1.32,-14.79,-25.46,21.10
11,-54,0.22,0.07,-1.67,-93.19,-26.49,-10.89
12,-48,0.15,0.01,-1.75,-155.98,-32.86,-53.70
13,-47,0.04,-0.20,-2.00,-199.82,-42.96,-62.98
14,-38,0.04,-0.24,-2.00,-250.14,-31.43,-67.67
15,-37,0.08,-0.23,-2.00,-250.14,-35.79,-83.40
16,-36,0.12,-0.20,-2.00,-250.14,-50.88,-93.68
17,-35,0.16,-0.20,-1.70,-250.14,-67.14,-99.90
18,-35,0.18,-0.28,-1.19,-231.30,-80.96,-119.51
19,-37,0.18,-0.38,-0.80,-194.61,-83.98,-132.48
20,-37,0.13,-0.43,-0.55,-162.58,-81.38,-116.34
21,-37,0.18,-0.46,-0.50,-133.34,-69.62,-79.41
22,-36,0.09,-0.41,-0.72,-78.18,-51.92,-41.36
23,-33,0.02,-0.33,-1.16,-16.73,-24.40,23.50
24,-32,0.15,-0.20,-1.27,25.56,2.44,61.55
25,-32,0.11,-0.06,-1.13,74.89,16.56,48.57
26,-34,-0.08,0.09,-1.35,137.37,41.27,59.78
27,-37,-0.14,0.24,-1.59,189.53,61.90,83.23
28,-40,-0.07,0.34,-1.69,233.60,64.46,97.97
29,-47,-0.10,0.13,-1.72,250.13,76.11,40.46
30,-46,-0.16,0.06,-1.74,250.13,82.35,47.72
31,-48,-0.12,0.07,-1.59,250.13,71.37,59.37
32,-52,-0.09,0.07,-1.30,250.13,51.98,57.37
33,-62,-0.11,0.09,-0.98,225.23,37.23,50.86
34,-62,-0.09,0.14,-0.71,175.68,35.13,46.21
35,-63,-0.05,0.15,-0.58,128.80,30.59,47.44
36,-68,-0.06,0.17,-0.64,90.11,27.68,54.77
37,-57,-0.03,0.30,-1.04,62.17,0.97,43.46
38,-51,0.09,0.28,-1.42,17.90,-16.53,8.80
39,-57,0.02,0.23,-1.37,-38.74,-26.21,-12.11
40,-53,-0.05,0.15,-1.46,-88.41,-22.23,-7.40
41,-50,0.05,0.01,-1.94,-157.45,-13.89,-3.92
42,-47,0.17,-0.20,-2.00,-250.14,-26.17,-77.65
43,-38,0.09,-0.31,-2.00,-250.14,-30.37,-85.15
44,-37,0.08,-0.22,-2.00,-250.14,-31.73,-69.29
45,-35,0.12,-0.13,-1.71,-250.14,-34.05,-52.15
46,-34,0.21,-0.17,-1.06,-202.65,-31.53,-73.15
47,-36,0.34,-0.31,-0.69,-191.64,-45.15,-138.67
48,-31,0.14,-0.53,-1.03,-16.94,-21.18,1.51
49,-30,0.29,-0.42,-1.34,65.11,11.87,67.05
50,-31,0.37,-0.32,-1.37,120.40,34.05,47.31
51,-32,0.17,-0.26,-1.46,172.98,59.76,24.50
52,-34,0.04,-0.15,-1.75,223.54,90.51,40.86
53,-39,-0.08,-0.01,-2.00,250.13,107.58,88.56
54,-51,0.01,0.21,-2.00,237.40,45.87,115.14
55,-47,-0.13,0.18,-2.00,226.97,33.40,101.92
56,-50,-0.15,0.17,-1.81,215.50,24.02,139.65
57,-52,-0.08,0.22,-1.43,202.24,12.96,171.47
58,-62,0.05,0.42,-0.65,171.03,14.44,110.72
59,-70,0.10,0.45,-0.47,146.74,-1.69,50.72
60,-65,0.14,0.39,-0.36,84.50,-2.99,-11.31
61,-56,0.11,0.33,-0.30,34.39,-0.11,-46.89
62,-58,0.05,0.39,-0.80,0.87,-8.24,-74.52
63,-52,0.13,0.38,-1.31,-39.85,-32.84,-122.08
64,-53,0.12,0.12,-1.67,-117.92,-48.29,-137.59
65,-49,-0.06,0.04,-1.96,-192.05,-44.67,-101.02
66,-39,0.21,-0.09,-2.00,-243.39,-48.96,-70.33
67,-36,0.17,-0.20,-2.00,-250.14,-80.79,-82.41
68,-36,0.02,-0.41,-2.00,-250.14,-64.26,-92.94
69,-34,0.01,-0.22,-2.00,-250.14,-47.43,-67.94
70,-33,0.17,-0.08,-2.00,-250.14,-45.30,-54.54
71,-37,0.21,-0.04,-1.56,-250.14,-55.51,-59.85
72,-39,0.19,-0.08,-1.19,-208.58,-59.44,-62.23
73,-41,0.23,-0.13,-0.86,-162.44,-62.72,-73.27
74,-44,0.17,-0.17,-0.59,-121.42,-58.49,-85.11
75,-43,0.26,-0.40,-0.38,-60.20,-39.47,-106.02
76,-39,0.21,-0.44,-0.44,-27.44,-23.53,-84.71
77,-34,0.12,-0.35,-0.75,14.92,0.25,-12.76
78,-31,0.28,-0.05,-1.51,150.22,32.85,108.74
79,-34,-0.03,0.18,-1.87,223.66,41.44,105.85
80,-36,-0.03,0.37,-2.00,241.69,48.74,141.04
81,-41,0.05,0.45,-2.00,250.13,39.80,136.87
82,-48,0.01,0.42,-2.00,250.13,29.55,116.00
83,-50,-0.08,0.28,-2.00,250.13,20.47,118.50
84,-50,-0.05,0.20,-1.79,250.13,16.33,133.40
85,-53,-0.00,0.18,-1.51,221.60,10.81,151.18
86,-54,0.01,0.23,-1.17,191.68,10.85,158.69
87,-61,0.05,0.33,-0.76,157.40,15.75,132.98
88,-60,0.13,0.41,-0.43,130.15,13.01,79.92
89,-59,0.17,0.42,-0.24,93.18,4.09,18.44
90,-75,0.13,0.36,-0.38,50.25,5.18,-11.61
91,-50,0.05,0.39,-1.61,-90.53,-38.02,-152.56
92,-43,-0.02,0.12,-2.00,-206.53,-37.05,-130.79
93,-37,0.02,0.05,-2.00,-250.14,-49.32,-103.08
94,-38,-0.04,0.10,-2.00,-250.14,-81.36,-76.86
95,-35,0.08,-0.16,-2.00,-250.14,-77.43,-75.37
96,-34,0.15,-0.05,-2.00,-250.14,-61.62,-85.59
97,-35,0.16,-0.04,-1.90,-250.14,-60.44,-72.60
98,-35,0.20,-0.07,-1.43,-238.84,-52.55,-58.20
99,-38,0.19,-0.13,-1.18,-200.50,-38.90,-55.89
100,-36,0.24,-0.19,-0.97,-176.33,-36.50,-55.76
101,-39,0.29,-0.23,-0.77,-164.60,-41.80,-58.16
102,-39,0.25,-0.25,-0.70,-156.78,-53.13,-48.87
103,-35,0.09,0.26,-0.92,-124.45,-41.47,42.55
104,-40,-0.21,0.70,-0.53,25.60,-31.96,100.85
105,-48,-0.22,1.25,-0.50,209.50,-26.21,156.53
106,-59,-0.04,1.23,-0.53,228.18,-22.92,141.42
107,-61,0.03,1.01,-0.36,221.50,-39.53,99.31
108,-40,0.01,0.72,-0.36,226.93,-64.03,66.73
109,-41,0.09,0.70,-0.46,239.45,-92.06,82.42
110,-40,0.41,1.42,-1.22,-78.76,35.59,0.61
111,-35,0.42,1.36,-1.50,-139.40,44.58,-70.12
112,-35,0.23,1.33,-1.63,-180.69,65.51,-75.21
113,-35,0.23,1.30,-1.67,-193.12,83.34,-78.06
114,-36,0.24,1.20,-1.62,-188.08,90.02,-91.03
115,-34,0.21,1.15,-1.47,-154.28,89.72,-105.15
116,-35,0.18,0.90,-1.30,-109.85,72.72,-118.88
117,-39,0.12,0.56,-0.89,-82.63,57.77,-130.61
118,-39,0.11,0.31,-0.59,-54.35,51.36,-131.76
119,-34,0.11,-0.25,-0.57,7.72,13.88,-115.55
120,-33,0.10,-0.26,-0.52,9.81,6.73,-91.57
121,-32,-0.01,-0.00,-0.95,83.53,14.83,28.34
122,-33,0.10,0.52,-1.80,184.12,1.47,96.30
123,-35,-0.10,0.83,-2.00,180.26,-7.60,76.03
124,-37,-0.30,1.01,-1.84,185.86,-16.77,89.84
125,-42,-0.20,0.75,-1.24,183.11,-34.82,75.99
126,-41,-0.19,0.61,-0.91,171.14,-34.25,99.90
127,-44,-0.07,0.58,-0.63,168.14,-33.40,125.82
128,-51,-0.06,0.52,-0.38,-14.95,-5.46,6.56
129,-40,-0.08,0.90,-1.04,-68.14,-2.82,-15.78
130,-41,-0.02,1.01,-1.50,-142.37,-5.14,-46.39
131,-38,-0.09,1.05,-1.85,-195.15,2.41,-83.98
132,-36,-0.23,1.02,-2.00,-217.98,19.53,-107.58
133,-35,-0.31,0.73,-2.00,-233.82,12.28,-94.31
134,-33,-0.28,0.65,-1.84,-225.90,14.77,-68.06
135,-36,-0.19,0.63,-1.65,-182.30,28.60,-75.98
136,-36,-0.14,0.51,-1.37,-135.21,17.99,-72.77
137,-34,0.00,0.36,-0.95,-106.48,8.53,-61.85
138,-36,0.12,0.13,-0.69,-97.37,3.67,-78.72
139,-36,0.08,-0.13,-0.63,-79.28,-29.27,-64.55
140,-37,0.05,-0.10,-0.67,-92.29,-34.81,-46.73
141,-34,-0.01,0.25,-0.90,-22.69,-37.24,17.42
142,-33,-0.05,0.31,-0.81,55.18,-38.78,51.93
143,-32,-0.07,0.33,-0.73,107.81,-28.81,87.02
144,-33,-0.04,0.36,-0.74,143.02,-12.94,92.45
145,-37,-0.02,0.25,-0.76,212.22,-4.00,84.78
146,-41,-0.08,0.31,-0.94,243.36,-1.45,99.15
147,-43,-0.00,0.29,-1.14,231.89,0.63,95.01
148,-47,0.01,0.32,-1.06,204.46,0.36,63.08
149,-56,-0.05,0.45,-1.31,198.92,7.32,54.61
150,-49,-0.09,0.51,-1.48,180.91,8.31,50.98
151,-50,-0.13,0.65,-1.50,153.50,6.33,43.53
152,-53,-0.13,0.72,-1.43,111.76,-1.21,24.31
153,-56,-0.20,0.84,-1.04,39.37,-12.14,25.60
154,-41,-0.04,0.75,-0.93,-53.66,-0.21,-10.35
155,-40,-0.03,0.67,-0.85,-102.81,15.00,-57.90
156,-38,0.01,0.81,-1.11,-124.06,22.44,-95.88
157,-35,0.09,0.83,-1.86,-144.28,16.66,-168.56
158,-35,-0.07,0.54,-2.00,-170.61,-5.97,-196.44
159,-35,-0.12,0.50,-2.00,-160.73,-46.92,-161.31
160,-34,-0.13,0.35,-2.00,-176.33,-50.02,-127.97
161,-35,0.11,-0.17,-0.63,-46.68,-24.01,-90.85
162,-35,0.19,-0.29,-0.61,-2.98,-5.83,-65.85
163,-40,0.20,-0.40,-0.72,20.80,12.56,-34.85
164,-37,0.09,-0.33,-0.98,39.11,30.91,26.42
165,-34,0.03,-0.10,-1.87,79.67,52.81,114.95
166,-38,0.10,0.15,-1.92,100.33,35.84,159.05
167,-41,-0.18,0.49,-1.79,104.58,33.74,132.68
168,-40,-0.29,0.84,-1.69,137.02,20.48,123.73
169,-46,-0.28,0.90,-1.58,149.21,-0.19,91.81
170,-48,-0.23,0.97,-1.43,139.47,-21.39,35.78
171,-51,-0.23,0.63,-0.92,116.50,-21.29,-21.78
172,-54,-0.21,0.56,-0.12,-11.29,-18.40,27.18
173,-46,-0.38,0.73,-0.67,-79.44,-30.74,-8.18
174,-42,-0.40,1.01,-1.61,-153.17,-41.66,-70.63
175,-35,-0.54,1.11,-1.87,-168.52,-41.07,-65.21
176,-34,-0.50,1.06,-2.00,-166.09,-26.56,-62.51
177,-37,-0.38,0.63,-1.37,-140.31,-39.29,-39.17
178,-43,0.05,0.18,-0.74,-107.71,-21.11,-71.24
179,-46,0.23,-0.06,-0.51,-101.84,-9.53,-119.11
180,-47,0.22,-0.31,-0.41,-73.15,-16.07,-124.82
181,-48,0.15,-0.42,-0.35,-55.83,-6.40,-98.15
182,-46,0.08,-0.37,-0.36,-44.36,7.60,-63.21
183,-42,-0.12,-0.21,-0.69,-8.18,33.19,-19.02
184,-36,-0.17,0.03,-1.29,44.61,58.45,16.30
185,-34,-0.05,0.14,-1.19,108.69,39.75,42.30
186,-40,-0.47,0.56,-1.83,194.12,69.52,81.76
187,-38,-0.51,0.47,-1.86,184.18,66.10,97.39
188,-43,-0.55,0.57,-1.54,183.10,59.56,98.75
189,-46,-0.56,0.69,-1.48,215.02,57.15,127.06
190,-44,-0.33,0.53,-1.31,200.79,40.27,122.11
191,-54,-0.28,0.58,-0.94,171.02,22.75,112.57
192,-46,-0.20,0.66,-0.64,173.98,20.10,106.79
193,-41,-0.26,0.70,-0.64,-40.70,4.89,29.47
194,-47,-0.26,0.99,-1.82,-148.46,-16.82,-78.31
195,-38,-0.40,0.82,-2.00,-230.71,-31.38,-106.70
196,-41,-0.39,0.66,-2.00,-231.52,-41.92,-95.92
197,-45,-0.31,0.49,-2.00,-196.78,-73.03,-65.08
198,-36,-0.13,0.29,-1.52,-167.69,-37.93,-91.02
199,-37,0.06,0.07,-1.15,-124.23,-24.76,-126.53
200,-35,0.14,-0.15,-0.79,-87.33,-17.08,-135.02
201,-39,0.24,-0.39,-0.51,-38.38,-15.60,-89.80
202,-43,0.35,-0.45,-0.47,-16.40,-22.71,-67.44
203,-40,0.26,-0.44,-0.36,-1.11,-25.92,-55.49
204,-34,0.12,-0.33,-0.50,30.73,-10.59,-2.31
205,-32,-0.07,-0.21,-0.92,83.25,25.30,85.26
206,-33,-0.15,0.11,-1.82,189.61,91.62,178.44
207,-37,-0.14,0.27,-2.00,182.02,81.20,196.39
208,-42,-0.13,0.37,-2.00,184.61,62.92,209.62
209,-46,-0.14,0.47,-1.67,232.89,36.72,230.13
210,-58,0.01,0.34,-1.40,222.91,12.85,207.98
211,-49,0.09,0.30,-1.07,220.95,-11.21,185.02
212,-54,0.13,0.27,-0.71,227.91,-25.75,164.12
213,-52,0.17,0.32,-0.62,192.94,-30.41,118.58
214,-55,0.23,0.31,-0.53,146.98,-30.92,53.62
215,-58,0.14,0.30,-0.55,105.47,-14.81,3.06
216,-52,0.05,0.32,-0.77,70.32,2.65,-36.65
217,-53,0.11,0.15,-1.67,-44.24,-12.11,-109.61
218,-54,0.01,0.05,-1.81,-108.66,-3.11,-97.20
219,-51,-0.05,-0.13,-2.00,-188.99,-5.43,-94.08
220,-45,-0.08,-0.20,-2.00,-244.37,-10.95,-87.85
221,-40,-0.04,-0.32,-2.00,-250.14,-12.73,-77.93
222,-37,0.10,-0.23,-2.00,-250.14,-23.32,-91.90
223,-34,0.07,-0.28,-2.00,-250.14,-28.53,-121.08
224,-37,0.01,-0.23,-1.67,-250.14,-32.76,-122.88
225,-36,-0.02,-0.08,-1.18,-250.14,-33.69,-108.40
226,-31,-0.01,-0.01,-0.92,-224.80,-33.98,-97.21
227,-29,0.04,0.01,-0.61,-118.21,-41.06,-92.72
228,-29,-0.01,0.03,-0.73,-65.56,-39.11,-82.76
229,-31,-0.06,0.04,-0.83,-8.89,-26.69,-61.61
230,-32,-0.05,0.04,-0.92,46.22,-4.15,-39.75
231,-33,-0.02,0.00,-1.09,109.23,14.69,-16.97
232,-34,-0.06,-0.03,-1.18,172.08,33.15,21.40
233,-34,-0.04,-0.07,-1.25,215.57,51.90,62.24
234,-35,0.00,-0.09,-1.36,250.13,65.34,78.27
235,-36,0.00,-0.13,-1.57,250.13,73.95,85.66
236,-38,0.01,-0.16,-1.79,250.13,77.32,95.21
237,-42,0.01,-0.20,-1.94,250.13,73.21,100.02
238,-54,-0.04,-0.12,-1.57,182.96,57.63,143.09
239,-52,0.04,0.09,-1.24,86.34,12.30,114.40
240,-51,-0.02,0.08,-1.19,72.22,11.35,98.42
241,-59,-0.08,0.04,-1.24,41.06,13.47,95.95
242,-61,-0.05,0.06,-1.10,18.43,20.20,99.17
243,-54,-0.09,0.04,-0.98,2.95,35.42,96.93
244,-54,-0.09,0.04,-0.87,-15.40,50.66,62.18
245,-54,-0.12,-0.00,-1.12,-28.07,51.27,-29.48
246,-46,-0.09,-0.17,-1.16,-38.72,23.58,-121.15
247,-47,-0.14,-0.38,-1.14,-54.24,20.02,-167.01
248,-47,-0.13,-0.70,-1.14,-81.62,8.55,-205.92
249,-52,-0.19,-0.72,-0.88,-74.03,-0.78,-201.15
250,-45,-0.05,-0.68,-0.95,-47.53,-33.08,3.84
251,-55,0.00,-0.61,-0.86,-39.95,-33.95,53.06
252,-46,0.01,-0.53,-0.97,-34.30,-29.60,94.26
253,-48,0.09,-0.45,-1.09,-37.69,-27.65,101.07
254,-50,0.11,-0.38,-1.09,-33.76,-29.11,76.82
255,-44,0.14,-0.35,-1.17,-31.99,-30.59,54.79
256,-44,0.11,-0.35,-1.06,-28.95,-34.87,24.65
257,-49,0.08,-0.32,-1.02,-12.39,-26.64,25.55
258,-49,0.02,-0.31,-1.00,-2.02,-19.47,41.34
259,-47,0.06,-0.26,-1.05,6.44,-11.18,54.42
260,-46,0.02,-0.21,-1.09,12.98,-6.09,26.38
261,-46,0.00,-0.31,-1.28,11.88,-17.77,2.22
262,-50,-0.07,-0.30,-1.06,30.62,-16.69,22.82
263,-49,-0.18,-0.26,-0.87,44.63,3.47,40.93
264,-41,-0.11,-0.23,-0.94,31.35,19.83,6.20
265,-41,-0.09,-0.23,-1.02,38.37,9.16,1.59
266,-44,-0.12,-0.26,-1.10,37.63,0.84,4.00
267,-47,-0.19,-0.27,-1.08,28.76,-0.17,18.09
268,-46,-0.21,-0.25,-1.05,23.32,3.73,24.31
269,-43,-0.19,-0.31,-1.05,4.60,5.61,27.01
270,-45,-0.20,-0.30,-0.97,-4.14,-6.89,51.40
271,-45,-0.19,-0.29,-1.04,-0.49,-5.76,72.68
272,-47,-0.19,-0.23,-1.04,9.85,4.07,33.44
273,-46,-0.21,-0.22,-1.05,8.89,1.46,31.30
274,-46,-0.22,-0.21,-1.05,8.95,0.45,37.92
275,-46,-0.22,-0.20,-1.06,7.29,0.40,41.28
276,-47,-0.20,-0.16,-1.09,-0.81,1.89,31.48
277,-48,-0.21,-0.17,-1.11,-5.18,-1.12,21.18
278,-48,-0.22,-0.19,-1.08,-8.24,-4.31,19.24
279,-47,-0.24,-0.20,-1.06,-8.34,-6.69,21.39
280,-47,-0.23,-0.20,-1.03,-6.98,-6.27,27.77
281,-46,-0.22,-0.19,-1.02,-5.30,-6.17,28.53
282,-46,-0.21,-0.18,-1.07,-1.98,-6.80,19.20
283,-46,-0.22,-0.19,-1.05,-0.45,-6.29,13.21
284,-45,-0.22,-0.20,-1.06,-0.08,-5.46,14.82
285,-45,-0.21,-0.18,-1.09,6.69,-5.28,15.56
286,-45,-0.20,-0.18,-1.04,5.15,-5.93,13.42
0,-38,-0.07,-0.01,-1.13,6.49,-11.63,77.84
1,-38,-0.03,-0.12,-1.83,-248.47,23.53,-42.59
2,-34,0.05,-0.17,-1.80,-250.14,20.63,-87.14
3,-33,0.02,-0.16,-1.87,-250.14,-0.06,-102.89
4,-33,0.00,-0.16,-1.63,-250.14,-32.53,-101.55
5,-34,-0.10,-0.12,-1.27,-250.14,-48.36,-79.18
6,-32,-0.09,-0.10,-0.95,-204.84,-55.05,-43.97
7,-32,-0.07,-0.07,-0.41,-136.29,-30.87,2.71
8,-35,0.05,0.02,-0.30,-99.54,5.34,-28.76
9,-32,-0.08,0.16,-0.33,-71.13,13.21,-66.27
10,-28,-0.10,0.37,-0.83,7.79,21.18,-85.88
11,-32,-0.16,0.31,-1.92,206.24,26.95,-50.68
12,-33,-0.34,0.22,-1.24,250.13,8.61,84.90
13,-36,0.02,0.01,-1.48,250.13,66.75,10.11
14,-46,-0.12,-0.13,-1.70,250.13,41.09,-50.29
15,-52,-0.32,-0.26,-1.86,250.13,66.51,54.70
16,-47,-0.07,-0.23,-1.97,250.13,59.19,135.63
17,-46,0.12,0.16,-0.86,131.13,1.76,155.93
18,-53,0.17,0.22,-0.74,101.95,-9.17,99.97
19,-60,0.24,0.31,-0.82,76.79,-11.00,27.00
20,-57,0.27,0.34,-1.05,64.40,-22.58,-46.02
21,-50,0.07,0.17,-1.96,38.58,-40.69,-82.85
22,-52,0.13,-0.05,-1.56,-99.44,8.27,-73.92
23,-44,-0.28,-0.19,-2.00,-142.45,30.31,-116.47
24,-47,-0.20,-0.19,-1.83,-209.39,36.24,-57.93
25,-43,0.11,-0.14,-1.76,-250.14,25.42,-77.31
26,-36,0.06,-0.16,-1.75,-250.14,11.93,-93.54
27,-32,0.01,-0.13,-1.61,-250.14,-6.53,-112.10
28,-37,-0.04,-0.04,-0.92,-250.14,-31.66,-99.18
29,-33,-0.04,0.14,-1.29,-235.47,-29.12,-100.70
30,-31,-0.32,0.43,-1.15,-60.03,-32.81,-22.99
31,-30,-0.23,0.46,-1.11,47.08,8.92,103.61
32,-30,-0.04,0.43,-1.01,67.29,49.26,47.59
33,-32,-0.05,0.45,-1.01,113.41,43.15,-27.79
34,-37,-0.18,0.47,-0.90,183.15,31.04,16.34
35,-38,-0.16,0.45,-0.85,230.02,25.64,93.33
36,-41,-0.12,0.50,-0.96,241.39,15.63,121.88
37,-46,-0.17,0.62,-1.03,239.36,-15.79,186.66
38,-45,0.08,0.63,-1.07,214.60,-40.71,191.64
39,-50,0.02,0.67,-0.91,171.12,-50.67,169.40
40,-53,0.11,0.72,-0.81,138.40,-54.02,142.05
41,-46,0.18,0.74,-0.80,102.13,-49.68,81.82
42,-43,0.16,0.88,-0.75,71.33,-41.08,35.35
43,-40,0.28,1.06,-1.12,32.44,-27.92,-13.58
44,-43,0.14,0.86,-2.00,-77.73,-15.70,-95.82
45,-42,-0.05,0.73,-1.94,-146.56,8.43,-71.61
46,-40,-0.02,0.52,-1.54,-144.60,6.69,-14.51
47,-34,-0.00,0.38,-1.17,-166.23,26.72,-18.23
48,-32,-0.03,0.21,-0.93,-176.56,42.69,-46.63
49,-34,0.03,0.14,-0.84,-182.50,34.86,-60.19
50,-34,0.03,0.15,-0.77,-177.32,26.44,-73.58
51,-34,0.02,0.13,-0.75,-164.45,12.96,-83.27
52,-35,-0.07,0.21,-0.79,-142.85,-2.98,-78.81
53,-33,-0.02,0.45,-1.00,-75.08,-23.47,-50.84
54,-30,-0.10,0.51,-1.01,35.33,-48.98,10.05
55,-32,-0.18,0.48,-1.05,80.73,-33.30,70.08
56,-34,-0.11,0.42,-0.86,76.89,-14.74,41.18
57,-33,-0.20,0.43,-0.68,109.09,-13.89,24.40
58,-34,-0.14,0.40,-0.78,148.47,-22.95,57.26
59,-36,-0.06,0.71,-0.92,94.19,-30.78,65.49
60,-41,-0.01,0.80,-0.76,73.63,-26.02,62.26
61,-50,0.05,0.79,-0.60,79.69,-21.38,49.11
62,-37,0.10,0.65,-0.54,42.74,-12.69,22.42
63,-40,0.06,0.54,-0.40,-2.66,-3.22,-9.73
64,-37,0.11,0.88,-0.67,-51.62,48.56,7.15
65,-36,0.27,1.32,-1.13,-83.09,38.55,2.35
66,-40,0.24,1.06,-1.68,-120.79,3.46,-65.41
67,-41,-0.03,1.01,-1.22,-135.50,30.05,-62.87
68,-36,-0.08,0.86,-1.31,-102.55,40.19,-13.84
69,-32,0.11,0.50,-0.72,-55.30,30.13,-99.43
70,-34,0.02,0.20,-0.57,-58.19,27.35,-155.95
71,-32,-0.01,-0.02,-0.48,-62.31,11.51,-174.44
72,-31,-0.03,-0.19,-0.47,-57.71,-1.70,-158.72
73,-35,-0.05,-0.25,-0.44,-29.89,-9.93,-113.90
74,-34,-0.19,-0.14,-0.49,14.28,-7.66,-44.48
75,-34,-0.39,0.23,-1.00,54.47,-0.31,40.43
76,-34,-0.26,0.70,-2.00,133.84,5.60,82.01
77,-39,-0.14,0.77,-1.74,201.05,-100.91,172.03
78,-59,-0.16,0.73,-1.58,187.27,-22.75,154.54
79,-44,-0.15,0.94,-1.60,138.01,-1.78,75.69
80,-41,0.03,0.53,-0.31,100.30,-9.70,34.21
81,-46,0.06,0.50,-0.28,89.34,-15.01,20.95
82,-47,0.04,0.49,-0.44,19.17,-12.40,-14.53
83,-52,0.02,0.53,-0.53,-26.88,-4.99,-20.24
84,-57,0.03,0.77,-0.64,-65.57,20.47,-6.53
85,-43,0.09,1.16,-1.23,-93.10,28.50,-14.66
86,-34,0.04,0.83,-2.00,-175.08,-18.82,-108.39
87,-34,-0.12,0.62,-1.85,-208.53,-1.63,-134.73
88,-36,-0.28,0.41,-1.57,-176.42,-19.50,-78.40
89,-34,-0.17,0.35,-1.13,-133.24,-5.84,-14.21
90,-34,-0.03,0.27,-0.85,-112.15,9.52,-19.94
91,-35,0.03,0.15,-0.67,-92.29,5.40,-37.34
92,-38,0.02,0.03,-0.54,-75.44,-2.45,-48.98
93,-33,0.05,-0.04,-0.40,-66.94,-8.93,-46.40
94,-32,0.02,-0.06,-0.31,-48.66,-12.87,-37.47
95,-34,0.01,-0.07,-0.32,-34.61,-12.29,-18.88
96,-33,-0.02,-0.01,-0.49,-35.95,-1.47,0.34
97,-39,0.02,0.53,-1.54,237.50,-73.96,131.71
98,-38,-0.37,0.38,-1.53,224.58,-8.32,130.19
99,-42,-0.07,0.72,-1.79,194.87,-14.76,110.27
100,-49,-0.18,0.73,-1.58,233.82,-28.45,80.98
101,-64,-0.01,0.59,-1.65,219.66,-37.77,114.95
102,-56,0.06,0.60,-1.20,185.87,-38.85,87.49
103,-52,-0.04,0.56,-0.95,170.26,-34.10,58.38
104,-59,0.03,0.50,-0.82,134.05,-27.68,53.24
105,-52,0.08,0.48,-0.59,111.58,-28.60,30.66
106,-49,0.04,0.39,-0.53,88.22,-24.25,26.73
107,-56,0.12,0.39,-0.67,41.25,-10.61,-1.31
108,-65,0.09,0.60,-0.63,4.51,3.76,-29.58
109,-44,0.06,0.71,-1.15,-35.62,8.87,-54.67
110,-43,0.18,0.78,-2.00,-98.50,-1.47,-84.40
111,-43,-0.12,0.48,-1.94,-159.74,-34.80,-84.93
112,-42,-0.20,0.45,-2.00,-192.45,-5.39,-55.44
113,-44,-0.35,0.42,-1.98,-181.02,-11.79,8.73
114,-43,-0.13,0.31,-1.79,-208.62,22.96,17.60
115,-42,-0.03,0.26,-1.54,-218.63,26.98,-30.49
116,-40,-0.03,0.16,-1.17,-194.55,16.29,-48.78
117,-33,0.02,-0.04,-0.34,-111.14,3.15,-54.14
118,-32,0.05,-0.06,-0.32,-111.46,4.64,-54.45
119,-30,0.04,-0.05,-0.35,-110.76,11.02,-61.56
120,-31,-0.09,0.09,-0.51,-74.09,19.67,-58.11
121,-33,-0.15,0.40,-1.24,62.51,20.02,-46.70
122,-35,-0.22,0.28,-1.69,250.13,-11.42,97.68
123,-39,-0.29,0.09,-1.55,250.13,18.37,136.38
124,-46,-0.03,0.02,-1.67,242.84,23.21,18.92
125,-46,-0.08,0.20,-1.92,250.13,9.17,-28.96
126,-46,-0.10,0.18,-1.76,250.13,-0.64,34.89
127,-53,-0.11,0.15,-1.65,250.13,-2.08,71.99
128,-49,0.00,0.39,-1.15,89.21,8.14,80.56
129,-47,0.06,0.38,-0.84,54.59,6.50,58.61
130,-48,0.04,0.38,-0.57,17.23,6.60,29.04
131,-54,0.05,0.47,-0.58,-17.16,16.89,8.37
132,-60,0.12,0.69,-0.88,-41.74,18.28,-38.15
133,-52,0.07,0.77,-1.31,-67.27,-1.87,-104.51
134,-47,0.10,0.79,-2.00,-100.13,-22.87,-122.99
135,-48,-0.04,0.27,-2.00,-152.66,-78.01,-119.35
136,-42,-0.03,0.11,-1.09,-214.33,13.02,60.19
137,-40,0.10,0.10,-0.70,-179.08,20.25,22.65
138,-39,0.09,0.07,-0.52,-165.91,18.36,-13.05
139,-37,0.08,0.03,-0.40,-161.24,15.60,-41.69
140,-39,-0.11,0.19,-0.69,-128.42,25.07,-57.04
141,-39,0.14,0.43,-1.87,-34.51,15.49,-65.11
142,-38,-0.08,0.55,-1.54,126.66,-30.96,20.57
143,-40,-0.27,0.36,-1.40,160.01,0.08,39.18
144,-42,-0.13,0.23,-1.41,123.44,12.74,-52.70
145,-46,-0.18,0.30,-1.31,160.89,-2.53,-67.96
146,-46,-0.31,0.32,-1.14,229.56,-31.13,30.47
147,-58,-0.09,0.38,-0.93,223.89,-35.34,174.09
148,-50,0.11,0.45,-0.68,142.38,-37.36,76.24
149,-49,0.09,0.60,-0.94,26.18,-3.51,-39.48
150,-49,0.10,0.78,-1.20,-3.26,6.97,-81.37
151,-44,0.13,1.06,-2.00,-18.91,5.24,-100.08
152,-44,0.02,0.76,-2.00,-42.92,-14.52,-127.50
153,-43,-0.09,0.38,-1.93,-135.53,-21.39,-87.10
154,-46,-0.29,0.32,-1.52,-172.06,-4.93,-7.06
155,-49,-0.16,0.36,-1.32,-159.85,21.23,53.43
156,-44,-0.01,0.34,-1.16,-168.92,36.04,47.23
157,-43,0.01,0.33,-0.94,-172.15,40.70,13.11
158,-44,0.05,0.32,-0.97,-165.62,34.76,-15.56
159,-39,-0.02,0.12,-0.51,-128.96,9.16,-47.94
160,-39,-0.05,0.08,-0.48,-138.11,15.96,-48.24
161,-40,-0.13,0.42,-0.87,-94.85,27.21,-42.13
162,-44,-0.04,0.44,-1.39,136.93,-51.46,31.34
163,-44,-0.15,0.50,-1.37,126.89,-2.76,7.79
164,-45,-0.18,0.38,-1.19,203.18,-19.68,46.30
165,-51,-0.03,0.25,-0.90,214.90,-24.53,58.36
166,-55,-0.10,0.28,-0.92,230.22,-24.04,74.25
167,-50,-0.04,0.28,-0.97,211.92,-25.21,81.18
168,-52,0.05,0.28,-0.86,183.66,-29.92,58.82
169,-52,0.04,0.34,-0.89,99.50,-13.65,27.25
170,-54,-0.00,0.43,-0.92,51.43,1.79,-2.15
171,-58,0.05,0.56,-1.41,43.73,8.73,-28.54
172,-53,0.15,0.62,-2.00,49.93,-11.37,-73.92
173,-56,0.01,-0.08,-1.96,-109.26,-41.37,-90.02
174,-58,-0.22,0.07,-1.13,-99.47,4.37,59.29
175,-53,-0.08,0.13,-0.98,-106.92,20.95,66.79
176,-51,0.06,0.26,-0.69,-119.91,-1.71,-24.87
177,-50,-0.02,0.23,-0.63,-131.33,-3.95,-35.81
178,-47,-0.02,0.22,-0.56,-163.30,-2.50,-39.36
179,-46,-0.17,0.53,-0.75,-179.92,24.49,-5.53
180,-48,-0.12,0.84,-1.29,-108.64,15.35,-20.15
181,-46,-0.03,0.73,-1.80,-44.50,-13.81,-35.34
182,-48,-0.16,0.65,-1.60,-50.58,-15.29,-45.37
183,-54,-0.27,0.53,-1.43,-26.98,-6.76,-58.58
184,-60,-0.32,0.32,-1.06,9.29,-11.40,-18.40
185,-64,-0.20,0.27,-0.71,22.10,3.87,12.29
186,-55,-0.07,0.31,-0.38,98.33,7.44,29.87
187,-64,-0.05,0.25,-0.51,121.47,3.21,40.44
188,-54,-0.04,0.34,-0.67,122.22,-4.50,50.78
189,-54,0.04,0.37,-0.90,86.27,-8.21,32.50
190,-56,-0.00,0.42,-0.80,30.98,-1.04,23.21
191,-54,-0.14,0.71,-0.70,30.47,25.18,47.56
192,-53,0.07,0.91,-1.11,57.09,31.17,22.73
193,-53,0.13,0.86,-1.49,23.42,7.44,-29.39
194,-54,0.24,1.15,-1.43,23.32,-14.11,-63.98
195,-51,0.01,0.88,-1.58,10.56,-28.67,-99.76
196,-52,-0.17,0.68,-0.80,-44.55,-11.45,1.47
197,-50,-0.09,0.72,-0.91,-11.95,1.48,22.17
198,-48,0.01,0.65,-1.08,-32.49,6.03,7.74
199,-50,0.05,0.57,-0.91,-42.34,-5.17,-32.21
200,-45,-0.01,0.39,-0.71,-30.30,-9.00,-53.98
201,-39,-0.11,0.19,-0.77,-34.74,-3.77,-48.24
202,-40,-0.13,0.23,-0.97,-40.89,-8.18,-47.46
203,-43,-0.18,0.25,-1.17,-24.42,-9.85,-27.60
204,-44,-0.13,0.38,-1.26,71.60,-19.50,19.16
205,-45,-0.18,0.32,-1.18,114.63,-6.64,59.15
206,-47,-0.07,0.29,-1.06,73.21,25.86,28.50
207,-48,-0.09,0.29,-1.08,101.67,29.37,7.94
208,-50,-0.09,0.19,-1.24,172.81,22.58,25.39
209,-56,-0.04,0.12,-1.26,190.37,15.76,20.56
210,-63,-0.04,0.08,-1.19,182.86,15.20,-4.47
211,-71,-0.07,0.05,-1.15,170.09,17.32,-21.31
212,-69,-0.10,0.03,-1.04,116.08,15.75,-29.81
213,-64,-0.11,0.05,-0.97,92.84,14.47,-23.52
214,-59,-0.14,0.07,-0.88,71.29,14.35,-13.53
215,-62,-0.15,0.05,-0.87,45.67,12.80,-2.74
216,-65,-0.12,0.06,-0.91,-1.18,15.36,19.01
217,-68,-0.05,0.13,-1.71,-12.58,-14.96,-29.83
218,-55,0.01,0.01,-2.00,-31.23,-43.76,-64.32
219,-54,-0.05,-0.04,-1.62,-48.35,-68.11,-67.39
220,-51,-0.13,-0.06,-1.40,-77.21,-55.53,-53.34
221,-49,-0.12,0.04,-1.36,-80.35,-48.44,-26.87
222,-48,-0.02,0.09,-1.47,-62.97,-44.41,-18.73
223,-46,-0.02,-0.01,-1.14,-97.13,-50.73,-25.95
224,-43,-0.04,0.05,-1.08,-103.34,-40.63,-6.59
225,-44,0.05,0.05,-1.02,-114.66,-26.89,-9.29
226,-46,0.05,0.06,-1.03,-110.40,-19.63,-19.77
227,-46,0.03,0.09,-1.05,-92.48,-8.46,-29.66
228,-45,0.03,0.14,-1.06,-58.39,-1.42,-38.95
229,-43,0.03,0.12,-0.94,-40.58,10.27,-45.35
230,-43,0.03,0.15,-0.95,-27.77,23.28,-58.96
231,-42,0.02,0.17,-1.03,-13.84,31.02,-72.31
232,-42,-0.04,0.17,-1.04,6.80,38.68,-86.53
233,-42,-0.09,0.18,-1.02,17.46,43.24,-79.81
234,-42,-0.12,0.20,-0.99,19.86,48.98,-70.93
235,-42,-0.14,0.23,-0.98,21.15,52.33,-67.01
236,-43,-0.15,0.25,-1.04,23.78,51.98,-69.87
237,-43,-0.17,0.27,-1.11,30.37,46.53,-75.65
238,-44,-0.18,0.25,-1.09,31.29,35.81,-86.34
239,-44,-0.17,0.22,-1.14,30.10,31.01,-90.26
240,-45,-0.16,0.20,-1.15,32.11,25.24,-89.82
241,-46,-0.13,0.17,-1.14,30.77,24.28,-84.98
242,-47,-0.09,0.15,-1.09,26.67,26.37,-83.52
243,-48,-0.05,0.15,-1.10,24.47,31.15,-88.51
244,-49,0.07,0.11,-1.10,29.45,24.31,-149.34
245,-49,0.07,0.08,-1.10,34.88,16.21,-161.40
246,-49,0.09,0.04,-1.13,34.51,9.83,-163.90
247,-49,0.08,0.00,-1.15,31.57,3.84,-157.34
248,-48,0.07,-0.01,-1.19,24.82,-1.77,-144.35
249,-47,0.07,-0.03,-1.24,12.48,-7.85,-125.72
250,-47,0.09,-0.07,-1.28,-5.01,-12.11,-100.10
251,-46,0.07,-0.04,-1.15,-30.16,-4.20,-51.71
252,-45,0.09,0.01,-1.16,-30.83,-0.35,-40.60
253,-45,0.14,0.01,-1.14,-28.46,-5.55,-40.92
254,-46,0.13,-0.00,-1.11,-24.84,-11.31,-43.28
255,-46,0.10,0.01,-1.08,-16.08,-10.50,-40.71
256,-46,0.10,0.01,-1.09,-5.06,-6.99,-34.31
257,-45,0.12,0.01,-1.09,3.69,-4.83,-33.92
258,-46,0.14,0.02,-1.07,8.24,-4.67,-39.84
259,-46,0.06,-0.02,-1.12,-2.34,-11.77,-45.17
260,-46,0.03,-0.02,-1.10,-5.38,-13.29,-27.21
261,-47,0.02,-0.03,-1.11,-7.53,-10.57,-4.77
262,-47,0.03,-0.01,-1.11,-8.72,-6.12,11.82
263,-48,0.07,0.02,-1.09,-11.20,-3.04,12.53
264,-47,0.07,0.03,-1.10,-14.18,-0.21,1.71
265,-47,0.06,0.05,-1.14,-10.99,1.72,-12.47
266,-47,0.04,0.01,-1.14,-14.76,0.27,-32.44
267,-48,0.00,-0.01,-1.12,-15.79,-1.52,-29.96
268,-47,-0.01,-0.00,-1.07,-15.94,-0.55,-21.17
269,-47,-0.01,-0.00,-1.07,-13.25,0.56,-8.53
270,-47,-0.01,0.01,-1.08,-6.79,-0.73,1.12
271,-47,-0.00,0.03,-1.09,1.41,-2.44,5.70
272,-47,0.00,0.04,-1.08,6.75,-4.32,5.89
273,-47,-0.00,0.04,-1.08,10.43,-5.76,4.40
0,-42,0.06,0.15,-1.02,-35.40,-20.39,33.15
1,-47,-0.01,0.85,-1.15,164.29,-96.19,83.21
2,-49,0.00,0.66,-0.71,158.81,-91.16,103.92
3,-46,0.13,0.66,-0.46,180.79,-92.21,128.57
4,-49,0.19,0.54,-0.06,46.42,-16.22,11.77
5,-43,0.18,0.56,-0.20,13.43,8.63,-1.10
6,-42,0.20,0.69,-0.45,-11.89,29.76,-29.27
7,-56,0.22,0.97,-0.89,-61.44,41.79,-43.15
8,-37,0.18,1.23,-1.94,-208.40,83.09,-82.18
9,-34,0.25,1.44,-2.00,-237.12,87.84,-98.07
10,-34,0.03,1.18,-2.00,-250.14,79.30,-109.18
11,-35,-0.04,1.10,-2.00,-250.14,84.11,-84.08
12,-36,0.04,0.88,-1.73,-219.80,68.07,-75.36
13,-40,0.00,0.60,-1.12,-190.70,45.63,-99.24
14,-37,0.25,0.29,-0.95,-181.15,38.98,-157.42
15,-40,0.14,-0.08,-0.76,-134.12,12.22,-203.15
16,-43,0.18,-0.37,-0.49,-62.58,-7.42,-178.93
17,-46,0.24,-0.59,-0.37,-17.71,-8.51,-175.27
18,-31,-0.05,-0.19,-1.16,171.23,50.99,106.71
19,-31,-0.26,0.19,-1.90,250.13,52.16,168.71
20,-44,-0.06,0.72,-2.00,242.70,4.08,229.92
21,-44,-0.12,0.96,-2.00,249.91,-19.45,241.70
22,-44,0.09,1.16,-2.00,250.13,-52.44,250.13
23,-50,0.36,1.16,-2.00,217.09,-75.68,203.36
24,-46,0.34,0.92,-1.45,164.00,-81.01,143.45
25,-47,0.23,0.72,-0.83,138.56,-57.42,134.86
26,-46,0.22,0.66,-0.36,144.87,-46.13,129.18
27,-47,0.26,0.62,-0.03,131.69,-36.03,86.91
28,-53,0.30,0.65,0.03,79.95,-31.39,26.19
29,-53,0.26,0.55,-0.02,37.40,-21.59,-43.17
30,-56,0.15,0.55,-0.01,37.39,-4.70,-46.24
31,-38,0.29,0.75,-2.00,-237.55,51.75,-137.96
32,-34,0.20,0.94,-2.00,-236.83,51.74,-120.67
33,-35,0.28,0.77,-2.00,-248.73,48.24,-137.86
34,-36,0.30,0.77,-2.00,-250.14,46.48,-164.69
35,-44,0.25,0.67,-2.00,-201.27,39.59,-236.56
36,-39,0.31,-0.13,-1.62,-151.18,-37.33,-250.14
37,-36,0.22,-0.34,-1.11,-135.85,-50.51,-250.14
38,-36,0.30,-0.59,-0.66,-113.76,-48.63,-227.77
39,-36,0.29,-0.66,-0.30,-56.94,-57.63,-192.59
40,-39,0.20,-0.62,-0.22,-33.53,-55.92,-108.29
41,-34,0.16,-0.26,-1.00,2.36,-23.45,86.37
42,-32,0.09,0.03,-1.18,72.88,-11.00,111.91
43,-32,0.03,0.17,-1.28,140.61,11.64,142.82
44,-32,-0.01,0.26,-1.43,172.99,39.63,154.47
45,-34,-0.07,0.52,-1.76,224.21,56.69,178.63
46,-48,-0.03,0.33,-1.64,250.13,43.93,122.11
47,-51,-0.04,0.19,-1.32,250.13,45.04,137.93
48,-54,-0.07,0.13,-1.08,250.13,55.74,158.63
49,-54,0.04,0.27,-0.98,250.13,48.30,150.50
50,-50,0.10,0.53,-0.91,250.13,10.18,59.82
51,-60,0.03,0.45,-0.76,214.67,11.50,-2.14
52,-60,-0.14,0.49,-0.63,133.01,17.79,-15.34
53,-72,-0.07,0.54,-1.04,82.37,19.24,-24.40
54,-64,0.01,0.55,-1.47,40.61,-1.15,-56.08
55,-53,-0.04,0.46,-1.59,-5.03,-21.59,-77.65
56,-45,-0.11,0.29,-1.90,-73.58,-22.24,-74.54
57,-44,0.16,0.07,-2.00,-167.56,-21.47,-74.87
58,-36,0.12,-0.11,-1.37,-180.97,-54.13,-14.95
59,-38,0.28,-0.10,-1.10,-179.84,-56.76,-41.11
60,-38,0.24,-0.17,-0.76,-192.21,-61.24,-104.26
61,-39,0.16,-0.25,-0.63,-204.43,-67.79,-125.05
62,-41,0.08,-0.30,-0.82,-221.55,-75.30,-102.85
63,-40,0.08,-0.24,-1.07,-212.58,-77.62,-78.44
64,-35,0.00,-0.16,-1.24,-150.72,-79.47,-48.37
65,-33,0.05,-0.06,-1.04,-71.21,-77.24,25.57
66,-33,0.00,0.00,-0.97,-2.23,-51.51,87.90
67,-34,-0.01,0.04,-0.70,120.60,-1.42,114.36
68,-34,0.03,0.08,-0.65,164.35,7.61,117.45
69,-35,0.06,0.09,-0.61,202.33,5.03,114.47
70,-42,0.07,0.08,-0.60,225.44,-1.03,102.98
71,-41,0.10,0.06,-0.64,239.40,-7.77,84.73
72,-52,0.08,0.04,-0.79,250.13,-11.54,72.02
73,-54,0.02,0.15,-1.37,250.13,1.60,64.72
74,-52,-0.05,0.24,-1.77,250.13,22.40,20.50
75,-53,-0.10,0.26,-1.99,169.98,10.85,-34.73
76,-48,-0.28,0.36,-1.81,134.97,10.46,-26.77
77,-52,-0.30,0.35,-1.45,89.50,-8.67,-5.05
78,-45,0.02,0.21,-1.31,-41.77,-8.09,-27.56
79,-37,0.17,-0.05,-2.00,-160.15,-13.08,-86.66
80,-40,0.11,-0.19,-2.00,-181.89,-61.06,-106.52
81,-34,-0.04,-0.33,-2.00,-235.56,-68.21,-125.02
82,-34,-0.06,-0.27,-2.00,-244.05,-53.63,-93.01
83,-34,0.27,-0.22,-1.69,-233.80,-58.92,-65.24
84,-33,0.44,-0.46,-0.92,-209.02,-72.12,-149.88
85,-39,0.20,-0.62,-0.52,-164.74,-80.82,-151.47
86,-37,0.28,-0.71,-0.37,-143.96,-82.72,-99.16
87,-35,0.08,-0.75,-0.69,-131.18,-66.58,-12.63
88,-32,0.04,-0.35,-1.44,-89.73,-29.64,151.85
89,-33,0.25,0.28,-1.79,-32.90,-11.89,117.15
90,-34,0.03,0.39,-1.37,44.91,-22.44,49.39
91,-35,-0.13,0.35,-1.36,108.89,-11.05,43.58
92,-50,-0.09,0.36,-1.06,227.56,-19.48,110.66
93,-54,-0.10,0.08,-1.00,250.13,-43.03,220.63
94,-58,0.07,0.27,-0.98,250.13,-44.29,216.80
95,-57,0.08,0.42,-0.51,190.26,-28.57,83.78
96,-53,0.21,0.53,-0.80,160.50,-23.63,12.67
97,-57,0.34,0.64,-1.55,109.08,-15.35,-70.44
98,-47,0.21,0.49,-1.93,19.34,-9.47,-149.02
99,-44,0.13,0.16,-2.00,-79.28,7.78,-159.73
100,-38,0.19,-0.09,-2.00,-180.60,35.63,-191.10
101,-34,0.00,-0.23,-2.00,-195.18,-7.83,-180.59
102,-39,-0.14,-0.33,-2.00,-239.67,-16.56,-123.31
103,-34,-0.06,-0.17,-1.90,-250.14,-4.63,-88.14
104,-39,0.16,-0.56,-0.48,-250.14,-48.19,-228.34
105,-36,-0.01,-0.47,-0.60,-212.12,-60.64,-102.24
106,-35,0.19,-0.45,-0.63,-192.82,-48.01,-69.73
107,-30,0.11,0.09,-1.42,113.28,-35.50,75.40
108,-39,-0.13,0.67,-1.72,250.13,15.25,123.60
109,-40,0.01,0.53,-1.71,250.13,-7.67,122.47
110,-46,0.05,0.30,-1.46,250.13,-26.73,77.00
111,-47,-0.08,0.19,-1.36,250.13,-29.23,93.34
112,-56,-0.07,0.19,-1.19,250.13,-30.91,159.54
113,-49,0.08,0.41,-0.82,250.13,-20.83,186.32
114,-60,0.18,0.53,-0.71,217.19,-22.03,114.51
115,-57,0.18,0.47,-0.73,169.44,-30.40,22.95
116,-52,0.15,0.21,-1.60,76.19,-6.49,-40.87
117,-48,0.07,0.20,-1.62,16.53,2.11,-64.40
118,-48,0.05,0.14,-2.00,-33.18,12.87,-91.43
119,-43,0.13,-0.05,-2.00,-120.87,5.99,-123.47
120,-41,0.04,-0.17,-2.00,-196.69,2.97,-140.15
121,-37,-0.05,-0.24,-2.00,-241.30,-6.03,-124.17
122,-40,0.02,-0.27,-2.00,-250.14,-14.99,-102.54
123,-42,0.11,-0.21,-1.63,-250.14,-18.70,-111.40
124,-41,0.04,-0.22,-1.46,-250.14,-20.02,-124.33
125,-40,-0.01,-0.23,-1.53,-250.14,-21.80,-116.18
126,-32,0.03,-0.25,-1.66,-250.14,-30.69,-102.31
127,-41,-0.31,0.52,-0.62,-93.65,-89.49,-63.20
128,-43,-0.23,0.66,-0.45,-0.06,-90.05,-23.08
129,-47,-0.19,0.56,-0.44,63.19,-88.23,-1.85
130,-41,-0.09,0.41,-0.37,86.75,-75.89,15.62
131,-46,0.01,0.13,-0.06,99.65,6.35,33.75
132,-40,-0.00,0.25,-0.38,70.36,18.72,76.38
133,-39,0.09,0.39,-0.39,77.21,21.93,71.44
134,-36,0.12,0.52,-0.59,125.05,19.72,70.74
135,-38,0.05,0.37,-1.51,250.13,-6.87,81.60
136,-43,0.16,0.29,-1.65,250.13,-10.58,93.40
137,-53,0.14,0.12,-1.88,250.13,-11.28,62.35
138,-50,0.06,0.02,-1.99,250.13,4.73,49.23
139,-47,0.07,0.08,-1.89,250.13,16.95,11.46
140,-49,0.01,0.07,-1.66,250.13,13.54,-44.05
141,-55,0.03,-0.01,-1.40,196.14,10.04,-70.37
142,-60,-0.04,-0.00,-1.24,117.89,33.80,-82.18
143,-67,-0.11,0.03,-1.34,79.25,43.01,-78.17
144,-66,-0.15,0.04,-1.38,59.40,33.05,-54.74
145,-56,-0.16,0.03,-1.52,34.36,28.20,-31.53
146,-53,-0.18,0.02,-1.07,-0.89,-40.65,29.92
147,-45,-0.12,-0.06,-0.84,-71.35,-58.17,7.79
148,-39,-0.10,-0.07,-1.22,-129.22,-57.15,-29.43
149,-40,-0.08,-0.06,-1.36,-119.07,-74.98,-29.15
150,-41,-0.12,-0.09,-1.30,-133.79,-86.57,-21.20
151,-42,-0.15,-0.10,-1.22,-163.82,-81.96,-13.05
152,-40,-0.15,-0.08,-1.19,-171.38,-74.66,-0.12
153,-40,-0.06,0.00,-1.15,-167.72,-52.94,19.87
154,-38,-0.04,0.10,-0.89,-98.69,-25.47,-16.73
155,-36,-0.05,0.10,-0.80,-78.57,-12.92,-35.92
156,-35,-0.08,0.09,-0.88,-18.23,10.79,-43.80
157,-42,-0.16,0.02,-1.63,152.00,62.31,84.95
158,-40,-0.16,0.02,-1.58,185.50,65.46,117.02
159,-40,-0.01,-0.05,-1.53,174.22,51.92,128.31
160,-41,0.05,-0.08,-1.37,141.61,34.40,120.56
161,-42,-0.00,-0.04,-1.15,108.60,31.85,116.48
162,-45,-0.03,0.03,-1.08,84.57,29.65,114.98
163,-47,0.05,0.08,-1.04,50.61,5.49,113.21
164,-48,0.07,0.11,-1.03,34.97,-19.27,89.67
165,-49,0.02,0.08,-1.05,34.53,-29.28,91.34
166,-50,0.01,0.04,-1.11,30.17,-34.95,114.93
167,-50,0.10,-0.00,-1.20,24.50,-40.39,177.86
168,-48,0.15,-0.00,-1.21,12.65,-37.23,196.98
169,-48,0.19,-0.01,-1.21,-1.20,-32.21,201.40
170,-48,0.21,0.02,-1.17,-11.37,-26.69,191.47
171,-46,0.21,0.04,-1.16,-20.04,-23.53,171.02
172,-44,0.14,0.06,-1.07,-26.55,-27.75,129.12
173,-44,0.08,0.05,-1.18,-26.47,-26.31,117.21
174,-45,0.03,0.03,-1.29,-19.74,-27.88,111.07
175,-45,-0.04,0.06,-0.87,-15.24,-20.77,113.91
176,-45,-0.04,0.09,-0.70,-7.31,-1.78,106.50
177,-43,-0.07,0.12,-0.77,14.75,6.89,92.52
178,-44,-0.03,0.10,-0.98,59.88,8.27,76.73
179,-58,0.01,0.10,-1.24,-26.87,3.11,80.69
180,-48,0.03,0.03,-1.26,-47.98,-6.11,49.63
181,-46,0.03,0.01,-1.28,-59.81,-7.63,44.15
182,-46,0.05,0.04,-1.14,-68.80,-6.70,25.33
183,-46,0.05,0.05,-1.04,-67.03,-7.27,11.01
184,-46,0.04,0.03,-1.02,-66.52,-9.43,0.44
185,-46,0.04,0.01,-1.04,-62.05,-12.35,-0.45
186,-46,0.02,0.02,-1.09,-44.50,-18.73,6.15
187,-47,-0.00,-0.00,-1.04,-32.50,-20.54,23.10
188,-47,-0.00,0.00,-1.03,-24.12,-13.09,35.83
189,-47,-0.01,0.04,-0.98,-9.86,-5.63,41.05
190,-47,0.02,0.06,-0.96,-3.06,4.40,31.84
191,-48,0.04,0.09,-1.01,5.59,11.01,6.90
192,-50,0.00,0.09,-1.01,40.66,8.18,-44.91
193,-54,-0.08,0.02,-1.10,48.45,-0.28,-51.99
194,-52,-0.12,-0.01,-1.20,48.10,-5.48,-32.18
195,-56,-0.12,-0.03,-1.22,43.27,-9.69,-4.62
196,-56,-0.11,-0.04,-1.22,31.53,-10.56,22.92
197,-55,-0.09,-0.04,-1.20,12.83,-8.34,45.37
198,-54,-0.07,0.02,-1.13,4.36,-5.08,53.14
199,-53,-0.03,0.07,-1.12,4.74,-4.25,45.29
200,-52,-0.01,0.09,-1.12,6.96,-10.01,26.50
201,-52,0.01,0.08,-1.09,7.23,-16.93,5.54
202,-53,-0.01,0.06,-1.06,5.53,-19.11,-8.21
203,-52,-0.00,0.03,-1.15,-4.01,-9.61,-2.44
204,-52,-0.02,0.03,-1.11,-10.11,-6.74,-6.13
205,-53,-0.02,0.03,-1.11,-17.66,-3.06,-6.85
206,-55,-0.04,0.03,-1.09,-17.22,-3.77,-7.93
207,-56,-0.03,0.02,-1.09,-17.57,-3.67,-6.04
208,-59,-0.04,0.02,-1.10,-15.35,-3.27,-5.29
209,-64,-0.05,0.02,-1.09,-13.06,-2.37,-3.80
210,-70,-0.04,0.03,-1.10,-12.26,-0.75,-4.36
211,-65,-0.05,0.03,-1.10,-8.44,-0.74,-6.61
0,-52,0.00,-0.05,-1.13,-4.38,-8.02,1.65
1,-33,0.01,0.00,-0.66,216.75,118.44,-21.37
2,-34,0.02,-0.10,-1.20,250.13,148.24,-47.98
3,-41,-0.07,-0.10,-1.58,250.13,149.39,21.44
4,-44,0.05,-0.14,-1.67,250.13,135.95,77.33
5,-47,-0.05,-0.22,-1.80,250.13,119.51,91.62
6,-54,-0.14,-0.28,-1.71,250.13,113.42,142.37
7,-55,-0.09,-0.23,-1.41,250.13,106.93,209.21
8,-50,0.05,-0.14,-1.11,210.79,94.56,230.28
9,-50,0.03,0.00,-1.41,179.62,91.15,188.50
10,-56,0.25,0.07,-2.00,151.62,41.87,115.08
11,-64,-0.16,0.17,-1.62,-28.38,4.48,-27.34
12,-50,-0.16,0.15,-1.37,-55.79,20.29,1.11
13,-52,0.10,0.23,-1.26,-99.48,19.66,-22.02
14,-58,0.09,0.10,-1.15,-142.05,-3.55,-106.54
15,-41,0.08,0.06,-1.01,-168.91,-17.64,-135.39
16,-40,0.02,-0.00,-0.87,-183.44,-33.49,-153.26
17,-37,-0.03,-0.05,-0.78,-195.93,-46.60,-149.69
18,-36,-0.09,-0.08,-0.77,-217.73,-56.11,-124.09
19,-34,0.02,-0.12,-0.89,-250.14,-49.34,-93.22
20,-32,0.17,-0.20,-2.00,-206.76,-46.11,-157.76
21,-33,0.06,-0.23,-2.00,-98.89,-69.93,-109.48
22,-34,0.01,-0.26,-1.94,-21.05,-44.65,-27.51
23,-35,0.14,-0.37,-1.64,-7.31,-27.16,-23.37
24,-41,0.06,-0.34,-1.24,20.52,-13.56,-2.52
25,-42,-0.11,-0.15,-0.92,92.27,8.10,90.10
26,-42,-0.09,-0.04,-0.77,159.44,30.27,177.17
27,-47,-0.02,0.01,-0.74,190.48,37.98,216.32
28,-51,0.13,0.11,-0.75,193.03,28.86,204.14
29,-47,0.17,0.23,-0.82,185.12,8.89,151.79
30,-46,0.13,0.31,-0.89,160.69,-3.30,118.00
31,-43,0.01,0.75,-1.07,42.97,29.36,82.31
32,-43,0.25,0.98,-1.43,23.05,29.29,53.85
33,-46,0.60,1.22,-2.00,-17.05,9.96,-24.00
34,-43,0.36,1.01,-1.94,-85.17,-7.24,-97.76
35,-40,0.13,0.86,-2.00,-143.51,-1.79,-106.48
36,-41,0.09,0.74,-2.00,-172.30,5.44,-56.47
37,-40,0.19,0.54,-1.88,-188.43,7.43,-34.36
38,-36,0.14,0.35,-1.40,-203.59,25.13,-40.66
39,-38,0.12,0.21,-1.14,-206.11,40.11,-64.03
40,-38,0.15,0.06,-1.04,-196.92,42.29,-81.54
41,-35,0.16,-0.05,-0.98,-179.52,35.05,-87.51
42,-36,0.03,0.17,-0.85,-76.15,-2.79,-44.59
43,-37,-0.14,0.31,-0.93,-5.34,-14.38,-26.90
44,-37,-0.25,0.49,-0.96,26.82,-10.07,17.02
45,-38,-0.25,0.84,-0.90,69.85,-8.21,48.09
46,-44,-0.13,0.97,-0.83,124.85,-17.75,93.98
47,-38,-0.05,0.96,-0.65,117.25,-22.96,80.01
48,-53,0.01,0.87,-0.52,112.83,-28.17,65.35
49,-42,0.07,0.58,-0.26,79.18,-34.57,44.75
50,-36,0.08,0.47,-0.07,59.30,-42.13,14.17
51,-47,0.05,0.41,0.00,44.50,-44.47,5.47
52,-45,0.09,0.50,-0.27,-10.87,-19.12,4.60
53,-36,0.07,0.88,-0.32,-32.69,15.60,26.29
54,-37,0.18,1.17,-0.74,-55.44,29.95,19.17
55,-39,0.66,2.00,-1.77,-46.93,15.34,17.55
56,-43,0.54,1.47,-2.00,-88.60,18.07,-131.76
57,-39,0.08,0.43,-0.68,-52.79,34.08,-43.95
58,-41,0.07,0.17,-0.48,-79.86,30.73,-93.96
59,-37,0.06,0.01,-0.31,-112.41,26.40,-134.92
60,-35,-0.06,-0.01,-0.27,-115.50,19.53,-143.20
61,-40,-0.12,0.11,-0.44,-80.44,22.83,-113.02
62,-36,-0.22,0.33,-0.76,-21.82,15.51,-96.88
63,-35,-0.37,0.60,-1.40,80.02,6.08,-77.69
64,-35,-0.09,0.83,-1.71,226.54,-41.96,70.03
65,-38,-0.39,0.77,-1.66,230.56,-30.83,90.62
66,-45,-0.06,0.55,-0.45,128.75,-12.97,83.69
67,-44,0.05,0.51,-0.19,82.15,-9.89,38.19
68,-40,-0.01,0.51,-0.26,44.00,-10.12,26.90
69,-41,-0.02,0.70,-0.47,30.24,-0.24,24.70
70,-41,0.07,0.87,-0.69,-4.96,2.64,8.75
71,-45,0.10,1.13,-1.00,-58.67,12.05,-31.11
72,-42,0.22,1.53,-2.00,-67.58,35.02,-65.54
73,-43,-0.01,1.00,-2.00,-129.83,18.24,-112.24
74,-40,-0.25,0.86,-1.73,-157.63,11.71,-104.35
75,-39,-0.26,0.54,-1.47,-151.16,6.62,-62.97
76,-36,-0.19,0.39,-0.97,-150.11,-0.35,-3.08
77,-37,-0.02,0.35,-0.54,-133.29,-0.02,-1.67
78,-36,-0.03,-0.02,-0.31,-137.95,-31.31,-66.44
79,-33,-0.30,0.44,-0.67,-73.66,-9.60,-28.68
80,-32,-0.23,0.63,-1.47,25.12,-3.46,-37.25
81,-38,-0.23,0.75,-1.49,163.24,-46.37,79.88
82,-37,-0.27,0.47,-1.28,176.89,-8.11,53.32
83,-39,-0.33,0.40,-1.10,132.47,36.62,-15.73
84,-43,-0.36,0.48,-1.00,180.47,11.18,13.92
85,-52,-0.32,0.46,-0.90,248.44,-6.05,93.15
86,-49,-0.03,0.47,-1.06,240.51,-11.26,117.50
87,-50,-0.07,0.43,-0.90,205.32,-21.67,73.71
88,-50,-0.16,0.46,-0.90,180.69,-23.81,79.13
89,-43,0.03,0.60,-0.85,37.89,-16.09,56.77
90,-50,-0.06,0.81,-1.36,-11.99,13.83,-34.27
91,-47,-0.08,0.75,-1.76,-79.41,10.95,-101.24
92,-43,-0.27,0.43,-1.45,-137.34,0.66,-88.10
93,-47,-0.32,0.44,-0.93,-117.44,1.11,10.34
94,-37,-0.12,0.27,-0.78,-160.24,-6.77,-47.97
95,-38,-0.20,0.64,-0.91,-154.55,2.92,-43.49
96,-38,-0.15,0.52,-1.26,-39.50,-60.89,-53.46
97,-43,-0.18,0.33,-0.93,-21.21,-23.86,-57.18
98,-40,-0.32,0.13,-0.84,67.08,20.85,-59.32
99,-45,-0.25,0.14,-0.71,132.76,44.76,15.27
100,-50,0.09,0.52,-2.00,135.87,11.27,-7.48
101,-47,-0.08,0.53,-2.00,72.08,-43.47,-11.01
102,-50,-0.22,0.41,-1.87,8.51,-32.63,38.77
103,-50,-0.14,0.48,-1.37,-57.63,-27.22,108.18
104,-46,0.00,0.53,-1.14,-92.43,-17.14,89.71
105,-44,0.12,0.53,-1.04,-115.10,-12.36,27.92
106,-41,0.07,0.31,-0.78,-156.45,-23.34,-52.81
107,-43,-0.09,0.16,-0.74,-193.87,-24.22,-36.05
108,-40,-0.22,0.32,-0.86,-214.30,-10.40,-9.69
109,-37,-0.16,0.49,-1.23,-200.75,-2.18,-11.87
110,-38,-0.23,0.42,-1.31,-177.31,-23.68,-0.77
111,-40,-0.14,0.54,-1.07,-78.81,-4.31,-31.60
112,-45,-0.16,0.48,-0.85,-8.95,-23.36,-46.56
113,-44,-0.17,0.33,-0.59,45.80,-14.89,-22.21
114,-46,-0.09,0.24,-0.35,88.66,9.02,-15.02
115,-49,0.01,0.02,-0.58,198.10,38.26,56.38
116,-52,-0.03,0.17,-0.90,199.94,52.18,75.11
117,-58,0.09,0.41,-1.71,206.45,60.18,73.62
118,-61,0.14,0.36,-2.00,196.47,23.64,16.09
119,-58,0.17,0.52,-2.00,173.41,-0.53,5.63
120,-57,0.04,0.45,-2.00,162.53,-23.29,-24.29
121,-58,-0.17,0.27,-1.77,111.96,-22.08,-21.72
122,-60,-0.12,0.28,-1.06,51.69,2.49,38.08
123,-61,-0.00,0.31,-0.91,29.40,-2.68,23.25
124,-58,0.06,0.30,-0.80,10.63,-11.44,-11.06
125,-53,-0.05,0.14,-0.37,-84.02,-38.95,-38.78
126,-51,-0.15,0.25,-0.70,-121.89,-15.15,-7.87
127,-49,0.04,0.48,-1.99,-125.11,-12.73,13.63
128,-49,-0.13,0.48,-2.00,-118.79,-32.61,-34.22
129,-51,-0.03,0.33,-2.00,-167.44,-49.38,-45.81
130,-45,-0.13,0.14,-2.00,-250.14,-31.75,-47.20
131,-46,-0.27,0.18,-1.64,-250.14,-27.00,-27.27
132,-46,-0.12,0.23,-0.72,-206.29,-5.48,4.27
133,-45,-0.04,0.29,-0.49,-162.62,-0.08,8.34
134,-43,-0.01,0.24,-0.41,-131.20,1.99,0.23
135,-41,0.00,0.15,-0.35,-121.59,-0.46,-9.79
136,-42,0.05,0.43,-1.15,198.95,8.80,-18.22
137,-43,-0.06,0.32,-1.01,220.80,5.18,-31.24
138,-43,-0.08,0.18,-1.09,250.13,-1.74,-30.45
139,-46,-0.24,0.03,-1.11,250.13,-5.88,6.47
140,-56,-0.06,-0.05,-0.89,244.24,-21.64,62.05
141,-64,-0.05,-0.05,-1.25,193.43,-3.81,115.86
142,-59,0.00,-0.02,-2.00,220.95,5.94,82.47
143,-61,-0.07,-0.03,-2.00,157.16,2.21,89.18
144,-61,0.03,-0.03,-1.61,90.55,13.31,31.38
145,-57,-0.22,-0.05,-1.26,48.79,23.67,12.56
146,-61,-0.20,0.06,-1.07,22.83,30.22,41.38
147,-61,-0.08,0.19,-0.95,28.37,24.97,45.59
148,-59,-0.08,0.19,-0.90,33.48,23.53,44.44
149,-57,-0.02,0.23,-0.81,28.04,18.33,37.33
150,-54,0.08,0.27,-2.00,-52.73,18.93,-116.47
151,-63,0.01,0.11,-2.00,-47.40,-50.43,-144.64
152,-49,0.09,-0.23,-2.00,-112.05,-47.68,-137.05
153,-49,-0.10,-0.36,-2.00,-172.12,-81.69,-93.06
154,-47,-0.18,-0.31,-1.77,-209.70,-66.34,-48.59
155,-45,-0.16,-0.20,-1.78,-230.44,-50.25,-23.55
156,-46,-0.05,-0.06,-1.54,-213.37,-43.31,-8.82
157,-40,0.07,-0.01,-0.73,-164.59,-55.47,-21.25
158,-39,0.08,-0.01,-0.46,-161.47,-59.64,-42.88
159,-40,0.06,-0.06,-0.31,-178.20,-62.72,-60.18
160,-41,0.04,-0.09,-0.30,-197.58,-61.72,-63.10
161,-41,-0.03,0.01,-0.39,-188.52,-50.35,-52.85
162,-40,-0.18,0.26,-0.46,-131.27,-36.15,-35.18
163,-43,-0.20,0.53,-0.75,117.29,23.85,52.15
164,-43,-0.04,0.18,-0.91,166.60,33.17,-11.02
165,-42,-0.10,0.16,-0.72,177.98,41.73,-4.27
166,-42,-0.13,0.13,-0.63,177.02,54.33,-6.34
167,-45,-0.21,0.20,-0.68,161.97,52.21,7.89
168,-45,-0.11,0.49,-1.34,161.16,76.90,39.21
169,-46,0.03,0.63,-2.00,176.89,62.11,21.09
170,-50,-0.10,0.60,-2.00,167.38,31.11,8.44
171,-51,-0.15,0.47,-2.00,136.43,21.02,12.04
172,-52,-0.18,0.34,-1.74,97.49,28.67,52.92
173,-54,-0.11,0.35,-1.46,73.65,35.03,82.81
174,-56,-0.07,0.37,-1.29,67.96,35.56,76.89
175,-61,-0.11,0.23,-0.82,14.10,2.67,-4.47
176,-61,-0.15,0.20,-1.04,25.35,-11.88,-6.83
177,-64,-0.21,0.12,-1.00,44.67,-42.07,18.56
178,-59,-0.23,-0.01,-1.39,25.15,-47.03,67.89
179,-56,-0.23,-0.05,-1.33,1.11,-46.68,119.80
180,-49,-0.14,0.07,-1.31,-53.68,-33.62,156.65
181,-48,-0.00,0.10,-1.11,-99.09,-12.26,124.44
182,-46,0.06,0.25,-1.27,-172.22,12.21,-17.23
183,-44,0.05,0.32,-1.42,-164.58,0.83,-73.96
184,-41,-0.05,0.36,-1.29,-134.75,-4.75,-109.27
185,-40,-0.08,0.32,-1.19,-129.76,1.77,-115.70
186,-38,-0.11,0.35,-1.06,-132.11,8.44,-116.97
187,-36,-0.19,0.43,-0.86,-128.92,28.85,-99.07
188,-35,-0.19,0.50,-0.79,-123.03,36.58,-94.60
189,-35,-0.19,0.53,-0.73,-111.49,40.10,-100.37
190,-33,-0.23,0.56,-0.64,-91.00,57.66,-97.33
191,-32,-0.23,0.54,-0.64,-80.89,69.31,-94.89
192,-31,-0.23,0.61,-0.70,-71.94,82.93,-96.91
193,-31,-0.26,0.66,-0.66,-75.00,91.21,-88.34
194,-31,-0.27,0.66,-0.63,-76.47,96.08,-93.66
195,-31,-0.30,0.66,-0.66,-70.65,93.63,-96.06
196,-31,-0.27,0.66,-0.68,-64.52,88.48,-92.57
197,-32,-0.27,0.62,-0.61,-62.00,92.26,-92.34
198,-32,-0.31,0.55,-0.60,-53.54,95.61,-87.05
199,-34,-0.33,0.52,-0.61,-50.27,94.41,-69.14
200,-35,-0.32,0.55,-0.56,-43.36,97.24,-56.14
201,-34,-0.31,0.62,-0.66,-33.45,100.27,-48.80
202,-34,-0.29,0.72,-0.79,-23.13,99.93,-40.76
203,-34,-0.28,0.76,-0.87,-11.31,96.05,-38.46
204,-35,-0.21,0.70,-0.84,14.64,49.68,-17.28
205,-33,-0.19,0.71,-0.95,11.67,26.56,-34.14
206,-32,-0.20,0.68,-0.89,4.47,19.94,-40.42
207,-31,-0.24,0.62,-0.83,8.83,5.95,-9.26
208,-31,-0.23,0.60,-0.87,4.03,6.24,-15.66
209,-30,-0.23,0.59,-0.84,1.74,5.98,-17.34
210,-31,-0.29,0.56,-0.85,3.27,5.79,-19.87
211,-34,-0.27,0.54,-0.84,3.86,2.50,-18.18
212,-35,-0.27,0.53,-0.82,5.11,0.40,-18.82
213,-35,-0.28,0.51,-0.82,5.44,0.11,-15.16
214,-34,-0.29,0.53,-0.81,10.05,1.40,-8.88
215,-33,-0.28,0.54,-0.84,14.47,4.52,-7.18
216,-33,-0.28,0.56,-0.87,11.53,6.06,-8.97
217,-34,-0.26,0.51,-0.90,2.88,5.86,-24.82
218,-34,-0.29,0.49,-0.85,3.53,6.39,-17.40
219,-34,-0.28,0.49,-0.87,7.06,7.34,-10.16
220,-34,-0.26,0.49,-0.89,5.51,6.23,-5.82
221,-34,-0.23,0.50,-0.88,5.37,5.15,-8.47
222,-35,-0.24,0.50,-0.91,4.31,2.31,-13.16
223,-35,-0.27,0.48,-0.93,1.18,-0.05,-11.01
224,-35,-0.28,0.47,-0.90,5.96,-3.85,-2.79
225,-35,-0.27,0.46,-0.91,9.85,-6.47,7.27
226,-34,-0.25,0.48,-0.89,8.63,-6.23,12.30
227,-34,-0.25,0.51,-0.91,10.15,-5.83,7.99
228,-34,-0.24,0.52,-0.93,6.74,-5.83,2.24
229,-34,-0.27,0.49,-0.91,3.47,-7.20,-2.80
230,-35,-0.29,0.48,-0.88,5.42,-7.73,4.89
231,-34,-0.27,0.49,-0.88,5.01,-6.33,6.99
232,-34,-0.26,0.50,-0.88,1.42,-5.25,3.52
233,-34,-0.25,0.52,-0.88,0.66,-5.78,-1.36
234,-34,-0.27,0.51,-0.91,0.78,-6.64,-3.95
235,-34,-0.28,0.50,-0.92,0.62,-8.91,-2.94
236,-35,-0.28,0.49,-0.92,-0.95,-10.76,0.47
237,-35,-0.28,0.49,-0.90,-1.63,-12.30,5.15
238,-34,-0.28,0.47,-0.89,-2.05,-12.76,7.99
239,-34,-0.27,0.50,-0.88,1.02,-12.85,8.02
240,-34,-0.26,0.49,-0.91,1.56,-12.88,-0.00
241,-34,-0.28,0.51,-0.89,4.02,-13.24,8.06
242,-34,-0.29,0.50,-0.88,3.17,-13.89,4.47
243,-34,-0.30,0.50,-0.87,6.76,-13.60,4.43
244,-34,-0.30,0.50,-0.84,5.79,-10.59,5.24
